mode	iteration	batch_id	guide_count	exit_failures	total_paf_records	total_wall_seconds	total_user_seconds	total_system_seconds	max_peak_rss_kib	combined_stdout_sha256	combined_stderr_sha256
baseline	measured_1	batch_001	25	0	771	1012.908158	1005.476432	2.599620	127212	376fbf73d131745d1123b5e2102302dd4dfaf87ead0ca533586a2677d1f92f45	235dee2388015a7152cf351ea50306d140597077738af635e0126b026d03b220
baseline	measured_1	batch_002	25	0	409	962.429037	951.023290	2.067939	127264	801c23c3dd64021e0f98d5f314b85b9cf53a1d68bd87056f8209002a2f596795	235dee2388015a7152cf351ea50306d140597077738af635e0126b026d03b220
baseline	measured_1	batch_003	25	0	714	980.611318	976.281057	2.583727	126024	0c521129aafcb024f1f82399cf0386eb92d7a657ad702e5b67aed16756ef534c	235dee2388015a7152cf351ea50306d140597077738af635e0126b026d03b220
baseline	measured_1	batch_004	25	0	250	1020.983434	1009.785817	2.287395	126928	f655cb05f367e62daeb41e0fff7e61f5c6f25210f89a17eccaea8f5199ed6101	235dee2388015a7152cf351ea50306d140597077738af635e0126b026d03b220
baseline	measured_1	batch_005	25	0	925	1002.736336	999.718357	1.763836	127516	1af1de663d2d1f5fd17da743413407c079dbca23ddc4de21f29c30d352b3a86f	235dee2388015a7152cf351ea50306d140597077738af635e0126b026d03b220
baseline	measured_1	batch_006	25	0	10393	991.703280	986.351121	2.707514	127536	d9edfc07aa5e0fba6e1f2b89868959b2b555639f3fc496868c098803bcf40f4c	235dee2388015a7152cf351ea50306d140597077738af635e0126b026d03b220
baseline	measured_1	batch_007	25	0	2154	963.950485	958.395074	2.671672	127004	47b9d6d18e45cb1e5f4a1c5480f5de39dba28555f4ab77394acdcd604d93b6eb	235dee2388015a7152cf351ea50306d140597077738af635e0126b026d03b220
baseline	measured_1	batch_008	25	0	146	1030.975204	1026.893005	1.683757	127580	bc290d31842ab09c9d92c12e07da5d2c56de25b59ad2d3cfe33d76a83de10f9c	235dee2388015a7152cf351ea50306d140597077738af635e0126b026d03b220
baseline	measured_1	batch_009	25	0	57	955.712894	946.120760	2.807728	127060	84f42d5e1e9ad388a274ffe619b2bb8c0175f2fa1eaa5cedd2c581b8ee8c7a9e	235dee2388015a7152cf351ea50306d140597077738af635e0126b026d03b220
baseline	measured_1	batch_010	25	0	115	988.877798	984.349719	3.315827	126980	aa52acc44d2b95308931d183b49a7067d73222a6af964941427a9b7295f39691	235dee2388015a7152cf351ea50306d140597077738af635e0126b026d03b220
baseline	measured_1	batch_011	25	0	978	1060.843293	1054.765211	3.087062	127184	f32f99e1267f858bff9979a7f63a98dae382838b7031e1aea35c1d0953290720	235dee2388015a7152cf351ea50306d140597077738af635e0126b026d03b220
baseline	measured_1	batch_012	25	0	190	1003.527488	995.257870	2.719520	127464	19e9e3708707107012ad584d6f01e3019e7e0be86f76b3c519a69b22e62a2d18	235dee2388015a7152cf351ea50306d140597077738af635e0126b026d03b220
baseline	measured_1	batch_013	25	0	71	973.359834	968.503212	1.911833	127608	861e975084fb84d5fe8a01926ae140301358780cb57aa6154770bf221fea1d84	235dee2388015a7152cf351ea50306d140597077738af635e0126b026d03b220
baseline	measured_1	batch_014	25	0	92	1001.905206	997.151303	3.403416	127088	9c93e3dfba21d8eb1a6748d13681d9f48bbd6c7762053980e90079d6f2505ee6	235dee2388015a7152cf351ea50306d140597077738af635e0126b026d03b220
baseline	measured_1	batch_015	25	0	201	989.557419	985.120384	2.103718	125724	4379bc90567aa143719a7fd301f5f40121927ad9cca61722917c9b63cad264c2	235dee2388015a7152cf351ea50306d140597077738af635e0126b026d03b220
baseline	measured_1	batch_016	25	0	58	991.890529	985.916425	3.355929	125952	1718b838054dccb81cd730c59611726f8daafde9c7ce0ac8e7eb47906794c826	235dee2388015a7152cf351ea50306d140597077738af635e0126b026d03b220
baseline	measured_1	batch_017	25	0	77	1037.325204	1032.662682	3.003741	125808	78aec3e987685b7b6cae45b16d2e979f16390f0f2fa489b9fe84a32b75ae17d9	235dee2388015a7152cf351ea50306d140597077738af635e0126b026d03b220
baseline	measured_1	batch_018	25	0	33	989.279409	982.495597	2.207786	127164	44fd8920c86922fec843e72e27fcb8cce8efb91ecf88792d5269f07d6066d619	235dee2388015a7152cf351ea50306d140597077738af635e0126b026d03b220
baseline	measured_1	batch_019	25	0	32	1001.850878	998.013181	2.259950	126724	26cc3dbe3c1abeb92db0b5bd3dd614d8c7d79707719a4d658850e55c15edba75	235dee2388015a7152cf351ea50306d140597077738af635e0126b026d03b220
baseline	measured_1	batch_020	25	0	53	958.025756	953.700553	1.599866	125760	e5aa0f631206dcea5def5931d96d58dc874bda1a5b9b411cb69ef6c171af81d8	235dee2388015a7152cf351ea50306d140597077738af635e0126b026d03b220
columba	measured_1	batch_001	25	0	1806	48.158692	20.268698	6.120414	291436	749828529657c248ac76d7e78a21c515e1797c70ef74e1d7ef91477b8574b2ab	0ebc4b131fb538b1bddf9e1e7b6d27577e1a25c97dab8f4cfc9dc39d33e39993
columba	measured_1	batch_002	25	0	5520	57.814911	30.319793	7.996158	295612	19cde3fb0598b59530c950ccb0cbea69a75f304d99b831cc772c0a8a45f3b27e	9717f2ae370c8cf214d128ae94ba2fbdba7de1457a8202c7b276a2b02d6051c9
columba	measured_1	batch_003	25	0	3107	58.852547	27.724470	7.783772	298960	9187011607912016ac38c0dc339aedbf3f89998a4f47f1e6e2f4bc6903c4973c	4824aa724b494cb0cd8176b6d79c2ca9b815cf9f334ec377075974645e1253d2
columba	measured_1	batch_004	25	0	850	34.760594	20.499503	6.023830	291276	26c6571efb7c500fa41b4f4a38a4698751d6a5e1584ddf50ea06277d9f5d128f	b13e29b16353e8133299a97f4cfe665bc1d3e6fff8238fc09b455c0bace38d84
columba	measured_1	batch_005	25	0	7229	55.011421	29.411362	8.220643	308272	f383603172654c08969e31490e92823ad609765bcc5d342fab20fda14c863099	8227e000dda41f389a12788b7383dde9afcf0b7b51f694f07ce5c95da68104e7
columba	measured_1	batch_006	25	0	27359	64.813440	38.362538	8.685193	293108	7368b065db53658be194bbc8a939e55cccc0ff49830eb923d0a2889a1ba9fdfb	62cec9e4a94b7973ef87b46a80d0c52009369c3c32914455bd3210d5eb509536
columba	measured_1	batch_007	25	0	2297	35.786909	21.104503	5.593653	292592	4576dbef21e951d70b479cab35f6459f217aedb507380a741c30bf5b93ccbc7a	c6435eded875cb8146d47c1bf66018f90fd8ecbb6b417392b07a327ad8ffbf0d
columba	measured_1	batch_008	25	0	292	27.384278	18.342106	5.220560	292660	34b1e48512d477bc68ed4a75c4a735aed48cc462ebf4c05da455e8d9a6b328e8	9ce65acdbbe36f0950ed172769b7305f95241c576214bfa78e7f5f66f64146a0
columba	measured_1	batch_009	25	0	608	26.383512	16.847336	4.704666	292664	275977562e51d12eed644b4c04171f742752fe75c25170c1cd5748eb2106f3ea	2b6df33bf19cbfdfe400e06ace86305d28a4690e8437266eb9c282fc6d3069a7
columba	measured_1	batch_010	25	0	213	25.941452	17.001477	4.588884	291112	87358cad68447fdddd2678b2009212eeb8ee504eafdd606b651bb4e9c18a7252	f08c7ff0c2b8e9a6ef54df6845148f2e2671bc725a1f41e54059857c51c9b0af
columba	measured_1	batch_011	25	0	1504	28.410945	18.387602	5.767931	290956	3da146b9f9fad6f8fdb7beed1c979147365020fecbe1d864187e5742b8185643	d508ada004e47eec88ac699f503b20f2e1b448ebb09c63b5158b7b58838ff2e9
columba	measured_1	batch_012	25	0	773	26.042941	18.499839	4.705674	291096	99270c67dc7fb73cc33beec84b9ef78015374a246e9cbd0d82411b906f918fd2	c1b6a18c5720c840fa60c3c31d8024aca90e085c0138a352a577f7f28268bff2
columba	measured_1	batch_013	25	0	466	29.552489	18.186287	5.624907	291080	b768497dbf6c18d3d48070b140aabb32435695556af6879add3bd1f87ee8f251	e0a7c7b5832600df4c587f66ff4630c1b073c33907ac5ce0d0791193df26f2d8
columba	measured_1	batch_014	25	0	260	24.612237	15.982685	4.805729	290720	5484b189f0c3329e16431ccaf5f8bfd5c92971ffd328f8e2b92c37fb36423cd2	2e1123aff92c4d6220618c3c8f9529785d507913bbe089012875661b6ea77e80
columba	measured_1	batch_015	25	0	1665	23.917940	17.071806	4.613680	290932	e9f9f305ce8af646a015082462336d414efa58cd6ce88bd24792835e5751c990	589effb92d0385a463219eb92af5d0ed03e61294015a8a6e35fefd95bb002f86
columba	measured_1	batch_016	25	0	209	26.523127	16.266387	4.394261	291948	0676bef0f5b3a4b8f7dff0df1eace1dcdb14cbc4a63cfb6a993ebbbbaa79b172	43f455bc71f5f3dcc7787b2c63acc9459fc0197c6360e425798e65d5287ecbcf
columba	measured_1	batch_017	25	0	175	30.599026	18.876387	5.389114	291528	58b10f50ad979f9a1226b276ae38400f6d2670188ac0f6770c5dd6dc4d31302e	8ba34d2d043410874755f4fbf9d5671a1f7c71c1f76d1678a3b3406b824128f9
columba	measured_1	batch_018	25	0	35	24.826511	15.818840	4.331568	291120	2777eecabfbd4cb68420e549ae24e2e898efe7b34086278da4eb067cf13fda73	2cacf7b7837350045c23c6c541e2fa3e3f0ede6d1a4c3aab0e155f32a4c26935
columba	measured_1	batch_019	25	0	32	23.760796	14.891232	4.339995	292504	6e8a47fe00b0499d9fed4ccbf0b62de3e06577b4c08619ab4e47d3cb70f00216	73b081a8675228b2d21837bdf24a05bb5e8adb5682e51654088446d679597564
columba	measured_1	batch_020	25	0	118	24.320043	15.772601	4.389224	290880	743405c866a1adfaaa53ff09ddc141d8410c9ccf2eab09159ea18e8c9e564697	477add844a0b31a3df361bdf89c9a8eb7f3cd7cdbb62ad7804ba08079bb9c88b
columba	measured_2	batch_001	25	0	1806	32.666825	20.408311	6.122873	291288	749828529657c248ac76d7e78a21c515e1797c70ef74e1d7ef91477b8574b2ab	0ebc4b131fb538b1bddf9e1e7b6d27577e1a25c97dab8f4cfc9dc39d33e39993
columba	measured_2	batch_002	25	0	5520	44.386110	27.908760	7.560547	292936	19cde3fb0598b59530c950ccb0cbea69a75f304d99b831cc772c0a8a45f3b27e	9717f2ae370c8cf214d128ae94ba2fbdba7de1457a8202c7b276a2b02d6051c9
columba	measured_2	batch_003	25	0	3107	48.360239	28.078649	7.556616	297124	9187011607912016ac38c0dc339aedbf3f89998a4f47f1e6e2f4bc6903c4973c	4824aa724b494cb0cd8176b6d79c2ca9b815cf9f334ec377075974645e1253d2
columba	measured_2	batch_004	25	0	850	39.773043	19.940148	5.400107	291608	26c6571efb7c500fa41b4f4a38a4698751d6a5e1584ddf50ea06277d9f5d128f	b13e29b16353e8133299a97f4cfe665bc1d3e6fff8238fc09b455c0bace38d84
columba	measured_2	batch_005	25	0	7229	51.470895	28.684915	7.962152	301824	f383603172654c08969e31490e92823ad609765bcc5d342fab20fda14c863099	8227e000dda41f389a12788b7383dde9afcf0b7b51f694f07ce5c95da68104e7
columba	measured_2	batch_006	25	0	27359	60.138303	34.776035	8.286893	292252	7368b065db53658be194bbc8a939e55cccc0ff49830eb923d0a2889a1ba9fdfb	62cec9e4a94b7973ef87b46a80d0c52009369c3c32914455bd3210d5eb509536
columba	measured_2	batch_007	25	0	2297	36.556072	20.723245	5.747140	291620	4576dbef21e951d70b479cab35f6459f217aedb507380a741c30bf5b93ccbc7a	c6435eded875cb8146d47c1bf66018f90fd8ecbb6b417392b07a327ad8ffbf0d
columba	measured_2	batch_008	25	0	292	30.495087	18.373202	4.992554	292172	34b1e48512d477bc68ed4a75c4a735aed48cc462ebf4c05da455e8d9a6b328e8	9ce65acdbbe36f0950ed172769b7305f95241c576214bfa78e7f5f66f64146a0
columba	measured_2	batch_009	25	0	608	22.787584	16.511212	4.581321	290848	275977562e51d12eed644b4c04171f742752fe75c25170c1cd5748eb2106f3ea	2b6df33bf19cbfdfe400e06ace86305d28a4690e8437266eb9c282fc6d3069a7
columba	measured_2	batch_010	25	0	213	24.174182	17.093969	5.261344	290772	87358cad68447fdddd2678b2009212eeb8ee504eafdd606b651bb4e9c18a7252	f08c7ff0c2b8e9a6ef54df6845148f2e2671bc725a1f41e54059857c51c9b0af
columba	measured_2	batch_011	25	0	1504	25.638996	17.710480	5.313455	292572	3da146b9f9fad6f8fdb7beed1c979147365020fecbe1d864187e5742b8185643	d508ada004e47eec88ac699f503b20f2e1b448ebb09c63b5158b7b58838ff2e9
columba	measured_2	batch_012	25	0	773	26.985378	16.858817	5.219956	290996	99270c67dc7fb73cc33beec84b9ef78015374a246e9cbd0d82411b906f918fd2	c1b6a18c5720c840fa60c3c31d8024aca90e085c0138a352a577f7f28268bff2
columba	measured_2	batch_013	25	0	466	28.650335	17.359529	5.165958	291140	b768497dbf6c18d3d48070b140aabb32435695556af6879add3bd1f87ee8f251	e0a7c7b5832600df4c587f66ff4630c1b073c33907ac5ce0d0791193df26f2d8
columba	measured_2	batch_014	25	0	260	28.339795	16.899262	6.176651	290712	5484b189f0c3329e16431ccaf5f8bfd5c92971ffd328f8e2b92c37fb36423cd2	2e1123aff92c4d6220618c3c8f9529785d507913bbe089012875661b6ea77e80
columba	measured_2	batch_015	25	0	1665	22.698175	16.146564	4.609267	292660	e9f9f305ce8af646a015082462336d414efa58cd6ce88bd24792835e5751c990	589effb92d0385a463219eb92af5d0ed03e61294015a8a6e35fefd95bb002f86
columba	measured_2	batch_016	25	0	209	26.983385	16.480385	5.411195	290752	0676bef0f5b3a4b8f7dff0df1eace1dcdb14cbc4a63cfb6a993ebbbbaa79b172	43f455bc71f5f3dcc7787b2c63acc9459fc0197c6360e425798e65d5287ecbcf
columba	measured_2	batch_017	25	0	175	31.167136	18.545470	5.617380	291464	58b10f50ad979f9a1226b276ae38400f6d2670188ac0f6770c5dd6dc4d31302e	8ba34d2d043410874755f4fbf9d5671a1f7c71c1f76d1678a3b3406b824128f9
columba	measured_2	batch_018	25	0	35	26.987844	17.265964	5.303776	290796	2777eecabfbd4cb68420e549ae24e2e898efe7b34086278da4eb067cf13fda73	2cacf7b7837350045c23c6c541e2fa3e3f0ede6d1a4c3aab0e155f32a4c26935
columba	measured_2	batch_019	25	0	32	25.669290	15.946661	5.077466	291064	6e8a47fe00b0499d9fed4ccbf0b62de3e06577b4c08619ab4e47d3cb70f00216	73b081a8675228b2d21837bdf24a05bb5e8adb5682e51654088446d679597564
columba	measured_2	batch_020	25	0	118	25.878529	16.094919	5.541392	290972	743405c866a1adfaaa53ff09ddc141d8410c9ccf2eab09159ea18e8c9e564697	477add844a0b31a3df361bdf89c9a8eb7f3cd7cdbb62ad7804ba08079bb9c88b
columba	measured_3	batch_001	25	0	1806	33.868143	19.405499	5.819947	291596	749828529657c248ac76d7e78a21c515e1797c70ef74e1d7ef91477b8574b2ab	0ebc4b131fb538b1bddf9e1e7b6d27577e1a25c97dab8f4cfc9dc39d33e39993
columba	measured_3	batch_002	25	0	5520	48.279100	28.198290	7.380504	292680	19cde3fb0598b59530c950ccb0cbea69a75f304d99b831cc772c0a8a45f3b27e	9717f2ae370c8cf214d128ae94ba2fbdba7de1457a8202c7b276a2b02d6051c9
columba	measured_3	batch_003	25	0	3107	46.252590	28.490180	8.435166	299192	9187011607912016ac38c0dc339aedbf3f89998a4f47f1e6e2f4bc6903c4973c	4824aa724b494cb0cd8176b6d79c2ca9b815cf9f334ec377075974645e1253d2
columba	measured_3	batch_004	25	0	850	32.517926	19.511923	5.470347	291284	26c6571efb7c500fa41b4f4a38a4698751d6a5e1584ddf50ea06277d9f5d128f	b13e29b16353e8133299a97f4cfe665bc1d3e6fff8238fc09b455c0bace38d84
columba	measured_3	batch_005	25	0	7229	51.093074	29.995248	7.883286	312796	f383603172654c08969e31490e92823ad609765bcc5d342fab20fda14c863099	8227e000dda41f389a12788b7383dde9afcf0b7b51f694f07ce5c95da68104e7
columba	measured_3	batch_006	25	0	27359	64.942535	37.495882	9.961048	293412	7368b065db53658be194bbc8a939e55cccc0ff49830eb923d0a2889a1ba9fdfb	62cec9e4a94b7973ef87b46a80d0c52009369c3c32914455bd3210d5eb509536
columba	measured_3	batch_007	25	0	2297	34.585513	21.519079	5.823385	292348	4576dbef21e951d70b479cab35f6459f217aedb507380a741c30bf5b93ccbc7a	c6435eded875cb8146d47c1bf66018f90fd8ecbb6b417392b07a327ad8ffbf0d
columba	measured_3	batch_008	25	0	292	31.474271	19.228176	6.639468	291204	34b1e48512d477bc68ed4a75c4a735aed48cc462ebf4c05da455e8d9a6b328e8	9ce65acdbbe36f0950ed172769b7305f95241c576214bfa78e7f5f66f64146a0
columba	measured_3	batch_009	25	0	608	23.107310	16.307090	4.852778	290724	275977562e51d12eed644b4c04171f742752fe75c25170c1cd5748eb2106f3ea	2b6df33bf19cbfdfe400e06ace86305d28a4690e8437266eb9c282fc6d3069a7
columba	measured_3	batch_010	25	0	213	23.137578	16.241451	4.412316	290776	87358cad68447fdddd2678b2009212eeb8ee504eafdd606b651bb4e9c18a7252	f08c7ff0c2b8e9a6ef54df6845148f2e2671bc725a1f41e54059857c51c9b0af
columba	measured_3	batch_011	25	0	1504	27.821403	17.301412	4.691051	291084	3da146b9f9fad6f8fdb7beed1c979147365020fecbe1d864187e5742b8185643	d508ada004e47eec88ac699f503b20f2e1b448ebb09c63b5158b7b58838ff2e9
columba	measured_3	batch_012	25	0	773	28.091393	17.148144	4.938340	291176	99270c67dc7fb73cc33beec84b9ef78015374a246e9cbd0d82411b906f918fd2	c1b6a18c5720c840fa60c3c31d8024aca90e085c0138a352a577f7f28268bff2
columba	measured_3	batch_013	25	0	466	29.294399	17.844532	4.863693	292448	b768497dbf6c18d3d48070b140aabb32435695556af6879add3bd1f87ee8f251	e0a7c7b5832600df4c587f66ff4630c1b073c33907ac5ce0d0791193df26f2d8
columba	measured_3	batch_014	25	0	260	22.814760	16.105686	4.593016	290920	5484b189f0c3329e16431ccaf5f8bfd5c92971ffd328f8e2b92c37fb36423cd2	2e1123aff92c4d6220618c3c8f9529785d507913bbe089012875661b6ea77e80
columba	measured_3	batch_015	25	0	1665	25.419239	16.673281	4.530291	290788	e9f9f305ce8af646a015082462336d414efa58cd6ce88bd24792835e5751c990	589effb92d0385a463219eb92af5d0ed03e61294015a8a6e35fefd95bb002f86
columba	measured_3	batch_016	25	0	209	26.088178	15.882682	4.787199	290868	0676bef0f5b3a4b8f7dff0df1eace1dcdb14cbc4a63cfb6a993ebbbbaa79b172	43f455bc71f5f3dcc7787b2c63acc9459fc0197c6360e425798e65d5287ecbcf
columba	measured_3	batch_017	25	0	175	30.114221	18.844840	5.088251	291552	58b10f50ad979f9a1226b276ae38400f6d2670188ac0f6770c5dd6dc4d31302e	8ba34d2d043410874755f4fbf9d5671a1f7c71c1f76d1678a3b3406b824128f9
columba	measured_3	batch_018	25	0	35	25.622301	16.741422	4.549034	292828	2777eecabfbd4cb68420e549ae24e2e898efe7b34086278da4eb067cf13fda73	2cacf7b7837350045c23c6c541e2fa3e3f0ede6d1a4c3aab0e155f32a4c26935
columba	measured_3	batch_019	25	0	32	25.580896	15.413878	5.350928	290656	6e8a47fe00b0499d9fed4ccbf0b62de3e06577b4c08619ab4e47d3cb70f00216	73b081a8675228b2d21837bdf24a05bb5e8adb5682e51654088446d679597564
columba	measured_3	batch_020	25	0	118	23.639296	16.548393	4.650886	291048	743405c866a1adfaaa53ff09ddc141d8410c9ccf2eab09159ea18e8c9e564697	477add844a0b31a3df361bdf89c9a8eb7f3cd7cdbb62ad7804ba08079bb9c88b
