batch_id	start_ordinal	end_ordinal	guide_count	guide_ids	sha256
batch_001	1	10	10	chr2_100_guide_001,chr2_100_guide_002,chr2_100_guide_003,chr2_100_guide_004,chr2_100_guide_005,chr2_100_guide_006,chr2_100_guide_007,chr2_100_guide_008,chr2_100_guide_009,chr2_100_guide_010	e6d9a935f198fa16d9ef1f0c5a5c65358222d89bf39770b4bae4be035c50dc17
batch_002	11	20	10	chr2_100_guide_011,chr2_100_guide_012,chr2_100_guide_013,chr2_100_guide_014,chr2_100_guide_015,chr2_100_guide_016,chr2_100_guide_017,chr2_100_guide_018,chr2_100_guide_019,chr2_100_guide_020	a7a54a0f1466d5a89feca402d14db2a77e907e55af264719d469fb5830597946
batch_003	21	30	10	chr2_100_guide_021,chr2_100_guide_022,chr2_100_guide_023,chr2_100_guide_024,chr2_100_guide_025,chr2_100_guide_026,chr2_100_guide_027,chr2_100_guide_028,chr2_100_guide_029,chr2_100_guide_030	3fb42479ea40fc008acf4549396611b028ebb1d72966662779f0a9b631c6cbf8
batch_004	31	40	10	chr2_100_guide_031,chr2_100_guide_032,chr2_100_guide_033,chr2_100_guide_034,chr2_100_guide_035,chr2_100_guide_036,chr2_100_guide_037,chr2_100_guide_038,chr2_100_guide_039,chr2_100_guide_040	9f4f350e5f89da056b96ce12781e8362d7cf57943df559aee5073c828bb3af31
batch_005	41	50	10	chr2_100_guide_041,chr2_100_guide_042,chr2_100_guide_043,chr2_100_guide_044,chr2_100_guide_045,chr2_100_guide_046,chr2_100_guide_047,chr2_100_guide_048,chr2_100_guide_049,chr2_100_guide_050	5178c6780c8423a308f1229b24132379fbc346dd9f089fef15f1ace3a1e1360f
batch_006	51	60	10	chr2_100_guide_051,chr2_100_guide_052,chr2_100_guide_053,chr2_100_guide_054,chr2_100_guide_055,chr2_100_guide_056,chr2_100_guide_057,chr2_100_guide_058,chr2_100_guide_059,chr2_100_guide_060	2a6212eea223578f987e741f0c6103cadfb0dc79c9885c53ec8bbe9103856376
batch_007	61	70	10	chr2_100_guide_061,chr2_100_guide_062,chr2_100_guide_063,chr2_100_guide_064,chr2_100_guide_065,chr2_100_guide_066,chr2_100_guide_067,chr2_100_guide_068,chr2_100_guide_069,chr2_100_guide_070	6d28f5e22379dfc8b966204d45d329599105935063b233e251ef3118839587d5
batch_008	71	80	10	chr2_100_guide_071,chr2_100_guide_072,chr2_100_guide_073,chr2_100_guide_074,chr2_100_guide_075,chr2_100_guide_076,chr2_100_guide_077,chr2_100_guide_078,chr2_100_guide_079,chr2_100_guide_080	0b40db2f5c4aeea5b94720a4e3758959c9539fba0bf4ed1673e8e9a21f04445b
batch_009	81	90	10	chr2_100_guide_081,chr2_100_guide_082,chr2_100_guide_083,chr2_100_guide_084,chr2_100_guide_085,chr2_100_guide_086,chr2_100_guide_087,chr2_100_guide_088,chr2_100_guide_089,chr2_100_guide_090	71b4d4a539f9878bbf99d34bc185609ed7888d368ecf278140e1bb9c5f8f37d5
batch_010	91	100	10	chr2_100_guide_091,chr2_100_guide_092,chr2_100_guide_093,chr2_100_guide_094,chr2_100_guide_095,chr2_100_guide_096,chr2_100_guide_097,chr2_100_guide_098,chr2_100_guide_099,chr2_100_guide_100	e9d315fad45233a63f5745c12213b87a3a3627d769060d1db445388546ade689
