mode	iteration	batch_id	guide_count	exit_failures	total_paf_records	total_wall_seconds	max_peak_rss_kib	combined_stdout_sha256
baseline	pilot	batch_001	10	0	163	2034.973998	574916	8005a95d231b6d1cc2e1fbdae189aebc2ca071dc437f79a9ae3d5f2e409aa4ac
baseline	pilot	batch_002	10	0	36	2084.825848	576200	02686b9a6214097973c1cb160f408a5f8063cb13f66e8021c0ce31fdca9c2c7b
baseline	pilot	batch_003	10	0	17	2136.945297	573008	d3c2310b12ebe2dfa0bacc6d2ed40c460a1670634283db885affa6ad9aa529c5
baseline	pilot	batch_004	10	0	90	2051.158396	574256	189daafd7e6d88fc96c1d8dff2f97a6dd8dcf31e8d6a295a5d7b2c0bee112421
baseline	pilot	batch_005	10	0	35	2134.014293	575224	e0eaca35e5d3d4dc22c4ca41c22fd33d11acb53ffada054798fa57adab64fc9c
baseline	pilot	batch_006	10	0	421	2122.253346	574544	a3298f5d5778499fa9bdd09402e405ea874545f7b91cd62ac03f1037dadf48aa
baseline	pilot	batch_007	10	0	34	2075.101291	574420	525031b6707f41ead31b7443bedb5ef5c9789bf9d76614497c0280dd880649a6
baseline	pilot	batch_008	10	0	20	2059.432235	574340	41f4b92b6afc335d5a48a45fa980fb4d027a86030bf24bea2cac76a187be8fd2
baseline	pilot	batch_009	10	0	15	2076.626428	574312	60bef18233c40d4a6c188c06449e777ca9f5b8e41884974d512bb0f305293bf3
baseline	pilot	batch_010	10	0	17	2099.945803	574304	ade6113ea60fa1f10c5a63b1c40904ff373c4b12b5f9ada63eead6f81f3c01f0
columba	pilot	batch_001	10	0	183	106.653062	1184288	69e8ed582ffa9cfd6c95494aa6f64fe13b90f3680dac3850ae00b100135828b2
columba	pilot	batch_002	10	0	349	129.360540	1184968	0dab6a9bab0f3a60881120bf84de36126ea04cca6989dd454fe3e1583aa66696
columba	pilot	batch_003	10	0	19	115.988352	1184144	b6c5f3f7701368c6bf0d0238ff10b21c5fc604416d2d1ce0aa7c2895152605a5
columba	pilot	batch_004	10	0	5414	21.074270	1186896	e2d249dbd258f76b5ff16c2cdc118734de265163866c03d97b87b4fa20485878
columba	pilot	batch_005	10	0	60	25.548034	1184668	f22fd2dc3edb595c6bc2424510841c611a2f3740f5b31114f299ef26ddd3e4b5
columba	pilot	batch_006	10	0	455	120.010961	1184472	30ec972c0bd65c28558fbcedf82f9933a197ad5b79788b37404a598043f0a863
columba	pilot	batch_007	10	0	73	146.104591	1184632	621cd28d385f68352c524df7be2907ac826446c0f8cb412d17f4557f3d333d64
columba	pilot	batch_008	10	0	34	106.426315	1184192	cb5599d77ce6fd462f22aef227dd85bc609d67f66cf848fe7c9ee57396c1898e
columba	pilot	batch_009	10	0	54	23.448203	1184132	15377ab2b32eabcbc79ad218b37d3e314f606c9946d3f683c0e75726bbd9caa3
columba	pilot	batch_010	10	0	17	20.705517	1184528	3f982548840c0fc26e922cd83c56421d1a395180cc358c069f9eac03910fcc93
