guide_id	mode	phase	iteration	exit_status	wall_seconds	user_seconds	system_seconds	peak_rss_kib	paf_records	stdout_sha256	stderr_sha256
chr2_100_guide_001	baseline	correctness	pilot	0	219.726504	197.459952	0.487980	574256	151	89e03dd6a1af07824391c7d2c15effafe510f0577d3b471a8f64db9eb7c54a60	e3b0c44298fc1c149afbf4c8996fb92427ae41e4649b934ca495991b7852b855
chr2_100_guide_002	baseline	correctness	pilot	0	196.249243	195.700979	0.483972	572456	1	b091fa2b46c182a8a67a094bd3c9f50095419fe615fc28736ed56aa20fc8c4ee	e3b0c44298fc1c149afbf4c8996fb92427ae41e4649b934ca495991b7852b855
chr2_100_guide_003	baseline	correctness	pilot	0	209.453757	208.410511	0.123996	573324	3	e272d0afebb6c96e651b4fea78b121d1e71748a44d6b8ceac0bb33c7d7d36645	e3b0c44298fc1c149afbf4c8996fb92427ae41e4649b934ca495991b7852b855
chr2_100_guide_004	baseline	correctness	pilot	0	214.443195	214.142151	0.127986	574240	1	e01c3f3850fa1094a4e3e5f167ec427b3ecfa0222c679119f51fc05c8d278e4b	e3b0c44298fc1c149afbf4c8996fb92427ae41e4649b934ca495991b7852b855
chr2_100_guide_005	baseline	correctness	pilot	0	192.138247	191.959796	0.139991	574916	1	f3ad299ad34e05ae1ed6176040951b955f5080a7dc9b5239548d1d748ef966ca	e3b0c44298fc1c149afbf4c8996fb92427ae41e4649b934ca495991b7852b855
chr2_100_guide_006	baseline	correctness	pilot	0	199.613384	197.690760	0.099997	573172	2	b1490c4399cf265a7d1d1c32b362fc8231d079c00bb7b0854a01650c2da8c154	e3b0c44298fc1c149afbf4c8996fb92427ae41e4649b934ca495991b7852b855
chr2_100_guide_007	baseline	correctness	pilot	0	203.582985	203.358118	0.123986	573168	1	091e9622b14c37aa505f26d01e97a9d8dd07526b3fe6f3f1fc3bcb5642dbf423	e3b0c44298fc1c149afbf4c8996fb92427ae41e4649b934ca495991b7852b855
chr2_100_guide_008	baseline	correctness	pilot	0	202.509229	200.576363	0.299976	572804	1	44dfce4b19be7bceaf292acab37ac3cfd17a12af95bd8d9c6773c50e0fc8287b	e3b0c44298fc1c149afbf4c8996fb92427ae41e4649b934ca495991b7852b855
chr2_100_guide_009	baseline	correctness	pilot	0	204.609698	203.364112	0.171989	573288	1	b4025a0c05001632d3d9819897b20c5cb6adb85f8b58dfb3684ae82f3e55a445	e3b0c44298fc1c149afbf4c8996fb92427ae41e4649b934ca495991b7852b855
chr2_100_guide_010	baseline	correctness	pilot	0	192.647756	192.440401	0.151990	573560	1	6665827947d32899e2f4c3d5d9f9996e310bdee2090ef0d19a9e643826cfd20e	e3b0c44298fc1c149afbf4c8996fb92427ae41e4649b934ca495991b7852b855
chr2_100_guide_011	baseline	correctness	pilot	0	227.352691	226.340850	0.919905	572712	1	bb40e37be897f83a1b15371e404bdb88006f765dd588625f1d80d95fae1ad5aa	e3b0c44298fc1c149afbf4c8996fb92427ae41e4649b934ca495991b7852b855
chr2_100_guide_012	baseline	correctness	pilot	0	211.952766	211.321168	0.395919	572392	4	8de3d6e1cc74fb61b3b3f7cc888d929f976a2a5501d5206b51113d5172e835a6	e3b0c44298fc1c149afbf4c8996fb92427ae41e4649b934ca495991b7852b855
chr2_100_guide_013	baseline	correctness	pilot	0	198.753688	198.270589	0.435926	572800	15	4be924d893b77635b43941ff6fe1abec972bb13b854a9100a9e6f23ade046cd6	e3b0c44298fc1c149afbf4c8996fb92427ae41e4649b934ca495991b7852b855
chr2_100_guide_014	baseline	correctness	pilot	0	205.267118	204.835216	0.391990	572492	2	0443657d2efb5794b44960262e648576461066b30a4b8e25574159fadae2eb2b	e3b0c44298fc1c149afbf4c8996fb92427ae41e4649b934ca495991b7852b855
chr2_100_guide_015	baseline	correctness	pilot	0	216.260801	216.006488	0.175992	573152	1	42e895974b61d6a6f346dea6886300a8fe271754b1d94bdce59b758505195a83	e3b0c44298fc1c149afbf4c8996fb92427ae41e4649b934ca495991b7852b855
chr2_100_guide_016	baseline	correctness	pilot	0	206.199230	206.067559	0.107997	573136	2	8657fd291b214f97a5fe5f222b4dc6b878b921969dd7bd6ffb1ed5b3783a610e	e3b0c44298fc1c149afbf4c8996fb92427ae41e4649b934ca495991b7852b855
chr2_100_guide_017	baseline	correctness	pilot	0	196.869434	196.536278	0.131962	576200	3	8bf7f4c8deeca939eb4745df5ef9388ba15f3dbbb1840c8a4fe7cbd4482ae156	e3b0c44298fc1c149afbf4c8996fb92427ae41e4649b934ca495991b7852b855
chr2_100_guide_018	baseline	correctness	pilot	0	209.207287	208.794427	0.383997	572652	1	2f7599cbfd417906a733f1e345af049f64a300adde46b600f2098f8585fcc3c6	e3b0c44298fc1c149afbf4c8996fb92427ae41e4649b934ca495991b7852b855
chr2_100_guide_019	baseline	correctness	pilot	0	214.892604	214.022939	0.743940	572696	5	333adca6eb5064c71684544c92792172a7afaaf524f435f9dd3f38cfa3f32cce	e3b0c44298fc1c149afbf4c8996fb92427ae41e4649b934ca495991b7852b855
chr2_100_guide_020	baseline	correctness	pilot	0	198.070229	197.881333	0.131995	573288	2	99ec5b4b39d482803291f17eebe25d0787d2048ba02a2d2eb4db977d9915bf1b	e3b0c44298fc1c149afbf4c8996fb92427ae41e4649b934ca495991b7852b855
chr2_100_guide_021	baseline	correctness	pilot	0	225.068921	200.357845	0.599754	572620	1	5a33f103dbf056bba7fe5c613e707661017238c690f2c7259b5e11652f617597	e3b0c44298fc1c149afbf4c8996fb92427ae41e4649b934ca495991b7852b855
chr2_100_guide_022	baseline	correctness	pilot	0	201.887637	200.751246	1.027914	572616	1	917aafb006a22d16b37a281effd7ff0c4654ed8bc78198c61f5d22b8b2e55adf	e3b0c44298fc1c149afbf4c8996fb92427ae41e4649b934ca495991b7852b855
chr2_100_guide_023	baseline	correctness	pilot	0	215.370151	214.357735	0.827929	572676	1	e8a89348acfae06a87d8f971055db0655a3c9f9eca2f7ab4c60cb6d77791f26b	e3b0c44298fc1c149afbf4c8996fb92427ae41e4649b934ca495991b7852b855
chr2_100_guide_024	baseline	correctness	pilot	0	215.919132	215.165648	0.687915	572720	5	e2ad111331f9b5cca186b87b9828b06dce90ea1131a5627ec0f388039d6f82e0	e3b0c44298fc1c149afbf4c8996fb92427ae41e4649b934ca495991b7852b855
chr2_100_guide_025	baseline	correctness	pilot	0	219.098279	218.542667	0.491942	572572	2	ca8a65f8c4f371c9f0811103328f2063824484c4d4b71bf8fb6ec61c1431b3ec	e3b0c44298fc1c149afbf4c8996fb92427ae41e4649b934ca495991b7852b855
chr2_100_guide_026	baseline	correctness	pilot	0	213.427770	212.787087	0.436047	572632	1	9f390b604c806c3994037804907776beb4d5a4a66cab2023c3e8d42e89ae2a63	e3b0c44298fc1c149afbf4c8996fb92427ae41e4649b934ca495991b7852b855
chr2_100_guide_027	baseline	correctness	pilot	0	213.336235	211.405212	1.816079	572564	2	ca50919602354349f76967e1050b5a3325a70ac7e04d15c9aca51ed7fcc9ea6a	e3b0c44298fc1c149afbf4c8996fb92427ae41e4649b934ca495991b7852b855
chr2_100_guide_028	baseline	correctness	pilot	0	208.062882	207.351505	0.591930	572700	1	7aaa1cf50dd7c5b5d1c81d7db9510966938f6f670e0c2188ab89e8347134cb1c	e3b0c44298fc1c149afbf4c8996fb92427ae41e4649b934ca495991b7852b855
chr2_100_guide_029	baseline	correctness	pilot	0	206.803856	204.060924	2.298973	572392	1	1043bc44ffca5c8f5a9a1956e02c9e5abcb81a398b2de62ebdecbf4ac84194a0	e3b0c44298fc1c149afbf4c8996fb92427ae41e4649b934ca495991b7852b855
chr2_100_guide_030	baseline	correctness	pilot	0	217.970434	217.703852	0.179986	573008	2	d29c977afdb9e4dc9ed374b7184ebad61d241ecef701abfd5c7b4a5cdc16605a	e3b0c44298fc1c149afbf4c8996fb92427ae41e4649b934ca495991b7852b855
chr2_100_guide_031	baseline	correctness	pilot	0	207.032635	206.686510	0.191968	573112	2	599978a4a2567f3700eaa04c9d7e2fd415b7a8dd59261d99f8b8818ead43bb81	e3b0c44298fc1c149afbf4c8996fb92427ae41e4649b934ca495991b7852b855
chr2_100_guide_032	baseline	correctness	pilot	0	224.524213	222.820631	1.091474	572636	2	15b7fa659b00794ceda7be7f1369090311c6ba7473c517f4b44f82db38243fc0	e3b0c44298fc1c149afbf4c8996fb92427ae41e4649b934ca495991b7852b855
chr2_100_guide_033	baseline	correctness	pilot	0	200.318686	199.553020	0.719902	572632	2	9cb9b033b4d4346d59aeb64fb75479c6a8a2f45a583b8e6f451e6c1a936bb5ea	e3b0c44298fc1c149afbf4c8996fb92427ae41e4649b934ca495991b7852b855
chr2_100_guide_034	baseline	correctness	pilot	0	202.110387	201.891454	0.147996	574256	1	fe3d8b47c35802ac6b57ec8cb4561109f4f0d22f8e3159743f110e5a2ef00c6c	e3b0c44298fc1c149afbf4c8996fb92427ae41e4649b934ca495991b7852b855
chr2_100_guide_035	baseline	correctness	pilot	0	205.373942	205.055946	0.199968	573212	1	c295719972feb4753a386c1cf65a399133d35309979b8d4aace21d83944e868e	e3b0c44298fc1c149afbf4c8996fb92427ae41e4649b934ca495991b7852b855
chr2_100_guide_036	baseline	correctness	pilot	0	199.826322	199.592725	0.112002	574236	3	e9b6c099e7b18393e73796bb8702da974cf77c74158428bc997fae9e2d06bf58	e3b0c44298fc1c149afbf4c8996fb92427ae41e4649b934ca495991b7852b855
chr2_100_guide_037	baseline	correctness	pilot	0	195.298818	194.308616	0.840054	573216	1	5a237c119e3f0aeaef65923d66e6dc0c29804c0d3b690cf8bd75740dfd5dcd8b	e3b0c44298fc1c149afbf4c8996fb92427ae41e4649b934ca495991b7852b855
chr2_100_guide_038	baseline	correctness	pilot	0	202.480582	202.012017	0.343877	572972	1	b9e34fe8ccb092578da22649335a71c80d9db878cf3a4451778fd98e9b5ec22e	e3b0c44298fc1c149afbf4c8996fb92427ae41e4649b934ca495991b7852b855
chr2_100_guide_039	baseline	correctness	pilot	0	212.676773	211.792479	0.207937	573272	76	83a062e6fbde8a21bc37d1d414532b78dba8e5044f9664d41c710c77979d56cf	e3b0c44298fc1c149afbf4c8996fb92427ae41e4649b934ca495991b7852b855
chr2_100_guide_040	baseline	correctness	pilot	0	201.516038	201.195078	0.171999	573232	1	38f3709f6a076b2aebea7f182579ef6f37f34c190ffdbc0f69f1f02f15cf41e2	e3b0c44298fc1c149afbf4c8996fb92427ae41e4649b934ca495991b7852b855
chr2_100_guide_041	baseline	correctness	pilot	0	216.492310	216.010864	0.431965	572612	17	f278cbf1a62ea5c9932d507383c8eed812a014396c12860d1e19965eb22bf1ad	e3b0c44298fc1c149afbf4c8996fb92427ae41e4649b934ca495991b7852b855
chr2_100_guide_042	baseline	correctness	pilot	0	211.643338	210.834637	0.435955	572724	3	f2e9c5be3c3d0c5d7cca6aeb545d8be18824e4b1f9cef466e95b0c17a8870bfb	e3b0c44298fc1c149afbf4c8996fb92427ae41e4649b934ca495991b7852b855
chr2_100_guide_043	baseline	correctness	pilot	0	220.254391	220.051807	0.103990	573292	1	c5aef2b2dc9b811d70509f0600268cfeeea951a45e2dd18e91e0d25bcac4d376	e3b0c44298fc1c149afbf4c8996fb92427ae41e4649b934ca495991b7852b855
chr2_100_guide_044	baseline	correctness	pilot	0	217.574948	217.006720	0.359984	572360	1	5be3bb64196bba4de7ff72f4ddc64a4237957ea9dfe8c50b732a0406977860fe	e3b0c44298fc1c149afbf4c8996fb92427ae41e4649b934ca495991b7852b855
chr2_100_guide_045	baseline	correctness	pilot	0	204.623469	204.472637	0.083995	574432	1	ba1cc74a5f1d95ea7d0795faf9bf73f534385bad49252bef55f7f6db746e850d	e3b0c44298fc1c149afbf4c8996fb92427ae41e4649b934ca495991b7852b855
chr2_100_guide_046	baseline	correctness	pilot	0	213.117986	212.092413	0.671482	574508	6	7a9ae61cb58a588ce044cb523c551780386c1adb57b26b12bebefd9f46abe291	e3b0c44298fc1c149afbf4c8996fb92427ae41e4649b934ca495991b7852b855
chr2_100_guide_047	baseline	correctness	pilot	0	215.706740	214.529844	0.755710	575224	2	6691b01bf3d1810ca2b6a7944b727a56a0f9dd67aa12b183a7bc64b627719bcf	e3b0c44298fc1c149afbf4c8996fb92427ae41e4649b934ca495991b7852b855
chr2_100_guide_048	baseline	correctness	pilot	0	221.183966	220.749859	0.375982	572580	2	ca2b5657752a6136af93ce94b0141600b7a4ef3c355b01f25ce63a7c16a005f2	e3b0c44298fc1c149afbf4c8996fb92427ae41e4649b934ca495991b7852b855
chr2_100_guide_049	baseline	correctness	pilot	0	200.745742	200.195585	0.331959	574060	1	2299ea9435c0020f18baac07162b342f90b144a6602120c2bc1e0d73615a15a6	e3b0c44298fc1c149afbf4c8996fb92427ae41e4649b934ca495991b7852b855
chr2_100_guide_050	baseline	correctness	pilot	0	212.671403	211.512865	0.847746	574472	1	cf48956c67e54b1e7a8cdb066882ff8398ce3dded5d7e4117a8c857968c4e440	e3b0c44298fc1c149afbf4c8996fb92427ae41e4649b934ca495991b7852b855
chr2_100_guide_051	baseline	correctness	pilot	0	210.782253	210.263565	0.451938	572616	1	c86006645507230946bb4bfe446a2c8b5186d0a69ac04a9917743c4b3671dbac	e3b0c44298fc1c149afbf4c8996fb92427ae41e4649b934ca495991b7852b855
chr2_100_guide_052	baseline	correctness	pilot	0	204.574962	204.135495	0.415966	572656	7	9f092a83d179772a56ba23b1413b48e434bbe318a5342d741b5f798fde25c2a4	e3b0c44298fc1c149afbf4c8996fb92427ae41e4649b934ca495991b7852b855
chr2_100_guide_053	baseline	correctness	pilot	0	211.674400	211.111859	0.499990	572640	1	d29763bda82cdad0c19b6abc1d72c355c6efc0f4f6dc38f426542179ec23be49	e3b0c44298fc1c149afbf4c8996fb92427ae41e4649b934ca495991b7852b855
chr2_100_guide_054	baseline	correctness	pilot	0	216.667797	216.266664	0.279982	574544	404	9a61302226a3da87d9d1e5028f0c7e966917547d31c65e3c05fd181f840a8b64	e3b0c44298fc1c149afbf4c8996fb92427ae41e4649b934ca495991b7852b855
chr2_100_guide_055	baseline	correctness	pilot	0	219.050846	218.496287	0.464009	572656	1	c3c54da4b3b1f3b503865b61494f292527b3437aa387a0286081158514f6aae1	e3b0c44298fc1c149afbf4c8996fb92427ae41e4649b934ca495991b7852b855
chr2_100_guide_056	baseline	correctness	pilot	0	211.420859	210.887134	0.503988	572684	1	2738df1e9d822f388885c2d53ebc44bc1443fb8ac7ec8a4ccba90ec9cf7cf1a3	e3b0c44298fc1c149afbf4c8996fb92427ae41e4649b934ca495991b7852b855
chr2_100_guide_057	baseline	correctness	pilot	0	215.760424	214.309019	1.211915	572608	1	fd695fc724b9cf1f61c94765059e1dd184f692b3e9f4c4475cc565a98d7d9673	e3b0c44298fc1c149afbf4c8996fb92427ae41e4649b934ca495991b7852b855
chr2_100_guide_058	baseline	correctness	pilot	0	213.085982	211.692702	1.179758	572660	1	7e37b9cbf165a9c7568f5f3fab3ace0702b3f7c9e336910584fd4953f82ea01f	e3b0c44298fc1c149afbf4c8996fb92427ae41e4649b934ca495991b7852b855
chr2_100_guide_059	baseline	correctness	pilot	0	208.597011	208.026204	0.491995	572500	1	936c9e555da89573d21ba0842dce1ca9fa2b05df2ef89d72a1f692b65c072786	e3b0c44298fc1c149afbf4c8996fb92427ae41e4649b934ca495991b7852b855
chr2_100_guide_060	baseline	correctness	pilot	0	210.638812	209.327044	0.131981	573128	3	f493ad3b388323f9eb888d5a14baeba91683bed3a9da2adcc3a934f46dd3863c	e3b0c44298fc1c149afbf4c8996fb92427ae41e4649b934ca495991b7852b855
chr2_100_guide_061	baseline	correctness	pilot	0	207.061411	206.672452	0.323975	572624	1	08cec366ada6b0833303064841934628d26f112b297b0c2107ecfafdd9974fb5	e3b0c44298fc1c149afbf4c8996fb92427ae41e4649b934ca495991b7852b855
chr2_100_guide_062	baseline	correctness	pilot	0	207.338978	207.136858	0.139981	574420	5	3f0f4c950b5b989307cf0069776caa8d8d4a53bd8011c6a8dc80ad4e6f6a535f	e3b0c44298fc1c149afbf4c8996fb92427ae41e4649b934ca495991b7852b855
chr2_100_guide_063	baseline	correctness	pilot	0	215.297458	215.089101	0.143992	573272	18	8a73d42743a36bf356ce2397d12e50cf6f262071a2db9123ae897b86805dd401	e3b0c44298fc1c149afbf4c8996fb92427ae41e4649b934ca495991b7852b855
chr2_100_guide_064	baseline	correctness	pilot	0	217.009752	216.715324	0.139991	573236	1	8d8176e87a0e17abc3da278c2d15dbefb32f38966c3e9b920ec4fd05af1515f2	e3b0c44298fc1c149afbf4c8996fb92427ae41e4649b934ca495991b7852b855
chr2_100_guide_065	baseline	correctness	pilot	0	204.798855	203.800287	0.183855	573124	3	712d50757edcc3000cfdb5daa9d0ec320bb9d180b6e7b3cb28066eebbe52a48a	e3b0c44298fc1c149afbf4c8996fb92427ae41e4649b934ca495991b7852b855
chr2_100_guide_066	baseline	correctness	pilot	0	212.159766	211.744222	0.339968	572696	1	d4828479545e963e81cc8217ea587128ced9df383e59ab56a5b8e656e1c25c41	e3b0c44298fc1c149afbf4c8996fb92427ae41e4649b934ca495991b7852b855
chr2_100_guide_067	baseline	correctness	pilot	0	204.117597	203.942838	0.143987	573288	2	3b3987cbd60c4415a4a08cc8065c43b5bfa49b1e94d2c3b1aafe407b5ef13490	e3b0c44298fc1c149afbf4c8996fb92427ae41e4649b934ca495991b7852b855
chr2_100_guide_068	baseline	correctness	pilot	0	201.886845	201.336182	0.423840	572576	1	cf45548ae2491e17575b646de2a4f25a53f955b31c308ac5656cf5caceb420fa	e3b0c44298fc1c149afbf4c8996fb92427ae41e4649b934ca495991b7852b855
chr2_100_guide_069	baseline	correctness	pilot	0	208.171362	207.171729	0.315981	573136	1	2aceda26441b8d2230c3cddf2578bec3a0110748c19ffe14fe682f38c418bd5d	e3b0c44298fc1c149afbf4c8996fb92427ae41e4649b934ca495991b7852b855
chr2_100_guide_070	baseline	correctness	pilot	0	197.259267	196.909227	0.199964	573612	1	4a6150b44f776e1d1413f60c0d0ad7df8353f1ae1d7aa3c08eb7b75be4b4e5de	e3b0c44298fc1c149afbf4c8996fb92427ae41e4649b934ca495991b7852b855
chr2_100_guide_071	baseline	correctness	pilot	0	212.055485	210.837787	0.947936	573024	3	369c164c6e2a6e43f9477888495222aca5a287c4706c50228152af9a3c9c9b1e	e3b0c44298fc1c149afbf4c8996fb92427ae41e4649b934ca495991b7852b855
chr2_100_guide_072	baseline	correctness	pilot	0	193.915189	193.313324	0.523981	573240	1	5d1eaf11968d604209b54a81f8a3d6d1615221dbc7faf6cded5b7cea63acebf2	e3b0c44298fc1c149afbf4c8996fb92427ae41e4649b934ca495991b7852b855
chr2_100_guide_073	baseline	correctness	pilot	0	211.464485	210.969908	0.451944	572672	2	06e22ac54512f8a4d5cf660c7fe201354c88d8ed0ca60b8d92442b4aff37632d	e3b0c44298fc1c149afbf4c8996fb92427ae41e4649b934ca495991b7852b855
chr2_100_guide_074	baseline	correctness	pilot	0	215.965239	215.305808	0.487976	573184	1	e64dd0f00e7e244104d25c0f65407d49f132fea8df442101c296994519f432ae	e3b0c44298fc1c149afbf4c8996fb92427ae41e4649b934ca495991b7852b855
chr2_100_guide_075	baseline	correctness	pilot	0	200.986985	200.743093	0.176009	574340	2	56e5dc1886ff9f962c8b17a8ba2c9753a028f52755538d46f7d538b7a186314d	e3b0c44298fc1c149afbf4c8996fb92427ae41e4649b934ca495991b7852b855
chr2_100_guide_076	baseline	correctness	pilot	0	196.523141	196.047119	0.403973	572684	2	d11666c8b060091a197139d0e907441189ab502f50ab0a8d6dd586b7cbe4910e	e3b0c44298fc1c149afbf4c8996fb92427ae41e4649b934ca495991b7852b855
chr2_100_guide_077	baseline	correctness	pilot	0	201.859824	199.665283	1.915475	572688	3	756671c7736bea7adfde565ca3c36b295c073af34bdb1286daef92ae7b59a8a5	e3b0c44298fc1c149afbf4c8996fb92427ae41e4649b934ca495991b7852b855
chr2_100_guide_078	baseline	correctness	pilot	0	207.504726	207.117043	0.343981	572516	1	3160d7c64925f7dc5efc06b015f0479f3236e630afb3c95a1b679ce18ef52a9d	e3b0c44298fc1c149afbf4c8996fb92427ae41e4649b934ca495991b7852b855
chr2_100_guide_079	baseline	correctness	pilot	0	212.791797	212.289668	0.467986	572548	1	68ab8e3e2b84810d0357c6676a24db8a8099a771534bf86e9646e9f74a128bcc	e3b0c44298fc1c149afbf4c8996fb92427ae41e4649b934ca495991b7852b855
chr2_100_guide_080	baseline	correctness	pilot	0	206.365364	205.903307	0.403959	572524	4	5b8a815d7f49deb1c9e12468712604267c82521277502df53cdf0d9db2393cfd	e3b0c44298fc1c149afbf4c8996fb92427ae41e4649b934ca495991b7852b855
chr2_100_guide_081	baseline	correctness	pilot	0	204.663727	204.518431	0.123999	574312	1	6f196543b58c819e4db9f38f00ca07aeb33875379bc1434fc3aed02added60ec	e3b0c44298fc1c149afbf4c8996fb92427ae41e4649b934ca495991b7852b855
chr2_100_guide_082	baseline	correctness	pilot	0	213.931395	213.827135	0.063999	573152	1	c8b417da2dccf7e8b66503d1b569ba8f51160132e1bc6cfa0913422d090197d8	e3b0c44298fc1c149afbf4c8996fb92427ae41e4649b934ca495991b7852b855
chr2_100_guide_083	baseline	correctness	pilot	0	213.243127	212.846585	0.235989	574176	6	30c3fabacfec62ffccdbd7cd6900f12ae571357bb842c6b729206daf0ffa6d56	e3b0c44298fc1c149afbf4c8996fb92427ae41e4649b934ca495991b7852b855
chr2_100_guide_084	baseline	correctness	pilot	0	205.631265	205.043187	0.387945	574296	1	1f39a5e441ea77599b4a51c7fa6a268643714a2285d51575637f0ec05b8ccd08	e3b0c44298fc1c149afbf4c8996fb92427ae41e4649b934ca495991b7852b855
chr2_100_guide_085	baseline	correctness	pilot	0	198.380242	197.288955	0.959868	573016	1	b91101ff3644122e80926dacc0e8082463da07408f94e8a323cad88edc5aa0a3	e3b0c44298fc1c149afbf4c8996fb92427ae41e4649b934ca495991b7852b855
chr2_100_guide_086	baseline	correctness	pilot	0	209.689419	208.900897	0.599876	573500	1	3a4f9b7fb7360a0f9081d4d3a44c0438dbeb5334b61fdd768b92eac57751d3e3	e3b0c44298fc1c149afbf4c8996fb92427ae41e4649b934ca495991b7852b855
chr2_100_guide_087	baseline	correctness	pilot	0	200.244609	198.956621	0.723827	573532	1	33173f79b391313b857acbf051a6f433f12d6fda1ddd040370abacc3c90d867a	e3b0c44298fc1c149afbf4c8996fb92427ae41e4649b934ca495991b7852b855
chr2_100_guide_088	baseline	correctness	pilot	0	205.503468	204.346358	1.035870	573080	1	8404e6c9611090b86700ab5b6f407c30396d1bf634c59ddc70e0b91bcf8deed2	e3b0c44298fc1c149afbf4c8996fb92427ae41e4649b934ca495991b7852b855
chr2_100_guide_089	baseline	correctness	pilot	0	210.924951	210.334642	0.403912	573016	1	89e2e5e6d5342dc2a3500948d323fe2bd41e1639ddb9b19004a689e4ae4aab68	e3b0c44298fc1c149afbf4c8996fb92427ae41e4649b934ca495991b7852b855
chr2_100_guide_090	baseline	correctness	pilot	0	214.414225	214.190625	0.115981	573132	1	2448e1d3e5704d4689594f612226e267dce72f9378c6be13510fed2d329bdf13	e3b0c44298fc1c149afbf4c8996fb92427ae41e4649b934ca495991b7852b855
chr2_100_guide_091	baseline	correctness	pilot	0	212.418636	211.229443	0.983894	573304	1	e26b94324ae8ad1a316b22613f9e800c93ba9e554a1f3780b6029528ea9c0aaf	e3b0c44298fc1c149afbf4c8996fb92427ae41e4649b934ca495991b7852b855
chr2_100_guide_092	baseline	correctness	pilot	0	205.581120	202.347612	1.491525	573128	3	49d3c451fda2d0acce021e6a7ead85e88d7e72d860556a16ae4de8c991b3ee6b	e3b0c44298fc1c149afbf4c8996fb92427ae41e4649b934ca495991b7852b855
chr2_100_guide_093	baseline	correctness	pilot	0	213.878343	213.472574	0.255971	573128	1	f6eff8c392955d9c76023676f1133024f174c5a7fefa09c1f4f150e0fa4a3a37	e3b0c44298fc1c149afbf4c8996fb92427ae41e4649b934ca495991b7852b855
chr2_100_guide_094	baseline	correctness	pilot	0	211.567250	210.194410	0.879792	573520	1	cc76711b4c3870fec74e88bccf065a49af2b4a2857a1e5d1b110a570ad0367d3	e3b0c44298fc1c149afbf4c8996fb92427ae41e4649b934ca495991b7852b855
chr2_100_guide_095	baseline	correctness	pilot	0	206.520256	206.239988	0.239990	574304	1	ba6821819cf73e4d0cb476976180d5ebaeabd9bf62585947a0e70673da298231	e3b0c44298fc1c149afbf4c8996fb92427ae41e4649b934ca495991b7852b855
chr2_100_guide_096	baseline	correctness	pilot	0	210.139785	209.868091	0.183989	573352	1	e52b650b23680c96b04fce4997c4af753f07415cbe884dd0d2fa7ec272bcfc65	e3b0c44298fc1c149afbf4c8996fb92427ae41e4649b934ca495991b7852b855
chr2_100_guide_097	baseline	correctness	pilot	0	224.795752	224.409037	0.160003	573180	3	e993fd25de231a0a1a4fb6d06be4f4239a718fa73464c548b76670767f9205eb	e3b0c44298fc1c149afbf4c8996fb92427ae41e4649b934ca495991b7852b855
chr2_100_guide_098	baseline	correctness	pilot	0	212.570013	212.393002	0.095991	574304	2	f65b80a54ba3a66e73b4abd8dd47f074be4e0c5a15811dff77e20b6aef884f22	e3b0c44298fc1c149afbf4c8996fb92427ae41e4649b934ca495991b7852b855
chr2_100_guide_099	baseline	correctness	pilot	0	201.376269	200.783977	0.395913	573048	3	0ade50c3277afe88f374d3126466b262eab11a5f3633117d67a4e31679169cf8	e3b0c44298fc1c149afbf4c8996fb92427ae41e4649b934ca495991b7852b855
chr2_100_guide_100	baseline	correctness	pilot	0	201.098379	200.916965	0.115995	573372	1	41d33aa17ca7784b5f6199424ff8db2c3b2d4680ce1bfa65443f9853f35e9dc3	e3b0c44298fc1c149afbf4c8996fb92427ae41e4649b934ca495991b7852b855
chr2_100_guide_001	columba	correctness	pilot	0	87.846016	1.158869	1.082717	1184004	170	ed60810744eb837c6917ed932c49aeb24071f5560341cc47c15bb30073c3e557	6a7515e3a928c0f69de8e15130c616f406a3e11a5f57447cc750104ac92ab57e
chr2_100_guide_002	columba	correctness	pilot	0	2.324851	1.232208	1.017747	1183812	1	b091fa2b46c182a8a67a094bd3c9f50095419fe615fc28736ed56aa20fc8c4ee	fcb111d8f13e0c6fc56b3a46cb2607dbd0803db82279a8f8d3d3a4ca0648a2d1
chr2_100_guide_003	columba	correctness	pilot	0	1.768168	0.996153	0.687928	1184020	3	7dd65faa22ef6ae127ad1cffb7c78fc9e83043b91c35e6c65bd41d6a842d34f7	eaf2b0acaded0d6e6e3f1d88899d4582a8b8098946704264d3331b43b2716abf
chr2_100_guide_004	columba	correctness	pilot	0	2.123963	1.119878	0.866448	1183948	1	e01c3f3850fa1094a4e3e5f167ec427b3ecfa0222c679119f51fc05c8d278e4b	d190ef6ee41bc19d839f5330a7322ae8e74d9d13d496260f91e3557b3a905e33
chr2_100_guide_005	columba	correctness	pilot	0	1.619422	0.974498	0.594553	1183824	1	f3ad299ad34e05ae1ed6176040951b955f5080a7dc9b5239548d1d748ef966ca	1874722b9151883ea27797212ef8190251ffc138100c1d39d76f7cc5a9165cda
chr2_100_guide_006	columba	correctness	pilot	0	1.668302	0.937394	0.669614	1184128	2	b1490c4399cf265a7d1d1c32b362fc8231d079c00bb7b0854a01650c2da8c154	ccf1be32a917a57f2b94acdab5ae569adbc676b11063e23c3f79cf17b5e28d95
chr2_100_guide_007	columba	correctness	pilot	0	2.123051	1.147514	0.912335	1184092	2	67bb33c3f496eb7d6c32ecb265c4e2be4f81419b295dfa33e174bf836bcb8340	59eb321834fb49f035b29dcc7249fda29a34a72e5adb542954a62a9034bf826f
chr2_100_guide_008	columba	correctness	pilot	0	2.324497	1.153944	1.082193	1183940	1	44dfce4b19be7bceaf292acab37ac3cfd17a12af95bd8d9c6773c50e0fc8287b	f6c509c1c2194471b881be711bbbacb57710beff738cb343daff4f5f83534ed9
chr2_100_guide_009	columba	correctness	pilot	0	2.173740	1.065018	1.045362	1183820	1	b4025a0c05001632d3d9819897b20c5cb6adb85f8b58dfb3684ae82f3e55a445	e3b0c44298fc1c149afbf4c8996fb92427ae41e4649b934ca495991b7852b855
chr2_100_guide_010	columba	correctness	pilot	0	2.681052	1.292664	1.315583	1184288	1	6665827947d32899e2f4c3d5d9f9996e310bdee2090ef0d19a9e643826cfd20e	e06ea000294559bc261349fa8bd9e1628d3357868f4f731110fc4a60bc900486
chr2_100_guide_011	columba	correctness	pilot	0	108.396905	0.968885	1.078180	1184060	1	bb40e37be897f83a1b15371e404bdb88006f765dd588625f1d80d95fae1ad5aa	5ad58f792abc417318dfd38ec6825cd97a6eb1a6ed3cd9fdf0a7b4fd493d3422
chr2_100_guide_012	columba	correctness	pilot	0	2.773910	1.601684	0.794630	1184160	9	66cb13e291a9e27105f1caae231acf4a8bd8aa488438dacfddfc5216243206d7	462dd2c8d1f23b7ce4fec7a0090771e43a9de09ed355d3a56257403c9765daf0
chr2_100_guide_013	columba	correctness	pilot	0	4.437402	2.234888	1.120003	1184968	322	16ffdaca63b1aa805f3917a0708a291bfbdb86d116fb8da03bfd4fe6d6747062	dc6d3f8ae6cc882027df18760781e4e0515f80fb168b146f26a8ad8afb46a2eb
chr2_100_guide_014	columba	correctness	pilot	0	1.869161	1.005139	0.792612	1183932	2	0443657d2efb5794b44960262e648576461066b30a4b8e25574159fadae2eb2b	44bb640530bd1c4f22cdab2c9b675114c5a585f98d0e4dc5fa7a6c95b62550c8
chr2_100_guide_015	columba	correctness	pilot	0	1.718688	0.965202	0.702576	1183952	1	42e895974b61d6a6f346dea6886300a8fe271754b1d94bdce59b758505195a83	756649f556ef8b11a119d8d3b9814ad2298e11fa90e0b0f7184b0de224ae3057
chr2_100_guide_016	columba	correctness	pilot	0	1.820341	1.014850	0.742136	1183900	2	8657fd291b214f97a5fe5f222b4dc6b878b921969dd7bd6ffb1ed5b3783a610e	604d714efe53cecde984144ee750ac37cc774f03295c3f3b16f5390d6c9234cf
chr2_100_guide_017	columba	correctness	pilot	0	2.075596	1.059048	0.951380	1183896	3	9a7dd4d0c1afc7f1d67a7055c718e0057820c6eaa77ab632b4e8b28677a6f1fe	fd36d278f0a16821748638370e729bc9868ac14ee99c1794734eae0780b66b07
chr2_100_guide_018	columba	correctness	pilot	0	2.225621	1.090639	1.023318	1183788	1	2f7599cbfd417906a733f1e345af049f64a300adde46b600f2098f8585fcc3c6	afdfe1b38cfb029a37804712c5726d1c887a1e65c620d57942063dce98ff5e41
chr2_100_guide_019	columba	correctness	pilot	0	2.073336	0.994883	1.011101	1184064	6	fff07c8f19a2e1a91b3c6747b0971040fe92615b096894c2c75d1313b37c5047	ca30b9fc0366f1f1475d9c8a0a76dec40ba9e31985acb058b543a07e41f5b33a
chr2_100_guide_020	columba	correctness	pilot	0	1.969580	0.996074	0.870334	1183920	2	d05c9bdf9106fc289c7d2295e14f5dcc5629bf0e1ea2f924e0a8ed4540f45320	45f2f11652e763ace0a8e355b344b98f86c3171f6d66873bdc87ab4f09a43504
chr2_100_guide_021	columba	correctness	pilot	0	97.945430	1.042930	1.136281	1183944	2	d17d8f4b9e607ac7c14732110dc6e2fd11eeeff032cf7e30bbab4f0c566ee6de	e50c2774158ba4fe7f72ca8b7d2bced37287b018567316cdd15be7067ada5b78
chr2_100_guide_022	columba	correctness	pilot	0	1.969985	1.025511	0.862973	1184144	1	917aafb006a22d16b37a281effd7ff0c4654ed8bc78198c61f5d22b8b2e55adf	d3e145e824f3c1c48b1f447d320e0093f27182e8a1d380e515e8d8eb3057f7d2
chr2_100_guide_023	columba	correctness	pilot	0	1.819781	1.000056	0.763725	1183812	1	e8a89348acfae06a87d8f971055db0655a3c9f9eca2f7ab4c60cb6d77791f26b	4a1b7ce56910df05867391f3d038edeb2ed7533a6ae44b8b1bdbf47f2145acf9
chr2_100_guide_024	columba	correctness	pilot	0	1.819571	1.068394	0.644618	1183880	6	77250eb14965666148ebbfef66a8eac79f2a83072b2d5e5cacb74c6874c1f30d	830c5a3f3c2cfc6ba6ac944280462859ef3081566b52ea8f295fbd4baae50d8b
chr2_100_guide_025	columba	correctness	pilot	0	1.720217	1.017926	0.655944	1183940	2	6422ac193bedac3cde84587774a777f805400fc0e2ce68e93c5359b3b824fe3b	0b94a14ae7d11a020ea15a610d00779c8ce833c52291f5d697f010ce862dc875
chr2_100_guide_026	columba	correctness	pilot	0	1.869740	1.028192	0.794672	1183772	1	9f390b604c806c3994037804907776beb4d5a4a66cab2023c3e8d42e89ae2a63	161aa9eed2665383dd126c9b2c7d388ff51de9839daa4680ed13a9de7f6eebb3
chr2_100_guide_027	columba	correctness	pilot	0	2.172482	1.069322	1.045519	1183916	2	0ef1135e30fc4261638fc6aa26ac3766945922a18b2d512bf991ff47d9b6f947	d71b53183c8c7f820e42eae09e5fde1d5a17ea10c9207fe9310917b386d598d2
chr2_100_guide_028	columba	correctness	pilot	0	2.222983	1.117012	1.007281	1183796	1	7aaa1cf50dd7c5b5d1c81d7db9510966938f6f670e0c2188ab89e8347134cb1c	b0b918fe22452087240364df7514668b7428dcb62a7516d0959f187f4bded811
chr2_100_guide_029	columba	correctness	pilot	0	2.173619	1.059889	1.059795	1183788	1	1043bc44ffca5c8f5a9a1956e02c9e5abcb81a398b2de62ebdecbf4ac84194a0	7d736a15292282ed22788ac035e6a67193fd0302877e146a35b359e0ddc017b8
chr2_100_guide_030	columba	correctness	pilot	0	2.274544	1.083977	1.086244	1183892	2	5f82a120833bb599928ceadd0be2fb33516383e987a4ff739b804a55dc1595d9	d7d6bf4354e503f027e7679c1878354b64173521df33fce1ecf092b8a65772b0
chr2_100_guide_031	columba	correctness	pilot	0	2.275578	1.111327	1.070564	1184232	4	73533f260c04d565927c51f24c0fa370c5f73001e51346324e099ab1adaa0c97	12947fc1b6a4481505a8c64d24ff5c0e8d77ad56595d56975a358796cfa5cc41
chr2_100_guide_032	columba	correctness	pilot	0	1.919961	1.131875	0.680894	1184056	2	15b7fa659b00794ceda7be7f1369090311c6ba7473c517f4b44f82db38243fc0	a746075dd8058af175764d95719de03f03c5b37ab4949a2b80f00d65228e8737
chr2_100_guide_033	columba	correctness	pilot	0	1.719909	1.056408	0.623577	1184068	2	9cb9b033b4d4346d59aeb64fb75479c6a8a2f45a583b8e6f451e6c1a936bb5ea	36f61c9acbb96dc750009cac9b1e13de835bf300981a4218ee9615209f8f3d2f
chr2_100_guide_034	columba	correctness	pilot	0	1.670613	1.028126	0.606562	1184180	1	fe3d8b47c35802ac6b57ec8cb4561109f4f0d22f8e3159743f110e5a2ef00c6c	d621aef256415bc61cae4ee8117e5308400a7823a58053415b2a17935fbe8a21
chr2_100_guide_035	columba	correctness	pilot	0	2.374760	1.158473	1.036682	1183764	1	c295719972feb4753a386c1cf65a399133d35309979b8d4aace21d83944e868e	87ea452acee3fe67a40d66c88afe851eb8639c6248851b349e5bdb0f6842c9ea
chr2_100_guide_036	columba	correctness	pilot	0	1.818608	0.982920	0.747896	1184292	3	a3b1f09196f338eae4e88b2da6bdbf1eb2961dd16dde7b9c717ba1060a64acd8	82689ad3ac321dfcbee64f3ef7237f9143fbdc949afb4c954d63e65ed094eaf6
chr2_100_guide_037	columba	correctness	pilot	0	2.371882	1.176994	1.165817	1183912	1	5a237c119e3f0aeaef65923d66e6dc0c29804c0d3b690cf8bd75740dfd5dcd8b	5959ae0057ab07b140467a5b42a01304acee5c2ceca143d1a1c9c5c879c6e907
chr2_100_guide_038	columba	correctness	pilot	0	2.573258	1.328779	0.920754	1184304	1	b9e34fe8ccb092578da22649335a71c80d9db878cf3a4451778fd98e9b5ec22e	1c222d1f53018593dc7eb4eb55e936420a364c6142fa970e10a4f07c415b352a
chr2_100_guide_039	columba	correctness	pilot	0	2.732793	1.680626	0.886783	1186896	5398	e5226c1bcd6fd86d789cfb210f4ed4a04e9316481d3ca96372c52cd27ba215a7	0810ffd2bea28dafcf8f50f0c81b43e6ae794684eb7711147b6e38c84f29c51a
chr2_100_guide_040	columba	correctness	pilot	0	1.616908	0.948053	0.642548	1184072	1	38f3709f6a076b2aebea7f182579ef6f37f34c190ffdbc0f69f1f02f15cf41e2	aacf991e635405aa8784d9a40db76b327fc8a15f978810f2ed1415c5c9229441
chr2_100_guide_041	columba	correctness	pilot	0	3.128769	1.679815	1.092190	1184104	24	8070cc6254dbd7400f00e542aebc46064420209347e35f7023b57f21d061da7a	d3f3b337670ce984689ff0bb85631e250be1bc3429ce5fba4ffb2bb3937ec178
chr2_100_guide_042	columba	correctness	pilot	0	1.969770	1.089564	0.798493	1183992	3	f39f28fe69eef0f7d667134ff138ac8377919b12741a2e690ddd03eb62748726	820466ad53d6cdaacefb6330c0dc039b70f786029d072c82e41b8edfc4d26f9d
chr2_100_guide_043	columba	correctness	pilot	0	4.488455	1.090419	1.040640	1183952	1	c5aef2b2dc9b811d70509f0600268cfeeea951a45e2dd18e91e0d25bcac4d376	8a58a337372c0eee446d7cb96c3bab42da45df9d81a8def14f3ad3d5591093eb
chr2_100_guide_044	columba	correctness	pilot	0	2.125187	1.006036	1.018211	1183908	1	5be3bb64196bba4de7ff72f4ddc64a4237957ea9dfe8c50b732a0406977860fe	3503f9bc05dc0024e12db7bde8286ab8f98f21470177b220998051ec043f94b0
chr2_100_guide_045	columba	correctness	pilot	0	2.122668	1.106410	0.962132	1183932	2	d8ef2d6550ad1596297ca916d57d867254ee05e8e3b89a5123064cdbf33a4dbc	e3800056b46106c84d2467c3781f76a53bdafb3e14fac5e6973e2bda03396c17
chr2_100_guide_046	columba	correctness	pilot	0	2.072132	1.057133	0.828998	1184668	22	7ba82e231d05e8ec379d5b63b5ffd61e5e7323d490edb98bfed80f0c6944284e	2733abc54034fe6815881a1281a9f2ed5a71c0a659def2cb34fa79f32ed66117
chr2_100_guide_047	columba	correctness	pilot	0	2.623609	1.423641	0.909439	1183856	3	a74bfa99df1a56ee1b041c38bc8fb257a5e0ddb7cba5265a9ea140ec2bfe9b39	77f1df908686cb2b21a8653a7a7ec9672504f10993b8a0bdc626ebec4dc2e542
chr2_100_guide_048	columba	correctness	pilot	0	2.373046	1.133789	1.171598	1183856	2	ca2b5657752a6136af93ce94b0141600b7a4ef3c355b01f25ce63a7c16a005f2	e23b541fb51a2c0de61d43313ab5bef13b817d1c50834c0a069f45a23c4c636d
chr2_100_guide_049	columba	correctness	pilot	0	2.270463	1.109835	1.059637	1183932	1	2299ea9435c0020f18baac07162b342f90b144a6602120c2bc1e0d73615a15a6	996113d73dc8497963d3aa8ba09ef3d6a8504444fe5615909e1ca6b7cfb94b02
chr2_100_guide_050	columba	correctness	pilot	0	2.373935	1.116344	1.171546	1183944	1	cf48956c67e54b1e7a8cdb066882ff8398ce3dded5d7e4117a8c857968c4e440	71a853eeafcf3d1fca92789fbbbccbc6854f7c0db92e032c22ed1b6e3acc3fb0
chr2_100_guide_051	columba	correctness	pilot	0	100.064533	1.107241	1.354635	1183800	1	c86006645507230946bb4bfe446a2c8b5186d0a69ac04a9917743c4b3671dbac	c644933ba63bdd8ce2760e502a31e00344477c78511ea708720064ff44f5df5c
chr2_100_guide_052	columba	correctness	pilot	0	2.220349	1.137942	1.031680	1183868	7	07a3e96ac2952866d5f9ce37f2811cf081ac338e00ef987fe7520758c3b9ed96	7a97ce71309e21d4ca3938772fc9109c6d77d018f42d840ba07eb4d099ab26fc
chr2_100_guide_053	columba	correctness	pilot	0	2.270926	1.003902	1.152878	1183824	2	dd6ffe568e7b86866b475c9979fea3e126007afe9be1d59b4f5722b9100abf1a	3e465c0c4ebbd3fba58ded9d32ee396a585816c5dcbc59ed55469798307ceaf8
chr2_100_guide_054	columba	correctness	pilot	0	2.625245	1.268150	1.148541	1184472	435	2bf0d8fc7bc6d02fb38553aebf3184c4322ff1fb3292da188cd5fc802e0e003b	2297405cab72210f9bb90fddd96889e07d066c4eb5e53117e6ddb3a3994199ad
chr2_100_guide_055	columba	correctness	pilot	0	2.271961	1.059370	1.134544	1183876	1	c3c54da4b3b1f3b503865b61494f292527b3437aa387a0286081158514f6aae1	c5950d45ed0239ffca537f76d32cb881e1b3195bbb647c557de4a7bc392b276e
chr2_100_guide_056	columba	correctness	pilot	0	1.918035	0.906672	0.986774	1183800	1	2738df1e9d822f388885c2d53ebc44bc1443fb8ac7ec8a4ccba90ec9cf7cf1a3	679ce8afb980ee31fec0fcf865f42f39c724d4bfaa7d4a271072fa5767872713
chr2_100_guide_057	columba	correctness	pilot	0	2.019809	0.920263	1.049814	1183808	1	fd695fc724b9cf1f61c94765059e1dd184f692b3e9f4c4475cc565a98d7d9673	e82d35d0c889df3d8620df0ee4aab69d523c1de8c27083b510e6e6bb8a7450fa
chr2_100_guide_058	columba	correctness	pilot	0	2.375069	1.106903	1.183302	1183884	1	7e37b9cbf165a9c7568f5f3fab3ace0702b3f7c9e336910584fd4953f82ea01f	7a78f6bfc4f91f61824dfc076fc71282082a14ca940a679550edb433382fb728
chr2_100_guide_059	columba	correctness	pilot	0	2.171931	1.065799	1.057061	1183900	1	936c9e555da89573d21ba0842dce1ca9fa2b05df2ef89d72a1f692b65c072786	e3b0c44298fc1c149afbf4c8996fb92427ae41e4649b934ca495991b7852b855
chr2_100_guide_060	columba	correctness	pilot	0	2.073103	0.996901	1.013256	1183728	5	107863b98005a36126f8385cc08b8db7fae9c0e8a39d20edb74e7d7a5dd74e56	376392c0fb07ff2de9bc0e0194ab7acd85f3b5b91fd7af17febcd42821b59a53
chr2_100_guide_061	columba	correctness	pilot	0	128.223158	0.977071	0.887792	1184376	1	08cec366ada6b0833303064841934628d26f112b297b0c2107ecfafdd9974fb5	ee6078332409254f44c471382cabc3a37b616afecdc2ca6a1fbb09df9323985b
chr2_100_guide_062	columba	correctness	pilot	0	1.919596	1.111428	0.687443	1184384	7	98f0a3ab624851f48af6e828adc08b1c3f752efbde0b726db7c6b406069274ce	aa196a98babebc6555f9cc195ed5d00e988ec1ba58079172e28b59c7157aaaab
chr2_100_guide_063	columba	correctness	pilot	0	3.731502	2.087422	0.898959	1184632	53	222e8773ddb128397dfeb85789628189ade9947845a456a62c15504c5ff9643a	776492fb94e324a5541966f194af1c5c105ed3716fb9a090d13266fac763e79f
chr2_100_guide_064	columba	correctness	pilot	0	1.972423	0.999408	0.664363	1183996	1	8d8176e87a0e17abc3da278c2d15dbefb32f38966c3e9b920ec4fd05af1515f2	dc387e67d8e1a3887843c03b1fa3d0935483024100b8d94a5e7a479a769ba21b
chr2_100_guide_065	columba	correctness	pilot	0	1.767891	1.013632	0.668220	1183944	3	ff4c022cc7bfd5971ff7153c7ebc27a7fd82998085a719bbbf8f50da4f9d2905	ff3e12c7378d34265314a814ef8a4463100e2bb99066d1cc06ae7de824246d82
chr2_100_guide_066	columba	correctness	pilot	0	1.767921	1.078696	0.646289	1183996	1	d4828479545e963e81cc8217ea587128ced9df383e59ab56a5b8e656e1c25c41	47cd55ecc73a96f250443864be8a32e01e18919036f61c781a76c17a0a6da907
chr2_100_guide_067	columba	correctness	pilot	0	1.566699	0.925677	0.552144	1184060	3	b8b558b4dce1ccbcd2dd2f32a97dadb1ff6cdd7871f44ff4bc59fe04bf9aabfc	bf31c5bd206d570b781f2a952b581fa601a8335f2ad52b310a405483eb1107b4
chr2_100_guide_068	columba	correctness	pilot	0	1.615639	0.872553	0.664932	1183900	2	197247c9d653d2615364c25804978058527b926cc08455ebc0717a00cc887897	df44134e47fe199ad3c116d5f7b86067887f9fbfdc90c33e5e3fabaf890111a2
chr2_100_guide_069	columba	correctness	pilot	0	1.718778	1.032506	0.627810	1184052	1	2aceda26441b8d2230c3cddf2578bec3a0110748c19ffe14fe682f38c418bd5d	b1ee32ace9952c80659d08e8ce79c5af62a7f09bf3d868c78c9c0f277982d8d4
chr2_100_guide_070	columba	correctness	pilot	0	1.820984	1.023207	0.655268	1184076	1	4a6150b44f776e1d1413f60c0d0ad7df8353f1ae1d7aa3c08eb7b75be4b4e5de	4d19b0dbabc6a6219332f38b6fb8106ad6d651d3b89e43d79f3a05c34deff0fd
chr2_100_guide_071	columba	correctness	pilot	0	90.865898	1.158263	1.238172	1183896	6	3dbd6e701f6d5d7ad93846b44df9e239f86eec62d2eec993b32e9366faa91899	1135dcf1f1153f20a985621909f6229b1e658499a7f5cc9e6b9bc104612fae97
chr2_100_guide_072	columba	correctness	pilot	0	1.667031	0.964491	0.635498	1183900	1	5d1eaf11968d604209b54a81f8a3d6d1615221dbc7faf6cded5b7cea63acebf2	359b96d909106a8984347399431a33ff204a5e94dad2bcd8bcb1549edd0276ad
chr2_100_guide_073	columba	correctness	pilot	0	1.766638	0.896198	0.824023	1183764	2	06e22ac54512f8a4d5cf660c7fe201354c88d8ed0ca60b8d92442b4aff37632d	cc4ff614288b0eef874b4998f61ff1c9bf87e75bc71392471a92b31e861693ca
chr2_100_guide_074	columba	correctness	pilot	0	1.918904	0.962941	0.831306	1184084	1	e64dd0f00e7e244104d25c0f65407d49f132fea8df442101c296994519f432ae	6550ff87a93522900142e8b78f9fe480597356dbc3d4f82919bad35f1a3a3db7
chr2_100_guide_075	columba	correctness	pilot	0	1.364805	0.767333	0.532597	1184192	2	1a85bd9b971e616ad64b51b8708fb56dd502c9fa901c055b93d1b59202d858f4	c189377c028cef66a1b9f1e5dd8184e48e42ee23b87dd35b328a26baf88f3065
chr2_100_guide_076	columba	correctness	pilot	0	1.969341	1.113601	0.687658	1183988	3	8b8334440e7ed6dba91b504221243417ea2596bdfb93f90e24aeef3f1b09b3e5	1b3b2a935fb931dd6f08e714c8575c215c9d290189f2b33f6f9f4ca27e105556
chr2_100_guide_077	columba	correctness	pilot	0	1.819000	0.892552	0.876772	1184072	4	1405e11e7c8c777700eb869e8400834f09543ad0bdd4f4cc8a3d626b9ce28f8e	35fa34c64c2751127232ef0715df6db44e6e11f0ed42025785c620fc9a027db6
chr2_100_guide_078	columba	correctness	pilot	0	1.871021	0.843322	0.934445	1184020	1	3160d7c64925f7dc5efc06b015f0479f3236e630afb3c95a1b679ce18ef52a9d	10f55d473bb56b73f3c4bcdea056b2bc9587881431fad37610d31c65cefdec54
chr2_100_guide_079	columba	correctness	pilot	0	1.465174	0.799350	0.554424	1184124	2	be19624b2c77cf71a45f0c94b616f4df5c19b8e6b7a45d74c7726a3980025000	822d695c1cb13a4cc58ee899cea2a6f3ecb9d8601f962acd9bc6a9cb26e27e81
chr2_100_guide_080	columba	correctness	pilot	0	1.718503	1.031605	0.602231	1184164	12	d20fe7f34e33cb3f4eccfba6bca6795e49838ee1a51143573fca4f01edc26b01	dcc4b65e1c9c3f56eee774ac8cf45e01783215a741fd1e397a95ffff2b5f8150
chr2_100_guide_081	columba	correctness	pilot	0	2.325717	1.188485	1.078468	1183976	2	c5aca4de6d66d2695407e32ab8c294d6009a2eaa97ab3b0b1bfeb80e03763471	dd710595ad78fce8865b5617887b37004b9aac2f0476f05df57fa1addf801b62
chr2_100_guide_082	columba	correctness	pilot	0	2.272955	1.012772	1.205980	1184024	1	c8b417da2dccf7e8b66503d1b569ba8f51160132e1bc6cfa0913422d090197d8	5c091133b79e379a42deea46570fca8968585b3a350787116b94ca481ce43d80
chr2_100_guide_083	columba	correctness	pilot	0	2.728731	1.257047	1.279294	1183800	44	a468a5821a1fe10f7a4e8583195a0ebd01c763b0949b4f3681e75ed3f6871dfb	cde35d9575b5c32808d6eaed2ff75ac79d4e8f87645250352ae4998d216cd676
chr2_100_guide_084	columba	correctness	pilot	0	2.275983	1.092098	1.068593	1183820	1	1f39a5e441ea77599b4a51c7fa6a268643714a2285d51575637f0ec05b8ccd08	242ced5857ead546dbc440560d8a7c0d9d99834ae51d3e4d458a5d1d07ceb692
chr2_100_guide_085	columba	correctness	pilot	0	2.273477	1.075857	1.120573	1183996	1	b91101ff3644122e80926dacc0e8082463da07408f94e8a323cad88edc5aa0a3	7082985345e2fbfe712941cf6c2d86dc33915378b2c578b7aeceb841390b0824
chr2_100_guide_086	columba	correctness	pilot	0	2.273753	1.105451	1.092941	1184132	1	3a4f9b7fb7360a0f9081d4d3a44c0438dbeb5334b61fdd768b92eac57751d3e3	4f081f68c04adb67cf6075f2891f974cae565ace057c9dc0d925a180f816c645
chr2_100_guide_087	columba	correctness	pilot	0	2.624957	1.163130	0.956143	1183828	1	33173f79b391313b857acbf051a6f433f12d6fda1ddd040370abacc3c90d867a	89ad4d4ac963d688e800b31da1f02121c0bf2a3267e7b555cfbf80894b76da0e
chr2_100_guide_088	columba	correctness	pilot	0	2.322804	1.138079	1.142569	1183880	1	8404e6c9611090b86700ab5b6f407c30396d1bf634c59ddc70e0b91bcf8deed2	691461c1d7f88e7ba89c466af5da2ea4b04438386ffebf3a6d2739533f7ff4d6
chr2_100_guide_089	columba	correctness	pilot	0	2.275392	1.110902	1.024045	1183936	1	89e2e5e6d5342dc2a3500948d323fe2bd41e1639ddb9b19004a689e4ae4aab68	cc0c24704f998fb81f4b0f9ecb5bd25c0a3d8600acdb03fb5c67dd79730980c8
chr2_100_guide_090	columba	correctness	pilot	0	2.074434	1.007239	1.023667	1183832	1	2448e1d3e5704d4689594f612226e267dce72f9378c6be13510fed2d329bdf13	749acbc54c03509ec4204fe0a05f370a5be2032e9be8d49fe3e7475397b46334
chr2_100_guide_091	columba	correctness	pilot	0	1.666999	0.991903	0.619663	1183952	1	e26b94324ae8ad1a316b22613f9e800c93ba9e554a1f3780b6029528ea9c0aaf	2a57bfef51177856feafcd31192bba2dadb861a01daf9d0cad10bea1a68917ad
chr2_100_guide_092	columba	correctness	pilot	0	2.121068	1.043462	0.938012	1183808	3	e3b8f41a545f2dfee5bb6c610f01f239570f3008c48a9a10a678813202acc225	6212428fbeb6b00b1f1da7e79a9e12ac2e7f6794ff5ba1404348a5f8d0425d74
chr2_100_guide_093	columba	correctness	pilot	0	2.020002	0.999536	0.956897	1184156	1	f6eff8c392955d9c76023676f1133024f174c5a7fefa09c1f4f150e0fa4a3a37	2dd1781e77a3259a7f31dc8b290fd9dfa8d43fff8bbabf0f4ec34811f6594d29
chr2_100_guide_094	columba	correctness	pilot	0	1.617811	0.949187	0.622839	1184132	1	cc76711b4c3870fec74e88bccf065a49af2b4a2857a1e5d1b110a570ad0367d3	7b853602214a0199f07688a1eaf857ece32faea6cb7f6094389e96f2d2132c78
chr2_100_guide_095	columba	correctness	pilot	0	1.770631	0.989084	0.659424	1184056	1	ba6821819cf73e4d0cb476976180d5ebaeabd9bf62585947a0e70673da298231	302dddb2e4d43373457668ffbb7c40cd8dd4745cba4ee59a3297b79bd86fa680
chr2_100_guide_096	columba	correctness	pilot	0	2.020626	1.032398	0.792573	1184140	1	e52b650b23680c96b04fce4997c4af753f07415cbe884dd0d2fa7ec272bcfc65	be28aed60020a418bed72ed21890c349753e7ca9613554dfa291e060bf67a78f
chr2_100_guide_097	columba	correctness	pilot	0	1.771056	1.012515	0.619282	1184172	3	e993fd25de231a0a1a4fb6d06be4f4239a718fa73464c548b76670767f9205eb	f1df14a6405f6cf74e84b88e5271505323de017ebc164994c0c56cb44538ce9f
chr2_100_guide_098	columba	correctness	pilot	0	1.617116	0.991459	0.575392	1184528	2	f7c767ac24b7f8b2ad55bb4b6dcc308ffe648e12d20c32c73e399cd07a28f6d2	f19e32e0471f98ba61a2c455bf2d6ff0b11cbc7ba9749bd59d84c85d9ecf9660
chr2_100_guide_099	columba	correctness	pilot	0	2.020537	1.040805	0.846986	1184276	3	0ade50c3277afe88f374d3126466b262eab11a5f3633117d67a4e31679169cf8	be11c863503b87af4c1489418a4d96879ac08a32959e4210f438a5665da1cca0
chr2_100_guide_100	columba	correctness	pilot	0	4.079671	1.009989	1.023124	1183880	1	41d33aa17ca7784b5f6199424ff8db2c3b2d4680ce1bfa65443f9853f35e9dc3	bb73f84ea74e2615c640fa23d4c6cc7f1c5b70e1d2659c13672b965f8c4e7e82
