guide_id	mode	phase	iteration	exit_status	wall_seconds	user_seconds	system_seconds	peak_rss_kib	paf_records	stdout_sha256	stderr_sha256
chr2_100_guide_001	baseline	timing	measured_1	0	106.075647	90.071230	0.127981	573396	151	89e03dd6a1af07824391c7d2c15effafe510f0577d3b471a8f64db9eb7c54a60	e3b0c44298fc1c149afbf4c8996fb92427ae41e4649b934ca495991b7852b855
chr2_100_guide_002	baseline	timing	measured_1	0	92.385711	92.257180	0.083997	574196	1	b091fa2b46c182a8a67a094bd3c9f50095419fe615fc28736ed56aa20fc8c4ee	e3b0c44298fc1c149afbf4c8996fb92427ae41e4649b934ca495991b7852b855
chr2_100_guide_003	baseline	timing	measured_1	0	91.885177	90.683109	0.087999	575032	3	e272d0afebb6c96e651b4fea78b121d1e71748a44d6b8ceac0bb33c7d7d36645	e3b0c44298fc1c149afbf4c8996fb92427ae41e4649b934ca495991b7852b855
chr2_100_guide_004	baseline	timing	measured_1	0	92.781206	92.667592	0.063999	574940	1	e01c3f3850fa1094a4e3e5f167ec427b3ecfa0222c679119f51fc05c8d278e4b	e3b0c44298fc1c149afbf4c8996fb92427ae41e4649b934ca495991b7852b855
chr2_100_guide_005	baseline	timing	measured_1	0	91.273637	91.115706	0.103995	576084	1	f3ad299ad34e05ae1ed6176040951b955f5080a7dc9b5239548d1d748ef966ca	e3b0c44298fc1c149afbf4c8996fb92427ae41e4649b934ca495991b7852b855
chr2_100_guide_006	baseline	timing	measured_1	0	90.018370	89.893101	0.087997	573036	2	b1490c4399cf265a7d1d1c32b362fc8231d079c00bb7b0854a01650c2da8c154	e3b0c44298fc1c149afbf4c8996fb92427ae41e4649b934ca495991b7852b855
chr2_100_guide_007	baseline	timing	measured_1	0	90.323034	90.042483	0.095998	573468	1	091e9622b14c37aa505f26d01e97a9d8dd07526b3fe6f3f1fc3bcb5642dbf423	e3b0c44298fc1c149afbf4c8996fb92427ae41e4649b934ca495991b7852b855
chr2_100_guide_008	baseline	timing	measured_1	0	91.030539	90.921544	0.092001	574148	1	44dfce4b19be7bceaf292acab37ac3cfd17a12af95bd8d9c6773c50e0fc8287b	e3b0c44298fc1c149afbf4c8996fb92427ae41e4649b934ca495991b7852b855
chr2_100_guide_009	baseline	timing	measured_1	0	92.142153	91.953758	0.111997	574984	1	b4025a0c05001632d3d9819897b20c5cb6adb85f8b58dfb3684ae82f3e55a445	e3b0c44298fc1c149afbf4c8996fb92427ae41e4649b934ca495991b7852b855
chr2_100_guide_010	baseline	timing	measured_1	0	91.685739	91.452053	0.087973	574312	1	6665827947d32899e2f4c3d5d9f9996e310bdee2090ef0d19a9e643826cfd20e	e3b0c44298fc1c149afbf4c8996fb92427ae41e4649b934ca495991b7852b855
chr2_100_guide_011	baseline	timing	measured_1	0	109.217405	93.170416	0.155983	574984	1	bb40e37be897f83a1b15371e404bdb88006f765dd588625f1d80d95fae1ad5aa	e3b0c44298fc1c149afbf4c8996fb92427ae41e4649b934ca495991b7852b855
chr2_100_guide_012	baseline	timing	measured_1	0	90.428079	90.287926	0.056002	573492	4	8de3d6e1cc74fb61b3b3f7cc888d929f976a2a5501d5206b51113d5172e835a6	e3b0c44298fc1c149afbf4c8996fb92427ae41e4649b934ca495991b7852b855
chr2_100_guide_013	baseline	timing	measured_1	0	91.382225	90.783704	0.079999	574880	15	4be924d893b77635b43941ff6fe1abec972bb13b854a9100a9e6f23ade046cd6	e3b0c44298fc1c149afbf4c8996fb92427ae41e4649b934ca495991b7852b855
chr2_100_guide_014	baseline	timing	measured_1	0	90.124209	90.014337	0.080002	574732	2	0443657d2efb5794b44960262e648576461066b30a4b8e25574159fadae2eb2b	e3b0c44298fc1c149afbf4c8996fb92427ae41e4649b934ca495991b7852b855
chr2_100_guide_015	baseline	timing	measured_1	0	90.221974	90.070099	0.083994	573032	1	42e895974b61d6a6f346dea6886300a8fe271754b1d94bdce59b758505195a83	e3b0c44298fc1c149afbf4c8996fb92427ae41e4649b934ca495991b7852b855
chr2_100_guide_016	baseline	timing	measured_1	0	89.576962	89.475944	0.075999	573332	2	8657fd291b214f97a5fe5f222b4dc6b878b921969dd7bd6ffb1ed5b3783a610e	e3b0c44298fc1c149afbf4c8996fb92427ae41e4649b934ca495991b7852b855
chr2_100_guide_017	baseline	timing	measured_1	0	89.429206	89.271523	0.091999	573208	3	8bf7f4c8deeca939eb4745df5ef9388ba15f3dbbb1840c8a4fe7cbd4482ae156	e3b0c44298fc1c149afbf4c8996fb92427ae41e4649b934ca495991b7852b855
chr2_100_guide_018	baseline	timing	measured_1	0	91.222987	91.107092	0.095999	573064	1	2f7599cbfd417906a733f1e345af049f64a300adde46b600f2098f8585fcc3c6	e3b0c44298fc1c149afbf4c8996fb92427ae41e4649b934ca495991b7852b855
chr2_100_guide_019	baseline	timing	measured_1	0	91.278621	91.161003	0.096001	574276	5	333adca6eb5064c71684544c92792172a7afaaf524f435f9dd3f38cfa3f32cce	e3b0c44298fc1c149afbf4c8996fb92427ae41e4649b934ca495991b7852b855
chr2_100_guide_020	baseline	timing	measured_1	0	91.095375	90.635429	0.087987	575040	2	99ec5b4b39d482803291f17eebe25d0787d2048ba02a2d2eb4db977d9915bf1b	e3b0c44298fc1c149afbf4c8996fb92427ae41e4649b934ca495991b7852b855
chr2_100_guide_021	baseline	timing	measured_1	0	107.736999	91.638279	0.199970	574952	1	5a33f103dbf056bba7fe5c613e707661017238c690f2c7259b5e11652f617597	e3b0c44298fc1c149afbf4c8996fb92427ae41e4649b934ca495991b7852b855
chr2_100_guide_022	baseline	timing	measured_1	0	90.025745	89.867581	0.103994	573588	1	917aafb006a22d16b37a281effd7ff0c4654ed8bc78198c61f5d22b8b2e55adf	e3b0c44298fc1c149afbf4c8996fb92427ae41e4649b934ca495991b7852b855
chr2_100_guide_023	baseline	timing	measured_1	0	90.822337	90.710808	0.087998	573116	1	e8a89348acfae06a87d8f971055db0655a3c9f9eca2f7ab4c60cb6d77791f26b	e3b0c44298fc1c149afbf4c8996fb92427ae41e4649b934ca495991b7852b855
chr2_100_guide_024	baseline	timing	measured_1	0	91.002331	90.869158	0.104001	573124	5	e2ad111331f9b5cca186b87b9828b06dce90ea1131a5627ec0f388039d6f82e0	e3b0c44298fc1c149afbf4c8996fb92427ae41e4649b934ca495991b7852b855
chr2_100_guide_025	baseline	timing	measured_1	0	89.869866	89.742024	0.068001	573136	2	ca8a65f8c4f371c9f0811103328f2063824484c4d4b71bf8fb6ec61c1431b3ec	e3b0c44298fc1c149afbf4c8996fb92427ae41e4649b934ca495991b7852b855
chr2_100_guide_026	baseline	timing	measured_1	0	91.386611	91.210983	0.067999	573556	1	9f390b604c806c3994037804907776beb4d5a4a66cab2023c3e8d42e89ae2a63	e3b0c44298fc1c149afbf4c8996fb92427ae41e4649b934ca495991b7852b855
chr2_100_guide_027	baseline	timing	measured_1	0	90.022767	89.893652	0.088001	573276	2	ca50919602354349f76967e1050b5a3325a70ac7e04d15c9aca51ed7fcc9ea6a	e3b0c44298fc1c149afbf4c8996fb92427ae41e4649b934ca495991b7852b855
chr2_100_guide_028	baseline	timing	measured_1	0	92.989132	91.639423	0.104003	574148	1	7aaa1cf50dd7c5b5d1c81d7db9510966938f6f670e0c2188ab89e8347134cb1c	e3b0c44298fc1c149afbf4c8996fb92427ae41e4649b934ca495991b7852b855
chr2_100_guide_029	baseline	timing	measured_1	0	90.054299	89.920058	0.075996	572992	1	1043bc44ffca5c8f5a9a1956e02c9e5abcb81a398b2de62ebdecbf4ac84194a0	e3b0c44298fc1c149afbf4c8996fb92427ae41e4649b934ca495991b7852b855
chr2_100_guide_030	baseline	timing	measured_1	0	90.226954	89.732733	0.096000	573192	2	d29c977afdb9e4dc9ed374b7184ebad61d241ecef701abfd5c7b4a5cdc16605a	e3b0c44298fc1c149afbf4c8996fb92427ae41e4649b934ca495991b7852b855
chr2_100_guide_031	baseline	timing	measured_1	0	90.279572	90.101229	0.135995	573384	2	599978a4a2567f3700eaa04c9d7e2fd415b7a8dd59261d99f8b8818ead43bb81	e3b0c44298fc1c149afbf4c8996fb92427ae41e4649b934ca495991b7852b855
chr2_100_guide_032	baseline	timing	measured_1	0	90.527523	90.438078	0.076001	573368	2	15b7fa659b00794ceda7be7f1369090311c6ba7473c517f4b44f82db38243fc0	e3b0c44298fc1c149afbf4c8996fb92427ae41e4649b934ca495991b7852b855
chr2_100_guide_033	baseline	timing	measured_1	0	89.982076	89.837998	0.103993	573088	2	9cb9b033b4d4346d59aeb64fb75479c6a8a2f45a583b8e6f451e6c1a936bb5ea	e3b0c44298fc1c149afbf4c8996fb92427ae41e4649b934ca495991b7852b855
chr2_100_guide_034	baseline	timing	measured_1	0	92.111605	90.572395	0.075993	574320	1	fe3d8b47c35802ac6b57ec8cb4561109f4f0d22f8e3159743f110e5a2ef00c6c	e3b0c44298fc1c149afbf4c8996fb92427ae41e4649b934ca495991b7852b855
chr2_100_guide_035	baseline	timing	measured_1	0	90.829818	90.569087	0.087993	574108	1	c295719972feb4753a386c1cf65a399133d35309979b8d4aace21d83944e868e	e3b0c44298fc1c149afbf4c8996fb92427ae41e4649b934ca495991b7852b855
chr2_100_guide_036	baseline	timing	measured_1	0	90.146484	89.961943	0.103992	575356	3	e9b6c099e7b18393e73796bb8702da974cf77c74158428bc997fae9e2d06bf58	e3b0c44298fc1c149afbf4c8996fb92427ae41e4649b934ca495991b7852b855
chr2_100_guide_037	baseline	timing	measured_1	0	89.189855	88.936372	0.143981	573440	1	5a237c119e3f0aeaef65923d66e6dc0c29804c0d3b690cf8bd75740dfd5dcd8b	e3b0c44298fc1c149afbf4c8996fb92427ae41e4649b934ca495991b7852b855
chr2_100_guide_038	baseline	timing	measured_1	0	91.735654	91.617773	0.079998	574296	1	b9e34fe8ccb092578da22649335a71c80d9db878cf3a4451778fd98e9b5ec22e	e3b0c44298fc1c149afbf4c8996fb92427ae41e4649b934ca495991b7852b855
chr2_100_guide_039	baseline	timing	measured_1	0	90.445034	90.293562	0.099992	573608	76	83a062e6fbde8a21bc37d1d414532b78dba8e5044f9664d41c710c77979d56cf	e3b0c44298fc1c149afbf4c8996fb92427ae41e4649b934ca495991b7852b855
chr2_100_guide_040	baseline	timing	measured_1	0	89.413790	89.300319	0.059997	575188	1	38f3709f6a076b2aebea7f182579ef6f37f34c190ffdbc0f69f1f02f15cf41e2	e3b0c44298fc1c149afbf4c8996fb92427ae41e4649b934ca495991b7852b855
chr2_100_guide_041	baseline	timing	measured_1	0	90.528158	90.436031	0.076000	575008	17	f278cbf1a62ea5c9932d507383c8eed812a014396c12860d1e19965eb22bf1ad	e3b0c44298fc1c149afbf4c8996fb92427ae41e4649b934ca495991b7852b855
chr2_100_guide_042	baseline	timing	measured_1	0	90.430397	90.319810	0.091999	573548	3	f2e9c5be3c3d0c5d7cca6aeb545d8be18824e4b1f9cef466e95b0c17a8870bfb	e3b0c44298fc1c149afbf4c8996fb92427ae41e4649b934ca495991b7852b855
chr2_100_guide_043	baseline	timing	measured_1	0	92.136382	91.969101	0.080000	576056	1	c5aef2b2dc9b811d70509f0600268cfeeea951a45e2dd18e91e0d25bcac4d376	e3b0c44298fc1c149afbf4c8996fb92427ae41e4649b934ca495991b7852b855
chr2_100_guide_044	baseline	timing	measured_1	0	92.541886	92.404979	0.103987	575960	1	5be3bb64196bba4de7ff72f4ddc64a4237957ea9dfe8c50b732a0406977860fe	e3b0c44298fc1c149afbf4c8996fb92427ae41e4649b934ca495991b7852b855
chr2_100_guide_045	baseline	timing	measured_1	0	90.363368	90.170085	0.115992	573492	1	ba1cc74a5f1d95ea7d0795faf9bf73f534385bad49252bef55f7f6db746e850d	e3b0c44298fc1c149afbf4c8996fb92427ae41e4649b934ca495991b7852b855
chr2_100_guide_046	baseline	timing	measured_1	0	90.432388	90.309664	0.079987	573100	6	7a9ae61cb58a588ce044cb523c551780386c1adb57b26b12bebefd9f46abe291	e3b0c44298fc1c149afbf4c8996fb92427ae41e4649b934ca495991b7852b855
chr2_100_guide_047	baseline	timing	measured_1	0	91.182821	91.004967	0.103991	573444	2	6691b01bf3d1810ca2b6a7944b727a56a0f9dd67aa12b183a7bc64b627719bcf	e3b0c44298fc1c149afbf4c8996fb92427ae41e4649b934ca495991b7852b855
chr2_100_guide_048	baseline	timing	measured_1	0	91.485584	91.328819	0.091988	573288	2	ca2b5657752a6136af93ce94b0141600b7a4ef3c355b01f25ce63a7c16a005f2	e3b0c44298fc1c149afbf4c8996fb92427ae41e4649b934ca495991b7852b855
chr2_100_guide_049	baseline	timing	measured_1	0	90.132628	89.999853	0.099995	574304	1	2299ea9435c0020f18baac07162b342f90b144a6602120c2bc1e0d73615a15a6	e3b0c44298fc1c149afbf4c8996fb92427ae41e4649b934ca495991b7852b855
chr2_100_guide_050	baseline	timing	measured_1	0	90.029209	89.867767	0.107994	574316	1	cf48956c67e54b1e7a8cdb066882ff8398ce3dded5d7e4117a8c857968c4e440	e3b0c44298fc1c149afbf4c8996fb92427ae41e4649b934ca495991b7852b855
chr2_100_guide_051	baseline	timing	measured_1	0	90.275429	90.160477	0.084000	573608	1	c86006645507230946bb4bfe446a2c8b5186d0a69ac04a9917743c4b3671dbac	e3b0c44298fc1c149afbf4c8996fb92427ae41e4649b934ca495991b7852b855
chr2_100_guide_052	baseline	timing	measured_1	0	92.328493	89.987588	0.111994	573192	7	9f092a83d179772a56ba23b1413b48e434bbe318a5342d741b5f798fde25c2a4	e3b0c44298fc1c149afbf4c8996fb92427ae41e4649b934ca495991b7852b855
chr2_100_guide_053	baseline	timing	measured_1	0	91.034355	90.927017	0.075995	573180	1	d29763bda82cdad0c19b6abc1d72c355c6efc0f4f6dc38f426542179ec23be49	e3b0c44298fc1c149afbf4c8996fb92427ae41e4649b934ca495991b7852b855
chr2_100_guide_054	baseline	timing	measured_1	0	92.240973	92.129703	0.079991	573716	404	9a61302226a3da87d9d1e5028f0c7e966917547d31c65e3c05fd181f840a8b64	e3b0c44298fc1c149afbf4c8996fb92427ae41e4649b934ca495991b7852b855
chr2_100_guide_055	baseline	timing	measured_1	0	89.810710	89.640586	0.071990	574332	1	c3c54da4b3b1f3b503865b61494f292527b3437aa387a0286081158514f6aae1	e3b0c44298fc1c149afbf4c8996fb92427ae41e4649b934ca495991b7852b855
chr2_100_guide_056	baseline	timing	measured_1	0	89.279071	89.114754	0.103993	573284	1	2738df1e9d822f388885c2d53ebc44bc1443fb8ac7ec8a4ccba90ec9cf7cf1a3	e3b0c44298fc1c149afbf4c8996fb92427ae41e4649b934ca495991b7852b855
chr2_100_guide_057	baseline	timing	measured_1	0	92.973570	92.753179	0.091993	573080	1	fd695fc724b9cf1f61c94765059e1dd184f692b3e9f4c4475cc565a98d7d9673	e3b0c44298fc1c149afbf4c8996fb92427ae41e4649b934ca495991b7852b855
chr2_100_guide_058	baseline	timing	measured_1	0	93.541066	93.377980	0.095993	573640	1	7e37b9cbf165a9c7568f5f3fab3ace0702b3f7c9e336910584fd4953f82ea01f	e3b0c44298fc1c149afbf4c8996fb92427ae41e4649b934ca495991b7852b855
chr2_100_guide_059	baseline	timing	measured_1	0	90.536487	90.387667	0.083995	574156	1	936c9e555da89573d21ba0842dce1ca9fa2b05df2ef89d72a1f692b65c072786	e3b0c44298fc1c149afbf4c8996fb92427ae41e4649b934ca495991b7852b855
chr2_100_guide_060	baseline	timing	measured_1	0	89.819873	89.661421	0.095988	573040	3	f493ad3b388323f9eb888d5a14baeba91683bed3a9da2adcc3a934f46dd3863c	e3b0c44298fc1c149afbf4c8996fb92427ae41e4649b934ca495991b7852b855
chr2_100_guide_061	baseline	timing	measured_1	0	90.830218	90.699996	0.107995	574308	1	08cec366ada6b0833303064841934628d26f112b297b0c2107ecfafdd9974fb5	e3b0c44298fc1c149afbf4c8996fb92427ae41e4649b934ca495991b7852b855
chr2_100_guide_062	baseline	timing	measured_1	0	89.279294	89.178618	0.075995	573140	5	3f0f4c950b5b989307cf0069776caa8d8d4a53bd8011c6a8dc80ad4e6f6a535f	e3b0c44298fc1c149afbf4c8996fb92427ae41e4649b934ca495991b7852b855
chr2_100_guide_063	baseline	timing	measured_1	0	89.525510	89.405890	0.079998	573188	18	8a73d42743a36bf356ce2397d12e50cf6f262071a2db9123ae897b86805dd401	e3b0c44298fc1c149afbf4c8996fb92427ae41e4649b934ca495991b7852b855
chr2_100_guide_064	baseline	timing	measured_1	0	90.528678	90.355522	0.111994	573532	1	8d8176e87a0e17abc3da278c2d15dbefb32f38966c3e9b920ec4fd05af1515f2	e3b0c44298fc1c149afbf4c8996fb92427ae41e4649b934ca495991b7852b855
chr2_100_guide_065	baseline	timing	measured_1	0	90.782482	89.641162	0.087993	573100	3	712d50757edcc3000cfdb5daa9d0ec320bb9d180b6e7b3cb28066eebbe52a48a	e3b0c44298fc1c149afbf4c8996fb92427ae41e4649b934ca495991b7852b855
chr2_100_guide_066	baseline	timing	measured_1	0	91.585923	91.468803	0.088000	573184	1	d4828479545e963e81cc8217ea587128ced9df383e59ab56a5b8e656e1c25c41	e3b0c44298fc1c149afbf4c8996fb92427ae41e4649b934ca495991b7852b855
chr2_100_guide_067	baseline	timing	measured_1	0	87.593094	87.478654	0.079995	574256	2	3b3987cbd60c4415a4a08cc8065c43b5bfa49b1e94d2c3b1aafe407b5ef13490	e3b0c44298fc1c149afbf4c8996fb92427ae41e4649b934ca495991b7852b855
chr2_100_guide_068	baseline	timing	measured_1	0	89.931164	89.835007	0.059996	574952	1	cf45548ae2491e17575b646de2a4f25a53f955b31c308ac5656cf5caceb420fa	e3b0c44298fc1c149afbf4c8996fb92427ae41e4649b934ca495991b7852b855
chr2_100_guide_069	baseline	timing	measured_1	0	91.265976	91.143650	0.083995	573260	1	2aceda26441b8d2230c3cddf2578bec3a0110748c19ffe14fe682f38c418bd5d	e3b0c44298fc1c149afbf4c8996fb92427ae41e4649b934ca495991b7852b855
chr2_100_guide_070	baseline	timing	measured_1	0	88.924112	88.825539	0.075994	573160	1	4a6150b44f776e1d1413f60c0d0ad7df8353f1ae1d7aa3c08eb7b75be4b4e5de	e3b0c44298fc1c149afbf4c8996fb92427ae41e4649b934ca495991b7852b855
chr2_100_guide_071	baseline	timing	measured_1	0	90.579109	90.416076	0.083996	573184	3	369c164c6e2a6e43f9477888495222aca5a287c4706c50228152af9a3c9c9b1e	e3b0c44298fc1c149afbf4c8996fb92427ae41e4649b934ca495991b7852b855
chr2_100_guide_072	baseline	timing	measured_1	0	89.931659	89.797183	0.091997	574248	1	5d1eaf11968d604209b54a81f8a3d6d1615221dbc7faf6cded5b7cea63acebf2	e3b0c44298fc1c149afbf4c8996fb92427ae41e4649b934ca495991b7852b855
chr2_100_guide_073	baseline	timing	measured_1	0	94.079100	93.958904	0.071996	573160	2	06e22ac54512f8a4d5cf660c7fe201354c88d8ed0ca60b8d92442b4aff37632d	e3b0c44298fc1c149afbf4c8996fb92427ae41e4649b934ca495991b7852b855
chr2_100_guide_074	baseline	timing	measured_1	0	89.876226	89.701285	0.092001	573236	1	e64dd0f00e7e244104d25c0f65407d49f132fea8df442101c296994519f432ae	e3b0c44298fc1c149afbf4c8996fb92427ae41e4649b934ca495991b7852b855
chr2_100_guide_075	baseline	timing	measured_1	0	92.187955	92.027519	0.103994	574344	2	56e5dc1886ff9f962c8b17a8ba2c9753a028f52755538d46f7d538b7a186314d	e3b0c44298fc1c149afbf4c8996fb92427ae41e4649b934ca495991b7852b855
chr2_100_guide_076	baseline	timing	measured_1	0	90.726882	90.587429	0.091995	572704	2	d11666c8b060091a197139d0e907441189ab502f50ab0a8d6dd586b7cbe4910e	e3b0c44298fc1c149afbf4c8996fb92427ae41e4649b934ca495991b7852b855
chr2_100_guide_077	baseline	timing	measured_1	0	89.353917	89.245625	0.080005	574240	3	756671c7736bea7adfde565ca3c36b295c073af34bdb1286daef92ae7b59a8a5	e3b0c44298fc1c149afbf4c8996fb92427ae41e4649b934ca495991b7852b855
chr2_100_guide_078	baseline	timing	measured_1	0	91.007045	90.834402	0.123992	574248	1	3160d7c64925f7dc5efc06b015f0479f3236e630afb3c95a1b679ce18ef52a9d	e3b0c44298fc1c149afbf4c8996fb92427ae41e4649b934ca495991b7852b855
chr2_100_guide_079	baseline	timing	measured_1	0	90.822036	90.733443	0.071997	573160	1	68ab8e3e2b84810d0357c6676a24db8a8099a771534bf86e9646e9f74a128bcc	e3b0c44298fc1c149afbf4c8996fb92427ae41e4649b934ca495991b7852b855
chr2_100_guide_080	baseline	timing	measured_1	0	90.375613	90.220977	0.111996	573544	4	5b8a815d7f49deb1c9e12468712604267c82521277502df53cdf0d9db2393cfd	e3b0c44298fc1c149afbf4c8996fb92427ae41e4649b934ca495991b7852b855
chr2_100_guide_081	baseline	timing	measured_1	0	89.570996	89.403353	0.111994	573480	1	6f196543b58c819e4db9f38f00ca07aeb33875379bc1434fc3aed02added60ec	e3b0c44298fc1c149afbf4c8996fb92427ae41e4649b934ca495991b7852b855
chr2_100_guide_082	baseline	timing	measured_1	0	91.344299	91.246274	0.087998	572964	1	c8b417da2dccf7e8b66503d1b569ba8f51160132e1bc6cfa0913422d090197d8	e3b0c44298fc1c149afbf4c8996fb92427ae41e4649b934ca495991b7852b855
chr2_100_guide_083	baseline	timing	measured_1	0	90.232035	90.064038	0.119989	573556	6	30c3fabacfec62ffccdbd7cd6900f12ae571357bb842c6b729206daf0ffa6d56	e3b0c44298fc1c149afbf4c8996fb92427ae41e4649b934ca495991b7852b855
chr2_100_guide_084	baseline	timing	measured_1	0	90.438510	90.319310	0.075999	574320	1	1f39a5e441ea77599b4a51c7fa6a268643714a2285d51575637f0ec05b8ccd08	e3b0c44298fc1c149afbf4c8996fb92427ae41e4649b934ca495991b7852b855
chr2_100_guide_085	baseline	timing	measured_1	0	89.778345	89.685870	0.079998	573216	1	b91101ff3644122e80926dacc0e8082463da07408f94e8a323cad88edc5aa0a3	e3b0c44298fc1c149afbf4c8996fb92427ae41e4649b934ca495991b7852b855
chr2_100_guide_086	baseline	timing	measured_1	0	91.733447	91.569020	0.112001	573288	1	3a4f9b7fb7360a0f9081d4d3a44c0438dbeb5334b61fdd768b92eac57751d3e3	e3b0c44298fc1c149afbf4c8996fb92427ae41e4649b934ca495991b7852b855
chr2_100_guide_087	baseline	timing	measured_1	0	88.788605	88.633224	0.131989	573184	1	33173f79b391313b857acbf051a6f433f12d6fda1ddd040370abacc3c90d867a	e3b0c44298fc1c149afbf4c8996fb92427ae41e4649b934ca495991b7852b855
chr2_100_guide_088	baseline	timing	measured_1	0	91.892178	91.739589	0.111994	574176	1	8404e6c9611090b86700ab5b6f407c30396d1bf634c59ddc70e0b91bcf8deed2	e3b0c44298fc1c149afbf4c8996fb92427ae41e4649b934ca495991b7852b855
chr2_100_guide_089	baseline	timing	measured_1	0	91.009376	90.825054	0.115986	573116	1	89e2e5e6d5342dc2a3500948d323fe2bd41e1639ddb9b19004a689e4ae4aab68	e3b0c44298fc1c149afbf4c8996fb92427ae41e4649b934ca495991b7852b855
chr2_100_guide_090	baseline	timing	measured_1	0	91.034167	90.907259	0.107999	573068	1	2448e1d3e5704d4689594f612226e267dce72f9378c6be13510fed2d329bdf13	e3b0c44298fc1c149afbf4c8996fb92427ae41e4649b934ca495991b7852b855
chr2_100_guide_091	baseline	timing	measured_1	0	91.583686	91.480193	0.067997	573460	1	e26b94324ae8ad1a316b22613f9e800c93ba9e554a1f3780b6029528ea9c0aaf	e3b0c44298fc1c149afbf4c8996fb92427ae41e4649b934ca495991b7852b855
chr2_100_guide_092	baseline	timing	measured_1	0	89.732826	89.629305	0.072001	573204	3	49d3c451fda2d0acce021e6a7ead85e88d7e72d860556a16ae4de8c991b3ee6b	e3b0c44298fc1c149afbf4c8996fb92427ae41e4649b934ca495991b7852b855
chr2_100_guide_093	baseline	timing	measured_1	0	90.494448	90.360033	0.083974	573172	1	f6eff8c392955d9c76023676f1133024f174c5a7fefa09c1f4f150e0fa4a3a37	e3b0c44298fc1c149afbf4c8996fb92427ae41e4649b934ca495991b7852b855
chr2_100_guide_094	baseline	timing	measured_1	0	90.285097	90.119870	0.095987	574224	1	cc76711b4c3870fec74e88bccf065a49af2b4a2857a1e5d1b110a570ad0367d3	e3b0c44298fc1c149afbf4c8996fb92427ae41e4649b934ca495991b7852b855
chr2_100_guide_095	baseline	timing	measured_1	0	90.326158	90.222281	0.072005	575864	1	ba6821819cf73e4d0cb476976180d5ebaeabd9bf62585947a0e70673da298231	e3b0c44298fc1c149afbf4c8996fb92427ae41e4649b934ca495991b7852b855
chr2_100_guide_096	baseline	timing	measured_1	0	90.877629	90.786924	0.067996	573036	1	e52b650b23680c96b04fce4997c4af753f07415cbe884dd0d2fa7ec272bcfc65	e3b0c44298fc1c149afbf4c8996fb92427ae41e4649b934ca495991b7852b855
chr2_100_guide_097	baseline	timing	measured_1	0	90.827746	90.658794	0.103994	573220	3	e993fd25de231a0a1a4fb6d06be4f4239a718fa73464c548b76670767f9205eb	e3b0c44298fc1c149afbf4c8996fb92427ae41e4649b934ca495991b7852b855
chr2_100_guide_098	baseline	timing	measured_1	0	91.633935	91.537173	0.047998	574900	2	f65b80a54ba3a66e73b4abd8dd47f074be4e0c5a15811dff77e20b6aef884f22	e3b0c44298fc1c149afbf4c8996fb92427ae41e4649b934ca495991b7852b855
chr2_100_guide_099	baseline	timing	measured_1	0	90.682536	90.542932	0.071995	573088	3	0ade50c3277afe88f374d3126466b262eab11a5f3633117d67a4e31679169cf8	e3b0c44298fc1c149afbf4c8996fb92427ae41e4649b934ca495991b7852b855
chr2_100_guide_100	baseline	timing	measured_1	0	90.478854	90.345699	0.055998	573404	1	41d33aa17ca7784b5f6199424ff8db2c3b2d4680ce1bfa65443f9853f35e9dc3	e3b0c44298fc1c149afbf4c8996fb92427ae41e4649b934ca495991b7852b855
chr2_100_guide_001	columba	timing	measured_1	0	49.184623	0.552360	0.992496	1183956	170	ed60810744eb837c6917ed932c49aeb24071f5560341cc47c15bb30073c3e557	6a7515e3a928c0f69de8e15130c616f406a3e11a5f57447cc750104ac92ab57e
chr2_100_guide_002	columba	timing	measured_1	0	1.259127	0.529361	0.653589	1183884	1	b091fa2b46c182a8a67a094bd3c9f50095419fe615fc28736ed56aa20fc8c4ee	fcb111d8f13e0c6fc56b3a46cb2607dbd0803db82279a8f8d3d3a4ca0648a2d1
chr2_100_guide_003	columba	timing	measured_1	0	1.208432	0.540730	0.636182	1184048	3	7dd65faa22ef6ae127ad1cffb7c78fc9e83043b91c35e6c65bd41d6a842d34f7	eaf2b0acaded0d6e6e3f1d88899d4582a8b8098946704264d3331b43b2716abf
chr2_100_guide_004	columba	timing	measured_1	0	1.259201	0.519406	0.672081	1184008	1	e01c3f3850fa1094a4e3e5f167ec427b3ecfa0222c679119f51fc05c8d278e4b	d190ef6ee41bc19d839f5330a7322ae8e74d9d13d496260f91e3557b3a905e33
chr2_100_guide_005	columba	timing	measured_1	0	1.258530	0.567637	0.592628	1183800	1	f3ad299ad34e05ae1ed6176040951b955f5080a7dc9b5239548d1d748ef966ca	1874722b9151883ea27797212ef8190251ffc138100c1d39d76f7cc5a9165cda
chr2_100_guide_006	columba	timing	measured_1	0	1.208274	0.528751	0.643147	1183952	2	b1490c4399cf265a7d1d1c32b362fc8231d079c00bb7b0854a01650c2da8c154	ccf1be32a917a57f2b94acdab5ae569adbc676b11063e23c3f79cf17b5e28d95
chr2_100_guide_007	columba	timing	measured_1	0	1.408122	0.502493	0.644657	1184040	2	67bb33c3f496eb7d6c32ecb265c4e2be4f81419b295dfa33e174bf836bcb8340	59eb321834fb49f035b29dcc7249fda29a34a72e5adb542954a62a9034bf826f
chr2_100_guide_008	columba	timing	measured_1	0	1.208649	0.525995	0.626211	1183864	1	44dfce4b19be7bceaf292acab37ac3cfd17a12af95bd8d9c6773c50e0fc8287b	f6c509c1c2194471b881be711bbbacb57710beff738cb343daff4f5f83534ed9
chr2_100_guide_009	columba	timing	measured_1	0	1.208254	0.544219	0.592952	1184024	1	b4025a0c05001632d3d9819897b20c5cb6adb85f8b58dfb3684ae82f3e55a445	e3b0c44298fc1c149afbf4c8996fb92427ae41e4649b934ca495991b7852b855
chr2_100_guide_010	columba	timing	measured_1	0	1.208862	0.490639	0.613178	1183792	1	6665827947d32899e2f4c3d5d9f9996e310bdee2090ef0d19a9e643826cfd20e	e06ea000294559bc261349fa8bd9e1628d3357868f4f731110fc4a60bc900486
chr2_100_guide_011	columba	timing	measured_1	0	49.149376	0.637008	0.909779	1183788	1	bb40e37be897f83a1b15371e404bdb88006f765dd588625f1d80d95fae1ad5aa	5ad58f792abc417318dfd38ec6825cd97a6eb1a6ed3cd9fdf0a7b4fd493d3422
chr2_100_guide_012	columba	timing	measured_1	0	1.913692	0.731269	0.876034	1184540	9	66cb13e291a9e27105f1caae231acf4a8bd8aa488438dacfddfc5216243206d7	462dd2c8d1f23b7ce4fec7a0090771e43a9de09ed355d3a56257403c9765daf0
chr2_100_guide_013	columba	timing	measured_1	0	2.716634	1.059043	0.956577	1185228	322	16ffdaca63b1aa805f3917a0708a291bfbdb86d116fb8da03bfd4fe6d6747062	dc6d3f8ae6cc882027df18760781e4e0515f80fb168b146f26a8ad8afb46a2eb
chr2_100_guide_014	columba	timing	measured_1	0	1.208084	0.533421	0.601832	1184028	2	0443657d2efb5794b44960262e648576461066b30a4b8e25574159fadae2eb2b	44bb640530bd1c4f22cdab2c9b675114c5a585f98d0e4dc5fa7a6c95b62550c8
chr2_100_guide_015	columba	timing	measured_1	0	1.258153	0.518114	0.649630	1183996	1	42e895974b61d6a6f346dea6886300a8fe271754b1d94bdce59b758505195a83	756649f556ef8b11a119d8d3b9814ad2298e11fa90e0b0f7184b0de224ae3057
chr2_100_guide_016	columba	timing	measured_1	0	1.207720	0.556447	0.596386	1183796	2	8657fd291b214f97a5fe5f222b4dc6b878b921969dd7bd6ffb1ed5b3783a610e	604d714efe53cecde984144ee750ac37cc774f03295c3f3b16f5390d6c9234cf
chr2_100_guide_017	columba	timing	measured_1	0	1.207693	0.526478	0.645814	1183956	3	9a7dd4d0c1afc7f1d67a7055c718e0057820c6eaa77ab632b4e8b28677a6f1fe	fd36d278f0a16821748638370e729bc9868ac14ee99c1794734eae0780b66b07
chr2_100_guide_018	columba	timing	measured_1	0	1.208166	0.547081	0.594797	1183864	1	2f7599cbfd417906a733f1e345af049f64a300adde46b600f2098f8585fcc3c6	afdfe1b38cfb029a37804712c5726d1c887a1e65c620d57942063dce98ff5e41
chr2_100_guide_019	columba	timing	measured_1	0	1.257622	0.481966	0.690736	1184164	6	fff07c8f19a2e1a91b3c6747b0971040fe92615b096894c2c75d1313b37c5047	ca30b9fc0366f1f1475d9c8a0a76dec40ba9e31985acb058b543a07e41f5b33a
chr2_100_guide_020	columba	timing	measured_1	0	1.157627	0.492511	0.607920	1183936	2	d05c9bdf9106fc289c7d2295e14f5dcc5629bf0e1ea2f924e0a8ed4540f45320	45f2f11652e763ace0a8e355b344b98f86c3171f6d66873bdc87ab4f09a43504
chr2_100_guide_021	columba	timing	measured_1	0	49.162744	0.585971	0.954508	1183928	2	d17d8f4b9e607ac7c14732110dc6e2fd11eeeff032cf7e30bbab4f0c566ee6de	e50c2774158ba4fe7f72ca8b7d2bced37287b018567316cdd15be7067ada5b78
chr2_100_guide_022	columba	timing	measured_1	0	1.208133	0.520875	0.648295	1183916	1	917aafb006a22d16b37a281effd7ff0c4654ed8bc78198c61f5d22b8b2e55adf	d3e145e824f3c1c48b1f447d320e0093f27182e8a1d380e515e8d8eb3057f7d2
chr2_100_guide_023	columba	timing	measured_1	0	1.157324	0.503723	0.623949	1183924	1	e8a89348acfae06a87d8f971055db0655a3c9f9eca2f7ab4c60cb6d77791f26b	4a1b7ce56910df05867391f3d038edeb2ed7533a6ae44b8b1bdbf47f2145acf9
chr2_100_guide_024	columba	timing	measured_1	0	1.258372	0.560283	0.640655	1183884	6	77250eb14965666148ebbfef66a8eac79f2a83072b2d5e5cacb74c6874c1f30d	830c5a3f3c2cfc6ba6ac944280462859ef3081566b52ea8f295fbd4baae50d8b
chr2_100_guide_025	columba	timing	measured_1	0	1.209488	0.510671	0.609370	1183836	2	6422ac193bedac3cde84587774a777f805400fc0e2ce68e93c5359b3b824fe3b	0b94a14ae7d11a020ea15a610d00779c8ce833c52291f5d697f010ce862dc875
chr2_100_guide_026	columba	timing	measured_1	0	1.207062	0.528865	0.628783	1183708	1	9f390b604c806c3994037804907776beb4d5a4a66cab2023c3e8d42e89ae2a63	161aa9eed2665383dd126c9b2c7d388ff51de9839daa4680ed13a9de7f6eebb3
chr2_100_guide_027	columba	timing	measured_1	0	1.207457	0.518036	0.598231	1183916	2	0ef1135e30fc4261638fc6aa26ac3766945922a18b2d512bf991ff47d9b6f947	d71b53183c8c7f820e42eae09e5fde1d5a17ea10c9207fe9310917b386d598d2
chr2_100_guide_028	columba	timing	measured_1	0	1.206982	0.525991	0.599671	1184192	1	7aaa1cf50dd7c5b5d1c81d7db9510966938f6f670e0c2188ab89e8347134cb1c	b0b918fe22452087240364df7514668b7428dcb62a7516d0959f187f4bded811
chr2_100_guide_029	columba	timing	measured_1	0	1.257109	0.554284	0.630254	1183960	1	1043bc44ffca5c8f5a9a1956e02c9e5abcb81a398b2de62ebdecbf4ac84194a0	7d736a15292282ed22788ac035e6a67193fd0302877e146a35b359e0ddc017b8
chr2_100_guide_030	columba	timing	measured_1	0	1.509762	0.696992	0.649859	1184468	2	5f82a120833bb599928ceadd0be2fb33516383e987a4ff739b804a55dc1595d9	d7d6bf4354e503f027e7679c1878354b64173521df33fce1ecf092b8a65772b0
chr2_100_guide_031	columba	timing	measured_1	0	1.258569	0.552571	0.641370	1183928	4	73533f260c04d565927c51f24c0fa370c5f73001e51346324e099ab1adaa0c97	12947fc1b6a4481505a8c64d24ff5c0e8d77ad56595d56975a358796cfa5cc41
chr2_100_guide_032	columba	timing	measured_1	0	1.307902	0.561000	0.661530	1183784	2	15b7fa659b00794ceda7be7f1369090311c6ba7473c517f4b44f82db38243fc0	a746075dd8058af175764d95719de03f03c5b37ab4949a2b80f00d65228e8737
chr2_100_guide_033	columba	timing	measured_1	0	1.207918	0.497000	0.637300	1186024	2	9cb9b033b4d4346d59aeb64fb75479c6a8a2f45a583b8e6f451e6c1a936bb5ea	36f61c9acbb96dc750009cac9b1e13de835bf300981a4218ee9615209f8f3d2f
chr2_100_guide_034	columba	timing	measured_1	0	2.212367	0.552522	0.609434	1183924	1	fe3d8b47c35802ac6b57ec8cb4561109f4f0d22f8e3159743f110e5a2ef00c6c	d621aef256415bc61cae4ee8117e5308400a7823a58053415b2a17935fbe8a21
chr2_100_guide_035	columba	timing	measured_1	0	1.309135	0.565180	0.592918	1183848	1	c295719972feb4753a386c1cf65a399133d35309979b8d4aace21d83944e868e	87ea452acee3fe67a40d66c88afe851eb8639c6248851b349e5bdb0f6842c9ea
chr2_100_guide_036	columba	timing	measured_1	0	1.206814	0.520133	0.628294	1183988	3	a3b1f09196f338eae4e88b2da6bdbf1eb2961dd16dde7b9c717ba1060a64acd8	82689ad3ac321dfcbee64f3ef7237f9143fbdc949afb4c954d63e65ed094eaf6
chr2_100_guide_037	columba	timing	measured_1	0	1.208349	0.544204	0.601344	1183912	1	5a237c119e3f0aeaef65923d66e6dc0c29804c0d3b690cf8bd75740dfd5dcd8b	5959ae0057ab07b140467a5b42a01304acee5c2ceca143d1a1c9c5c879c6e907
chr2_100_guide_038	columba	timing	measured_1	0	1.609854	0.668787	0.659787	1184084	1	b9e34fe8ccb092578da22649335a71c80d9db878cf3a4451778fd98e9b5ec22e	1c222d1f53018593dc7eb4eb55e936420a364c6142fa970e10a4f07c415b352a
chr2_100_guide_039	columba	timing	measured_1	0	1.958870	0.802938	0.684827	1184824	5398	e5226c1bcd6fd86d789cfb210f4ed4a04e9316481d3ca96372c52cd27ba215a7	0810ffd2bea28dafcf8f50f0c81b43e6ae794684eb7711147b6e38c84f29c51a
chr2_100_guide_040	columba	timing	measured_1	0	1.383419	0.545070	0.616385	1184456	1	38f3709f6a076b2aebea7f182579ef6f37f34c190ffdbc0f69f1f02f15cf41e2	aacf991e635405aa8784d9a40db76b327fc8a15f978810f2ed1415c5c9229441
chr2_100_guide_041	columba	timing	measured_1	0	1.760745	0.684970	0.799907	1184036	24	8070cc6254dbd7400f00e542aebc46064420209347e35f7023b57f21d061da7a	d3f3b337670ce984689ff0bb85631e250be1bc3429ce5fba4ffb2bb3937ec178
chr2_100_guide_042	columba	timing	measured_1	0	1.207860	0.532348	0.616617	1184228	3	f39f28fe69eef0f7d667134ff138ac8377919b12741a2e690ddd03eb62748726	820466ad53d6cdaacefb6330c0dc039b70f786029d072c82e41b8edfc4d26f9d
chr2_100_guide_043	columba	timing	measured_1	0	1.209533	0.524295	0.644425	1184024	1	c5aef2b2dc9b811d70509f0600268cfeeea951a45e2dd18e91e0d25bcac4d376	8a58a337372c0eee446d7cb96c3bab42da45df9d81a8def14f3ad3d5591093eb
chr2_100_guide_044	columba	timing	measured_1	0	2.111016	0.554616	0.606867	1183980	1	5be3bb64196bba4de7ff72f4ddc64a4237957ea9dfe8c50b732a0406977860fe	3503f9bc05dc0024e12db7bde8286ab8f98f21470177b220998051ec043f94b0
chr2_100_guide_045	columba	timing	measured_1	0	1.309369	0.558158	0.625992	1183864	2	d8ef2d6550ad1596297ca916d57d867254ee05e8e3b89a5123064cdbf33a4dbc	e3800056b46106c84d2467c3781f76a53bdafb3e14fac5e6973e2bda03396c17
chr2_100_guide_046	columba	timing	measured_1	0	1.509002	0.590305	0.664831	1184008	22	7ba82e231d05e8ec379d5b63b5ffd61e5e7323d490edb98bfed80f0c6944284e	2733abc54034fe6815881a1281a9f2ed5a71c0a659def2cb34fa79f32ed66117
chr2_100_guide_047	columba	timing	measured_1	0	1.609622	0.722452	0.700140	1186080	3	a74bfa99df1a56ee1b041c38bc8fb257a5e0ddb7cba5265a9ea140ec2bfe9b39	77f1df908686cb2b21a8653a7a7ec9672504f10993b8a0bdc626ebec4dc2e542
chr2_100_guide_048	columba	timing	measured_1	0	1.258045	0.511932	0.649937	1183964	2	ca2b5657752a6136af93ce94b0141600b7a4ef3c355b01f25ce63a7c16a005f2	e23b541fb51a2c0de61d43313ab5bef13b817d1c50834c0a069f45a23c4c636d
chr2_100_guide_049	columba	timing	measured_1	0	1.307326	0.555391	0.614159	1184304	1	2299ea9435c0020f18baac07162b342f90b144a6602120c2bc1e0d73615a15a6	996113d73dc8497963d3aa8ba09ef3d6a8504444fe5615909e1ca6b7cfb94b02
chr2_100_guide_050	columba	timing	measured_1	0	1.258344	0.504981	0.644741	1184096	1	cf48956c67e54b1e7a8cdb066882ff8398ce3dded5d7e4117a8c857968c4e440	71a853eeafcf3d1fca92789fbbbccbc6854f7c0db92e032c22ed1b6e3acc3fb0
chr2_100_guide_051	columba	timing	measured_1	0	1.258667	0.538043	0.653670	1183844	1	c86006645507230946bb4bfe446a2c8b5186d0a69ac04a9917743c4b3671dbac	c644933ba63bdd8ce2760e502a31e00344477c78511ea708720064ff44f5df5c
chr2_100_guide_052	columba	timing	measured_1	0	1.257569	0.511919	0.692090	1183836	7	07a3e96ac2952866d5f9ce37f2811cf081ac338e00ef987fe7520758c3b9ed96	7a97ce71309e21d4ca3938772fc9109c6d77d018f42d840ba07eb4d099ab26fc
chr2_100_guide_053	columba	timing	measured_1	0	1.258717	0.530354	0.630075	1184108	2	dd6ffe568e7b86866b475c9979fea3e126007afe9be1d59b4f5722b9100abf1a	3e465c0c4ebbd3fba58ded9d32ee396a585816c5dcbc59ed55469798307ceaf8
chr2_100_guide_054	columba	timing	measured_1	0	2.413391	0.622542	0.660911	1183992	435	2bf0d8fc7bc6d02fb38553aebf3184c4322ff1fb3292da188cd5fc802e0e003b	2297405cab72210f9bb90fddd96889e07d066c4eb5e53117e6ddb3a3994199ad
chr2_100_guide_055	columba	timing	measured_1	0	1.257290	0.501546	0.661659	1183996	1	c3c54da4b3b1f3b503865b61494f292527b3437aa387a0286081158514f6aae1	c5950d45ed0239ffca537f76d32cb881e1b3195bbb647c557de4a7bc392b276e
chr2_100_guide_056	columba	timing	measured_1	0	1.259035	0.543587	0.620779	1184044	1	2738df1e9d822f388885c2d53ebc44bc1443fb8ac7ec8a4ccba90ec9cf7cf1a3	679ce8afb980ee31fec0fcf865f42f39c724d4bfaa7d4a271072fa5767872713
chr2_100_guide_057	columba	timing	measured_1	0	1.208224	0.541002	0.622228	1184040	1	fd695fc724b9cf1f61c94765059e1dd184f692b3e9f4c4475cc565a98d7d9673	e82d35d0c889df3d8620df0ee4aab69d523c1de8c27083b510e6e6bb8a7450fa
chr2_100_guide_058	columba	timing	measured_1	0	1.208880	0.540983	0.621323	1183972	1	7e37b9cbf165a9c7568f5f3fab3ace0702b3f7c9e336910584fd4953f82ea01f	7a78f6bfc4f91f61824dfc076fc71282082a14ca940a679550edb433382fb728
chr2_100_guide_059	columba	timing	measured_1	0	1.208168	0.528187	0.612880	1183892	1	936c9e555da89573d21ba0842dce1ca9fa2b05df2ef89d72a1f692b65c072786	e3b0c44298fc1c149afbf4c8996fb92427ae41e4649b934ca495991b7852b855
chr2_100_guide_060	columba	timing	measured_1	0	1.409475	0.509145	0.651982	1183956	5	107863b98005a36126f8385cc08b8db7fae9c0e8a39d20edb74e7d7a5dd74e56	376392c0fb07ff2de9bc0e0194ab7acd85f3b5b91fd7af17febcd42821b59a53
chr2_100_guide_061	columba	timing	measured_1	0	1.308568	0.517883	0.641567	1184308	1	08cec366ada6b0833303064841934628d26f112b297b0c2107ecfafdd9974fb5	ee6078332409254f44c471382cabc3a37b616afecdc2ca6a1fbb09df9323985b
chr2_100_guide_062	columba	timing	measured_1	0	1.308980	0.528136	0.665867	1184112	7	98f0a3ab624851f48af6e828adc08b1c3f752efbde0b726db7c6b406069274ce	aa196a98babebc6555f9cc195ed5d00e988ec1ba58079172e28b59c7157aaaab
chr2_100_guide_063	columba	timing	measured_1	0	2.312079	1.017512	0.859735	1184548	53	222e8773ddb128397dfeb85789628189ade9947845a456a62c15504c5ff9643a	776492fb94e324a5541966f194af1c5c105ed3716fb9a090d13266fac763e79f
chr2_100_guide_064	columba	timing	measured_1	0	1.209073	0.561288	0.604707	1184068	1	8d8176e87a0e17abc3da278c2d15dbefb32f38966c3e9b920ec4fd05af1515f2	dc387e67d8e1a3887843c03b1fa3d0935483024100b8d94a5e7a479a769ba21b
chr2_100_guide_065	columba	timing	measured_1	0	1.258137	0.507587	0.675892	1183996	3	ff4c022cc7bfd5971ff7153c7ebc27a7fd82998085a719bbbf8f50da4f9d2905	ff3e12c7378d34265314a814ef8a4463100e2bb99066d1cc06ae7de824246d82
chr2_100_guide_066	columba	timing	measured_1	0	1.208625	0.546037	0.625823	1183996	1	d4828479545e963e81cc8217ea587128ced9df383e59ab56a5b8e656e1c25c41	47cd55ecc73a96f250443864be8a32e01e18919036f61c781a76c17a0a6da907
chr2_100_guide_067	columba	timing	measured_1	0	1.258039	0.573448	0.588501	1183820	3	b8b558b4dce1ccbcd2dd2f32a97dadb1ff6cdd7871f44ff4bc59fe04bf9aabfc	bf31c5bd206d570b781f2a952b581fa601a8335f2ad52b310a405483eb1107b4
chr2_100_guide_068	columba	timing	measured_1	0	1.209459	0.539378	0.624329	1184216	2	197247c9d653d2615364c25804978058527b926cc08455ebc0717a00cc887897	df44134e47fe199ad3c116d5f7b86067887f9fbfdc90c33e5e3fabaf890111a2
chr2_100_guide_069	columba	timing	measured_1	0	1.258357	0.510932	0.679591	1183996	1	2aceda26441b8d2230c3cddf2578bec3a0110748c19ffe14fe682f38c418bd5d	b1ee32ace9952c80659d08e8ce79c5af62a7f09bf3d868c78c9c0f277982d8d4
chr2_100_guide_070	columba	timing	measured_1	0	1.711176	0.518346	0.716304	1184004	1	4a6150b44f776e1d1413f60c0d0ad7df8353f1ae1d7aa3c08eb7b75be4b4e5de	4d19b0dbabc6a6219332f38b6fb8106ad6d651d3b89e43d79f3a05c34deff0fd
chr2_100_guide_071	columba	timing	measured_1	0	1.460996	0.545865	0.746950	1183960	6	3dbd6e701f6d5d7ad93846b44df9e239f86eec62d2eec993b32e9366faa91899	1135dcf1f1153f20a985621909f6229b1e658499a7f5cc9e6b9bc104612fae97
chr2_100_guide_072	columba	timing	measured_1	0	1.209480	0.525386	0.602287	1183756	1	5d1eaf11968d604209b54a81f8a3d6d1615221dbc7faf6cded5b7cea63acebf2	359b96d909106a8984347399431a33ff204a5e94dad2bcd8bcb1549edd0276ad
chr2_100_guide_073	columba	timing	measured_1	0	1.157851	0.525890	0.610408	1183996	2	06e22ac54512f8a4d5cf660c7fe201354c88d8ed0ca60b8d92442b4aff37632d	cc4ff614288b0eef874b4998f61ff1c9bf87e75bc71392471a92b31e861693ca
chr2_100_guide_074	columba	timing	measured_1	0	1.208148	0.552570	0.619196	1184012	1	e64dd0f00e7e244104d25c0f65407d49f132fea8df442101c296994519f432ae	6550ff87a93522900142e8b78f9fe480597356dbc3d4f82919bad35f1a3a3db7
chr2_100_guide_075	columba	timing	measured_1	0	1.158727	0.546527	0.588272	1183820	2	1a85bd9b971e616ad64b51b8708fb56dd502c9fa901c055b93d1b59202d858f4	c189377c028cef66a1b9f1e5dd8184e48e42ee23b87dd35b328a26baf88f3065
chr2_100_guide_076	columba	timing	measured_1	0	1.458406	0.694725	0.656168	1184012	3	8b8334440e7ed6dba91b504221243417ea2596bdfb93f90e24aeef3f1b09b3e5	1b3b2a935fb931dd6f08e714c8575c215c9d290189f2b33f6f9f4ca27e105556
chr2_100_guide_077	columba	timing	measured_1	0	1.207083	0.528987	0.630626	1183816	4	1405e11e7c8c777700eb869e8400834f09543ad0bdd4f4cc8a3d626b9ce28f8e	35fa34c64c2751127232ef0715df6db44e6e11f0ed42025785c620fc9a027db6
chr2_100_guide_078	columba	timing	measured_1	0	1.207682	0.527127	0.582317	1183852	1	3160d7c64925f7dc5efc06b015f0479f3236e630afb3c95a1b679ce18ef52a9d	10f55d473bb56b73f3c4bcdea056b2bc9587881431fad37610d31c65cefdec54
chr2_100_guide_079	columba	timing	measured_1	0	1.560608	0.575529	0.619504	1183756	2	be19624b2c77cf71a45f0c94b616f4df5c19b8e6b7a45d74c7726a3980025000	822d695c1cb13a4cc58ee899cea2a6f3ecb9d8601f962acd9bc6a9cb26e27e81
chr2_100_guide_080	columba	timing	measured_1	0	1.257908	0.500105	0.691935	1184056	12	d20fe7f34e33cb3f4eccfba6bca6795e49838ee1a51143573fca4f01edc26b01	dcc4b65e1c9c3f56eee774ac8cf45e01783215a741fd1e397a95ffff2b5f8150
chr2_100_guide_081	columba	timing	measured_1	0	1.260099	0.541837	0.643628	1184008	2	c5aca4de6d66d2695407e32ab8c294d6009a2eaa97ab3b0b1bfeb80e03763471	dd710595ad78fce8865b5617887b37004b9aac2f0476f05df57fa1addf801b62
chr2_100_guide_082	columba	timing	measured_1	0	1.208203	0.520858	0.644467	1183956	1	c8b417da2dccf7e8b66503d1b569ba8f51160132e1bc6cfa0913422d090197d8	5c091133b79e379a42deea46570fca8968585b3a350787116b94ca481ce43d80
chr2_100_guide_083	columba	timing	measured_1	0	1.358325	0.561517	0.690064	1183804	44	a468a5821a1fe10f7a4e8583195a0ebd01c763b0949b4f3681e75ed3f6871dfb	cde35d9575b5c32808d6eaed2ff75ac79d4e8f87645250352ae4998d216cd676
chr2_100_guide_084	columba	timing	measured_1	0	1.208188	0.531535	0.633517	1183784	1	1f39a5e441ea77599b4a51c7fa6a268643714a2285d51575637f0ec05b8ccd08	242ced5857ead546dbc440560d8a7c0d9d99834ae51d3e4d458a5d1d07ceb692
chr2_100_guide_085	columba	timing	measured_1	0	1.208633	0.493541	0.649770	1183984	1	b91101ff3644122e80926dacc0e8082463da07408f94e8a323cad88edc5aa0a3	7082985345e2fbfe712941cf6c2d86dc33915378b2c578b7aeceb841390b0824
chr2_100_guide_086	columba	timing	measured_1	0	1.209153	0.523488	0.598943	1184400	1	3a4f9b7fb7360a0f9081d4d3a44c0438dbeb5334b61fdd768b92eac57751d3e3	4f081f68c04adb67cf6075f2891f974cae565ace057c9dc0d925a180f816c645
chr2_100_guide_087	columba	timing	measured_1	0	1.207850	0.501851	0.673126	1183920	1	33173f79b391313b857acbf051a6f433f12d6fda1ddd040370abacc3c90d867a	89ad4d4ac963d688e800b31da1f02121c0bf2a3267e7b555cfbf80894b76da0e
chr2_100_guide_088	columba	timing	measured_1	0	1.307893	0.532506	0.648175	1183964	1	8404e6c9611090b86700ab5b6f407c30396d1bf634c59ddc70e0b91bcf8deed2	691461c1d7f88e7ba89c466af5da2ea4b04438386ffebf3a6d2739533f7ff4d6
chr2_100_guide_089	columba	timing	measured_1	0	1.660677	0.528004	0.648710	1184060	1	89e2e5e6d5342dc2a3500948d323fe2bd41e1639ddb9b19004a689e4ae4aab68	cc0c24704f998fb81f4b0f9ecb5bd25c0a3d8600acdb03fb5c67dd79730980c8
chr2_100_guide_090	columba	timing	measured_1	0	1.207859	0.531171	0.605894	1184100	1	2448e1d3e5704d4689594f612226e267dce72f9378c6be13510fed2d329bdf13	749acbc54c03509ec4204fe0a05f370a5be2032e9be8d49fe3e7475397b46334
chr2_100_guide_091	columba	timing	measured_1	0	1.157336	0.476200	0.640479	1183920	1	e26b94324ae8ad1a316b22613f9e800c93ba9e554a1f3780b6029528ea9c0aaf	2a57bfef51177856feafcd31192bba2dadb861a01daf9d0cad10bea1a68917ad
chr2_100_guide_092	columba	timing	measured_1	0	1.157414	0.535191	0.579769	1183924	3	e3b8f41a545f2dfee5bb6c610f01f239570f3008c48a9a10a678813202acc225	6212428fbeb6b00b1f1da7e79a9e12ac2e7f6794ff5ba1404348a5f8d0425d74
chr2_100_guide_093	columba	timing	measured_1	0	1.157601	0.506552	0.610284	1185912	1	f6eff8c392955d9c76023676f1133024f174c5a7fefa09c1f4f150e0fa4a3a37	2dd1781e77a3259a7f31dc8b290fd9dfa8d43fff8bbabf0f4ec34811f6594d29
chr2_100_guide_094	columba	timing	measured_1	0	1.157597	0.522561	0.621512	1184136	1	cc76711b4c3870fec74e88bccf065a49af2b4a2857a1e5d1b110a570ad0367d3	7b853602214a0199f07688a1eaf857ece32faea6cb7f6094389e96f2d2132c78
chr2_100_guide_095	columba	timing	measured_1	0	1.258272	0.522472	0.634411	1183816	1	ba6821819cf73e4d0cb476976180d5ebaeabd9bf62585947a0e70673da298231	302dddb2e4d43373457668ffbb7c40cd8dd4745cba4ee59a3297b79bd86fa680
chr2_100_guide_096	columba	timing	measured_1	0	1.157479	0.531611	0.586893	1184100	1	e52b650b23680c96b04fce4997c4af753f07415cbe884dd0d2fa7ec272bcfc65	be28aed60020a418bed72ed21890c349753e7ca9613554dfa291e060bf67a78f
chr2_100_guide_097	columba	timing	measured_1	0	1.207489	0.504004	0.643998	1183936	3	e993fd25de231a0a1a4fb6d06be4f4239a718fa73464c548b76670767f9205eb	f1df14a6405f6cf74e84b88e5271505323de017ebc164994c0c56cb44538ce9f
chr2_100_guide_098	columba	timing	measured_1	0	2.261074	0.520386	0.584132	1183960	2	f7c767ac24b7f8b2ad55bb4b6dcc308ffe648e12d20c32c73e399cd07a28f6d2	f19e32e0471f98ba61a2c455bf2d6ff0b11cbc7ba9749bd59d84c85d9ecf9660
chr2_100_guide_099	columba	timing	measured_1	0	1.258311	0.538574	0.601706	1183944	3	0ade50c3277afe88f374d3126466b262eab11a5f3633117d67a4e31679169cf8	be11c863503b87af4c1489418a4d96879ac08a32959e4210f438a5665da1cca0
chr2_100_guide_100	columba	timing	measured_1	0	1.157219	0.514570	0.618346	1183860	1	41d33aa17ca7784b5f6199424ff8db2c3b2d4680ce1bfa65443f9853f35e9dc3	bb73f84ea74e2615c640fa23d4c6cc7f1c5b70e1d2659c13672b965f8c4e7e82
chr2_100_guide_001	columba	timing	measured_2	0	49.235868	0.735621	0.854089	1183884	170	ed60810744eb837c6917ed932c49aeb24071f5560341cc47c15bb30073c3e557	6a7515e3a928c0f69de8e15130c616f406a3e11a5f57447cc750104ac92ab57e
chr2_100_guide_002	columba	timing	measured_2	0	1.209539	0.513439	0.664350	1184000	1	b091fa2b46c182a8a67a094bd3c9f50095419fe615fc28736ed56aa20fc8c4ee	fcb111d8f13e0c6fc56b3a46cb2607dbd0803db82279a8f8d3d3a4ca0648a2d1
chr2_100_guide_003	columba	timing	measured_2	0	1.208748	0.486549	0.680787	1183884	3	7dd65faa22ef6ae127ad1cffb7c78fc9e83043b91c35e6c65bd41d6a842d34f7	eaf2b0acaded0d6e6e3f1d88899d4582a8b8098946704264d3331b43b2716abf
chr2_100_guide_004	columba	timing	measured_2	0	1.207469	0.514158	0.662076	1183968	1	e01c3f3850fa1094a4e3e5f167ec427b3ecfa0222c679119f51fc05c8d278e4b	d190ef6ee41bc19d839f5330a7322ae8e74d9d13d496260f91e3557b3a905e33
chr2_100_guide_005	columba	timing	measured_2	0	1.258010	0.524857	0.621294	1183804	1	f3ad299ad34e05ae1ed6176040951b955f5080a7dc9b5239548d1d748ef966ca	1874722b9151883ea27797212ef8190251ffc138100c1d39d76f7cc5a9165cda
chr2_100_guide_006	columba	timing	measured_2	0	1.208065	0.557147	0.593348	1183912	2	b1490c4399cf265a7d1d1c32b362fc8231d079c00bb7b0854a01650c2da8c154	ccf1be32a917a57f2b94acdab5ae569adbc676b11063e23c3f79cf17b5e28d95
chr2_100_guide_007	columba	timing	measured_2	0	1.258413	0.499564	0.619373	1183780	2	67bb33c3f496eb7d6c32ecb265c4e2be4f81419b295dfa33e174bf836bcb8340	59eb321834fb49f035b29dcc7249fda29a34a72e5adb542954a62a9034bf826f
chr2_100_guide_008	columba	timing	measured_2	0	1.207529	0.499295	0.656368	1183800	1	44dfce4b19be7bceaf292acab37ac3cfd17a12af95bd8d9c6773c50e0fc8287b	f6c509c1c2194471b881be711bbbacb57710beff738cb343daff4f5f83534ed9
chr2_100_guide_009	columba	timing	measured_2	0	1.308111	0.569627	0.661766	1183976	1	b4025a0c05001632d3d9819897b20c5cb6adb85f8b58dfb3684ae82f3e55a445	e3b0c44298fc1c149afbf4c8996fb92427ae41e4649b934ca495991b7852b855
chr2_100_guide_010	columba	timing	measured_2	0	1.408715	0.536303	0.632450	1184336	1	6665827947d32899e2f4c3d5d9f9996e310bdee2090ef0d19a9e643826cfd20e	e06ea000294559bc261349fa8bd9e1628d3357868f4f731110fc4a60bc900486
chr2_100_guide_011	columba	timing	measured_2	0	49.136737	0.658602	0.884327	1183888	1	bb40e37be897f83a1b15371e404bdb88006f765dd588625f1d80d95fae1ad5aa	5ad58f792abc417318dfd38ec6825cd97a6eb1a6ed3cd9fdf0a7b4fd493d3422
chr2_100_guide_012	columba	timing	measured_2	0	1.961971	0.761914	0.863767	1183992	9	66cb13e291a9e27105f1caae231acf4a8bd8aa488438dacfddfc5216243206d7	462dd2c8d1f23b7ce4fec7a0090771e43a9de09ed355d3a56257403c9765daf0
chr2_100_guide_013	columba	timing	measured_2	0	2.614928	1.053601	0.958370	1185272	322	16ffdaca63b1aa805f3917a0708a291bfbdb86d116fb8da03bfd4fe6d6747062	dc6d3f8ae6cc882027df18760781e4e0515f80fb168b146f26a8ad8afb46a2eb
chr2_100_guide_014	columba	timing	measured_2	0	1.258384	0.527649	0.616062	1183904	2	0443657d2efb5794b44960262e648576461066b30a4b8e25574159fadae2eb2b	44bb640530bd1c4f22cdab2c9b675114c5a585f98d0e4dc5fa7a6c95b62550c8
chr2_100_guide_015	columba	timing	measured_2	0	1.308688	0.616739	0.619561	1184040	1	42e895974b61d6a6f346dea6886300a8fe271754b1d94bdce59b758505195a83	756649f556ef8b11a119d8d3b9814ad2298e11fa90e0b0f7184b0de224ae3057
chr2_100_guide_016	columba	timing	measured_2	0	1.157124	0.556387	0.572419	1184080	2	8657fd291b214f97a5fe5f222b4dc6b878b921969dd7bd6ffb1ed5b3783a610e	604d714efe53cecde984144ee750ac37cc774f03295c3f3b16f5390d6c9234cf
chr2_100_guide_017	columba	timing	measured_2	0	1.258609	0.576266	0.635164	1183948	3	9a7dd4d0c1afc7f1d67a7055c718e0057820c6eaa77ab632b4e8b28677a6f1fe	fd36d278f0a16821748638370e729bc9868ac14ee99c1794734eae0780b66b07
chr2_100_guide_018	columba	timing	measured_2	0	1.207387	0.591325	0.566249	1183932	1	2f7599cbfd417906a733f1e345af049f64a300adde46b600f2098f8585fcc3c6	afdfe1b38cfb029a37804712c5726d1c887a1e65c620d57942063dce98ff5e41
chr2_100_guide_019	columba	timing	measured_2	0	1.206969	0.532271	0.612027	1183844	6	fff07c8f19a2e1a91b3c6747b0971040fe92615b096894c2c75d1313b37c5047	ca30b9fc0366f1f1475d9c8a0a76dec40ba9e31985acb058b543a07e41f5b33a
chr2_100_guide_020	columba	timing	measured_2	0	1.157940	0.551073	0.577976	1184068	2	d05c9bdf9106fc289c7d2295e14f5dcc5629bf0e1ea2f924e0a8ed4540f45320	45f2f11652e763ace0a8e355b344b98f86c3171f6d66873bdc87ab4f09a43504
chr2_100_guide_021	columba	timing	measured_2	0	49.197465	0.608887	0.950517	1183832	2	d17d8f4b9e607ac7c14732110dc6e2fd11eeeff032cf7e30bbab4f0c566ee6de	e50c2774158ba4fe7f72ca8b7d2bced37287b018567316cdd15be7067ada5b78
chr2_100_guide_022	columba	timing	measured_2	0	1.207967	0.509843	0.639880	1184024	1	917aafb006a22d16b37a281effd7ff0c4654ed8bc78198c61f5d22b8b2e55adf	d3e145e824f3c1c48b1f447d320e0093f27182e8a1d380e515e8d8eb3057f7d2
chr2_100_guide_023	columba	timing	measured_2	0	1.208437	0.487433	0.677020	1183996	1	e8a89348acfae06a87d8f971055db0655a3c9f9eca2f7ab4c60cb6d77791f26b	4a1b7ce56910df05867391f3d038edeb2ed7533a6ae44b8b1bdbf47f2145acf9
chr2_100_guide_024	columba	timing	measured_2	0	1.307813	0.568088	0.654391	1183888	6	77250eb14965666148ebbfef66a8eac79f2a83072b2d5e5cacb74c6874c1f30d	830c5a3f3c2cfc6ba6ac944280462859ef3081566b52ea8f295fbd4baae50d8b
chr2_100_guide_025	columba	timing	measured_2	0	1.208041	0.524518	0.633095	1183792	2	6422ac193bedac3cde84587774a777f805400fc0e2ce68e93c5359b3b824fe3b	0b94a14ae7d11a020ea15a610d00779c8ce833c52291f5d697f010ce862dc875
chr2_100_guide_026	columba	timing	measured_2	0	1.258382	0.562556	0.595595	1183852	1	9f390b604c806c3994037804907776beb4d5a4a66cab2023c3e8d42e89ae2a63	161aa9eed2665383dd126c9b2c7d388ff51de9839daa4680ed13a9de7f6eebb3
chr2_100_guide_027	columba	timing	measured_2	0	1.210049	0.551399	0.602508	1183988	2	0ef1135e30fc4261638fc6aa26ac3766945922a18b2d512bf991ff47d9b6f947	d71b53183c8c7f820e42eae09e5fde1d5a17ea10c9207fe9310917b386d598d2
chr2_100_guide_028	columba	timing	measured_2	0	1.308601	0.519051	0.634672	1184000	1	7aaa1cf50dd7c5b5d1c81d7db9510966938f6f670e0c2188ab89e8347134cb1c	b0b918fe22452087240364df7514668b7428dcb62a7516d0959f187f4bded811
chr2_100_guide_029	columba	timing	measured_2	0	1.207762	0.523696	0.619581	1183956	1	1043bc44ffca5c8f5a9a1956e02c9e5abcb81a398b2de62ebdecbf4ac84194a0	7d736a15292282ed22788ac035e6a67193fd0302877e146a35b359e0ddc017b8
chr2_100_guide_030	columba	timing	measured_2	0	1.157477	0.527192	0.595677	1184032	2	5f82a120833bb599928ceadd0be2fb33516383e987a4ff739b804a55dc1595d9	d7d6bf4354e503f027e7679c1878354b64173521df33fce1ecf092b8a65772b0
chr2_100_guide_031	columba	timing	measured_2	0	1.259532	0.534729	0.677695	1186080	4	73533f260c04d565927c51f24c0fa370c5f73001e51346324e099ab1adaa0c97	12947fc1b6a4481505a8c64d24ff5c0e8d77ad56595d56975a358796cfa5cc41
chr2_100_guide_032	columba	timing	measured_2	0	1.309205	0.590107	0.652082	1184072	2	15b7fa659b00794ceda7be7f1369090311c6ba7473c517f4b44f82db38243fc0	a746075dd8058af175764d95719de03f03c5b37ab4949a2b80f00d65228e8737
chr2_100_guide_033	columba	timing	measured_2	0	1.257237	0.537032	0.597179	1183896	2	9cb9b033b4d4346d59aeb64fb75479c6a8a2f45a583b8e6f451e6c1a936bb5ea	36f61c9acbb96dc750009cac9b1e13de835bf300981a4218ee9615209f8f3d2f
chr2_100_guide_034	columba	timing	measured_2	0	2.311850	0.554844	0.582815	1184052	1	fe3d8b47c35802ac6b57ec8cb4561109f4f0d22f8e3159743f110e5a2ef00c6c	d621aef256415bc61cae4ee8117e5308400a7823a58053415b2a17935fbe8a21
chr2_100_guide_035	columba	timing	measured_2	0	1.257882	0.550159	0.596089	1183996	1	c295719972feb4753a386c1cf65a399133d35309979b8d4aace21d83944e868e	87ea452acee3fe67a40d66c88afe851eb8639c6248851b349e5bdb0f6842c9ea
chr2_100_guide_036	columba	timing	measured_2	0	1.208850	0.485775	0.650327	1184032	3	a3b1f09196f338eae4e88b2da6bdbf1eb2961dd16dde7b9c717ba1060a64acd8	82689ad3ac321dfcbee64f3ef7237f9143fbdc949afb4c954d63e65ed094eaf6
chr2_100_guide_037	columba	timing	measured_2	0	1.259025	0.557358	0.646693	1183892	1	5a237c119e3f0aeaef65923d66e6dc0c29804c0d3b690cf8bd75740dfd5dcd8b	5959ae0057ab07b140467a5b42a01304acee5c2ceca143d1a1c9c5c879c6e907
chr2_100_guide_038	columba	timing	measured_2	0	1.558916	0.700867	0.651944	1184168	1	b9e34fe8ccb092578da22649335a71c80d9db878cf3a4451778fd98e9b5ec22e	1c222d1f53018593dc7eb4eb55e936420a364c6142fa970e10a4f07c415b352a
chr2_100_guide_039	columba	timing	measured_2	0	2.112098	0.829803	0.701072	1185476	5398	e5226c1bcd6fd86d789cfb210f4ed4a04e9316481d3ca96372c52cd27ba215a7	0810ffd2bea28dafcf8f50f0c81b43e6ae794684eb7711147b6e38c84f29c51a
chr2_100_guide_040	columba	timing	measured_2	0	1.258479	0.475355	0.668999	1184388	1	38f3709f6a076b2aebea7f182579ef6f37f34c190ffdbc0f69f1f02f15cf41e2	aacf991e635405aa8784d9a40db76b327fc8a15f978810f2ed1415c5c9229441
chr2_100_guide_041	columba	timing	measured_2	0	1.864061	0.804078	0.777332	1184032	24	8070cc6254dbd7400f00e542aebc46064420209347e35f7023b57f21d061da7a	d3f3b337670ce984689ff0bb85631e250be1bc3429ce5fba4ffb2bb3937ec178
chr2_100_guide_042	columba	timing	measured_2	0	1.207309	0.526942	0.629593	1183896	3	f39f28fe69eef0f7d667134ff138ac8377919b12741a2e690ddd03eb62748726	820466ad53d6cdaacefb6330c0dc039b70f786029d072c82e41b8edfc4d26f9d
chr2_100_guide_043	columba	timing	measured_2	0	1.157325	0.494135	0.641239	1183936	1	c5aef2b2dc9b811d70509f0600268cfeeea951a45e2dd18e91e0d25bcac4d376	8a58a337372c0eee446d7cb96c3bab42da45df9d81a8def14f3ad3d5591093eb
chr2_100_guide_044	columba	timing	measured_2	0	2.061636	0.518101	0.637726	1183760	1	5be3bb64196bba4de7ff72f4ddc64a4237957ea9dfe8c50b732a0406977860fe	3503f9bc05dc0024e12db7bde8286ab8f98f21470177b220998051ec043f94b0
chr2_100_guide_045	columba	timing	measured_2	0	1.307069	0.556707	0.596538	1183816	2	d8ef2d6550ad1596297ca916d57d867254ee05e8e3b89a5123064cdbf33a4dbc	e3800056b46106c84d2467c3781f76a53bdafb3e14fac5e6973e2bda03396c17
chr2_100_guide_046	columba	timing	measured_2	0	1.510607	0.564186	0.695478	1184084	22	7ba82e231d05e8ec379d5b63b5ffd61e5e7323d490edb98bfed80f0c6944284e	2733abc54034fe6815881a1281a9f2ed5a71c0a659def2cb34fa79f32ed66117
chr2_100_guide_047	columba	timing	measured_2	0	1.710528	0.691931	0.776306	1183832	3	a74bfa99df1a56ee1b041c38bc8fb257a5e0ddb7cba5265a9ea140ec2bfe9b39	77f1df908686cb2b21a8653a7a7ec9672504f10993b8a0bdc626ebec4dc2e542
chr2_100_guide_048	columba	timing	measured_2	0	1.207594	0.551218	0.566546	1184048	2	ca2b5657752a6136af93ce94b0141600b7a4ef3c355b01f25ce63a7c16a005f2	e23b541fb51a2c0de61d43313ab5bef13b817d1c50834c0a069f45a23c4c636d
chr2_100_guide_049	columba	timing	measured_2	0	1.359710	0.544225	0.651227	1183904	1	2299ea9435c0020f18baac07162b342f90b144a6602120c2bc1e0d73615a15a6	996113d73dc8497963d3aa8ba09ef3d6a8504444fe5615909e1ca6b7cfb94b02
chr2_100_guide_050	columba	timing	measured_2	0	1.308273	0.543476	0.590742	1184552	1	cf48956c67e54b1e7a8cdb066882ff8398ce3dded5d7e4117a8c857968c4e440	71a853eeafcf3d1fca92789fbbbccbc6854f7c0db92e032c22ed1b6e3acc3fb0
chr2_100_guide_051	columba	timing	measured_2	0	1.259617	0.495383	0.693289	1184116	1	c86006645507230946bb4bfe446a2c8b5186d0a69ac04a9917743c4b3671dbac	c644933ba63bdd8ce2760e502a31e00344477c78511ea708720064ff44f5df5c
chr2_100_guide_052	columba	timing	measured_2	0	1.209044	0.506127	0.674535	1183904	7	07a3e96ac2952866d5f9ce37f2811cf081ac338e00ef987fe7520758c3b9ed96	7a97ce71309e21d4ca3938772fc9109c6d77d018f42d840ba07eb4d099ab26fc
chr2_100_guide_053	columba	timing	measured_2	0	1.259479	0.529508	0.628563	1184036	2	dd6ffe568e7b86866b475c9979fea3e126007afe9be1d59b4f5722b9100abf1a	3e465c0c4ebbd3fba58ded9d32ee396a585816c5dcbc59ed55469798307ceaf8
chr2_100_guide_054	columba	timing	measured_2	0	2.460555	0.603227	0.700376	1184052	435	2bf0d8fc7bc6d02fb38553aebf3184c4322ff1fb3292da188cd5fc802e0e003b	2297405cab72210f9bb90fddd96889e07d066c4eb5e53117e6ddb3a3994199ad
chr2_100_guide_055	columba	timing	measured_2	0	1.206996	0.486645	0.630657	1183992	1	c3c54da4b3b1f3b503865b61494f292527b3437aa387a0286081158514f6aae1	c5950d45ed0239ffca537f76d32cb881e1b3195bbb647c557de4a7bc392b276e
chr2_100_guide_056	columba	timing	measured_2	0	1.508221	0.518320	0.663358	1184040	1	2738df1e9d822f388885c2d53ebc44bc1443fb8ac7ec8a4ccba90ec9cf7cf1a3	679ce8afb980ee31fec0fcf865f42f39c724d4bfaa7d4a271072fa5767872713
chr2_100_guide_057	columba	timing	measured_2	0	1.208415	0.506706	0.660187	1183920	1	fd695fc724b9cf1f61c94765059e1dd184f692b3e9f4c4475cc565a98d7d9673	e82d35d0c889df3d8620df0ee4aab69d523c1de8c27083b510e6e6bb8a7450fa
chr2_100_guide_058	columba	timing	measured_2	0	1.258176	0.552691	0.604837	1184012	1	7e37b9cbf165a9c7568f5f3fab3ace0702b3f7c9e336910584fd4953f82ea01f	7a78f6bfc4f91f61824dfc076fc71282082a14ca940a679550edb433382fb728
chr2_100_guide_059	columba	timing	measured_2	0	1.207928	0.500551	0.627637	1183860	1	936c9e555da89573d21ba0842dce1ca9fa2b05df2ef89d72a1f692b65c072786	e3b0c44298fc1c149afbf4c8996fb92427ae41e4649b934ca495991b7852b855
chr2_100_guide_060	columba	timing	measured_2	0	1.208404	0.534334	0.612932	1183912	5	107863b98005a36126f8385cc08b8db7fae9c0e8a39d20edb74e7d7a5dd74e56	376392c0fb07ff2de9bc0e0194ab7acd85f3b5b91fd7af17febcd42821b59a53
chr2_100_guide_061	columba	timing	measured_2	0	1.308299	0.508224	0.603877	1184004	1	08cec366ada6b0833303064841934628d26f112b297b0c2107ecfafdd9974fb5	ee6078332409254f44c471382cabc3a37b616afecdc2ca6a1fbb09df9323985b
chr2_100_guide_062	columba	timing	measured_2	0	1.258620	0.567253	0.605790	1184088	7	98f0a3ab624851f48af6e828adc08b1c3f752efbde0b726db7c6b406069274ce	aa196a98babebc6555f9cc195ed5d00e988ec1ba58079172e28b59c7157aaaab
chr2_100_guide_063	columba	timing	measured_2	0	2.263423	0.982103	0.847881	1184596	53	222e8773ddb128397dfeb85789628189ade9947845a456a62c15504c5ff9643a	776492fb94e324a5541966f194af1c5c105ed3716fb9a090d13266fac763e79f
chr2_100_guide_064	columba	timing	measured_2	0	1.208221	0.524434	0.623091	1183976	1	8d8176e87a0e17abc3da278c2d15dbefb32f38966c3e9b920ec4fd05af1515f2	dc387e67d8e1a3887843c03b1fa3d0935483024100b8d94a5e7a479a769ba21b
chr2_100_guide_065	columba	timing	measured_2	0	1.259227	0.536651	0.597614	1184496	3	ff4c022cc7bfd5971ff7153c7ebc27a7fd82998085a719bbbf8f50da4f9d2905	ff3e12c7378d34265314a814ef8a4463100e2bb99066d1cc06ae7de824246d82
chr2_100_guide_066	columba	timing	measured_2	0	1.207907	0.523416	0.667096	1183940	1	d4828479545e963e81cc8217ea587128ced9df383e59ab56a5b8e656e1c25c41	47cd55ecc73a96f250443864be8a32e01e18919036f61c781a76c17a0a6da907
chr2_100_guide_067	columba	timing	measured_2	0	1.308846	0.562005	0.601902	1184480	3	b8b558b4dce1ccbcd2dd2f32a97dadb1ff6cdd7871f44ff4bc59fe04bf9aabfc	bf31c5bd206d570b781f2a952b581fa601a8335f2ad52b310a405483eb1107b4
chr2_100_guide_068	columba	timing	measured_2	0	1.208227	0.513032	0.645484	1183944	2	197247c9d653d2615364c25804978058527b926cc08455ebc0717a00cc887897	df44134e47fe199ad3c116d5f7b86067887f9fbfdc90c33e5e3fabaf890111a2
chr2_100_guide_069	columba	timing	measured_2	0	1.208325	0.509302	0.637511	1183968	1	2aceda26441b8d2230c3cddf2578bec3a0110748c19ffe14fe682f38c418bd5d	b1ee32ace9952c80659d08e8ce79c5af62a7f09bf3d868c78c9c0f277982d8d4
chr2_100_guide_070	columba	timing	measured_2	0	1.710841	0.543531	0.631493	1183960	1	4a6150b44f776e1d1413f60c0d0ad7df8353f1ae1d7aa3c08eb7b75be4b4e5de	4d19b0dbabc6a6219332f38b6fb8106ad6d651d3b89e43d79f3a05c34deff0fd
chr2_100_guide_071	columba	timing	measured_2	0	1.460863	0.528835	0.752207	1183828	6	3dbd6e701f6d5d7ad93846b44df9e239f86eec62d2eec993b32e9366faa91899	1135dcf1f1153f20a985621909f6229b1e658499a7f5cc9e6b9bc104612fae97
chr2_100_guide_072	columba	timing	measured_2	0	1.207970	0.505111	0.674831	1184036	1	5d1eaf11968d604209b54a81f8a3d6d1615221dbc7faf6cded5b7cea63acebf2	359b96d909106a8984347399431a33ff204a5e94dad2bcd8bcb1549edd0276ad
chr2_100_guide_073	columba	timing	measured_2	0	1.207977	0.483156	0.669989	1185964	2	06e22ac54512f8a4d5cf660c7fe201354c88d8ed0ca60b8d92442b4aff37632d	cc4ff614288b0eef874b4998f61ff1c9bf87e75bc71392471a92b31e861693ca
chr2_100_guide_074	columba	timing	measured_2	0	1.208453	0.492005	0.674777	1184096	1	e64dd0f00e7e244104d25c0f65407d49f132fea8df442101c296994519f432ae	6550ff87a93522900142e8b78f9fe480597356dbc3d4f82919bad35f1a3a3db7
chr2_100_guide_075	columba	timing	measured_2	0	1.259927	0.533736	0.662298	1183784	2	1a85bd9b971e616ad64b51b8708fb56dd502c9fa901c055b93d1b59202d858f4	c189377c028cef66a1b9f1e5dd8184e48e42ee23b87dd35b328a26baf88f3065
chr2_100_guide_076	columba	timing	measured_2	0	1.409146	0.613804	0.636359	1184000	3	8b8334440e7ed6dba91b504221243417ea2596bdfb93f90e24aeef3f1b09b3e5	1b3b2a935fb931dd6f08e714c8575c215c9d290189f2b33f6f9f4ca27e105556
chr2_100_guide_077	columba	timing	measured_2	0	1.208636	0.531290	0.603106	1183940	4	1405e11e7c8c777700eb869e8400834f09543ad0bdd4f4cc8a3d626b9ce28f8e	35fa34c64c2751127232ef0715df6db44e6e11f0ed42025785c620fc9a027db6
chr2_100_guide_078	columba	timing	measured_2	0	1.257053	0.586818	0.598488	1183860	1	3160d7c64925f7dc5efc06b015f0479f3236e630afb3c95a1b679ce18ef52a9d	10f55d473bb56b73f3c4bcdea056b2bc9587881431fad37610d31c65cefdec54
chr2_100_guide_079	columba	timing	measured_2	0	1.408503	0.493851	0.662564	1183820	2	be19624b2c77cf71a45f0c94b616f4df5c19b8e6b7a45d74c7726a3980025000	822d695c1cb13a4cc58ee899cea2a6f3ecb9d8601f962acd9bc6a9cb26e27e81
chr2_100_guide_080	columba	timing	measured_2	0	1.257247	0.540248	0.650793	1183908	12	d20fe7f34e33cb3f4eccfba6bca6795e49838ee1a51143573fca4f01edc26b01	dcc4b65e1c9c3f56eee774ac8cf45e01783215a741fd1e397a95ffff2b5f8150
chr2_100_guide_081	columba	timing	measured_2	0	1.208080	0.519567	0.639241	1183804	2	c5aca4de6d66d2695407e32ab8c294d6009a2eaa97ab3b0b1bfeb80e03763471	dd710595ad78fce8865b5617887b37004b9aac2f0476f05df57fa1addf801b62
chr2_100_guide_082	columba	timing	measured_2	0	1.157395	0.483101	0.611031	1183948	1	c8b417da2dccf7e8b66503d1b569ba8f51160132e1bc6cfa0913422d090197d8	5c091133b79e379a42deea46570fca8968585b3a350787116b94ca481ce43d80
chr2_100_guide_083	columba	timing	measured_2	0	1.259260	0.537440	0.629526	1183812	44	a468a5821a1fe10f7a4e8583195a0ebd01c763b0949b4f3681e75ed3f6871dfb	cde35d9575b5c32808d6eaed2ff75ac79d4e8f87645250352ae4998d216cd676
chr2_100_guide_084	columba	timing	measured_2	0	1.258037	0.528841	0.661006	1183892	1	1f39a5e441ea77599b4a51c7fa6a268643714a2285d51575637f0ec05b8ccd08	242ced5857ead546dbc440560d8a7c0d9d99834ae51d3e4d458a5d1d07ceb692
chr2_100_guide_085	columba	timing	measured_2	0	1.208620	0.545671	0.605914	1183920	1	b91101ff3644122e80926dacc0e8082463da07408f94e8a323cad88edc5aa0a3	7082985345e2fbfe712941cf6c2d86dc33915378b2c578b7aeceb841390b0824
chr2_100_guide_086	columba	timing	measured_2	0	1.257349	0.504099	0.662449	1183936	1	3a4f9b7fb7360a0f9081d4d3a44c0438dbeb5334b61fdd768b92eac57751d3e3	4f081f68c04adb67cf6075f2891f974cae565ace057c9dc0d925a180f816c645
chr2_100_guide_087	columba	timing	measured_2	0	1.207224	0.550535	0.626786	1183964	1	33173f79b391313b857acbf051a6f433f12d6fda1ddd040370abacc3c90d867a	89ad4d4ac963d688e800b31da1f02121c0bf2a3267e7b555cfbf80894b76da0e
chr2_100_guide_088	columba	timing	measured_2	0	1.208399	0.486214	0.661062	1183824	1	8404e6c9611090b86700ab5b6f407c30396d1bf634c59ddc70e0b91bcf8deed2	691461c1d7f88e7ba89c466af5da2ea4b04438386ffebf3a6d2739533f7ff4d6
chr2_100_guide_089	columba	timing	measured_2	0	1.709492	0.507847	0.699918	1183880	1	89e2e5e6d5342dc2a3500948d323fe2bd41e1639ddb9b19004a689e4ae4aab68	cc0c24704f998fb81f4b0f9ecb5bd25c0a3d8600acdb03fb5c67dd79730980c8
chr2_100_guide_090	columba	timing	measured_2	0	1.158886	0.498093	0.610668	1183852	1	2448e1d3e5704d4689594f612226e267dce72f9378c6be13510fed2d329bdf13	749acbc54c03509ec4204fe0a05f370a5be2032e9be8d49fe3e7475397b46334
chr2_100_guide_091	columba	timing	measured_2	0	1.107584	0.505322	0.577482	1183876	1	e26b94324ae8ad1a316b22613f9e800c93ba9e554a1f3780b6029528ea9c0aaf	2a57bfef51177856feafcd31192bba2dadb861a01daf9d0cad10bea1a68917ad
chr2_100_guide_092	columba	timing	measured_2	0	1.158236	0.539436	0.578525	1183900	3	e3b8f41a545f2dfee5bb6c610f01f239570f3008c48a9a10a678813202acc225	6212428fbeb6b00b1f1da7e79a9e12ac2e7f6794ff5ba1404348a5f8d0425d74
chr2_100_guide_093	columba	timing	measured_2	0	1.157508	0.481899	0.605571	1183804	1	f6eff8c392955d9c76023676f1133024f174c5a7fefa09c1f4f150e0fa4a3a37	2dd1781e77a3259a7f31dc8b290fd9dfa8d43fff8bbabf0f4ec34811f6594d29
chr2_100_guide_094	columba	timing	measured_2	0	1.157719	0.536439	0.576289	1184592	1	cc76711b4c3870fec74e88bccf065a49af2b4a2857a1e5d1b110a570ad0367d3	7b853602214a0199f07688a1eaf857ece32faea6cb7f6094389e96f2d2132c78
chr2_100_guide_095	columba	timing	measured_2	0	1.158303	0.517820	0.590799	1183936	1	ba6821819cf73e4d0cb476976180d5ebaeabd9bf62585947a0e70673da298231	302dddb2e4d43373457668ffbb7c40cd8dd4745cba4ee59a3297b79bd86fa680
chr2_100_guide_096	columba	timing	measured_2	0	1.208136	0.550435	0.598543	1183812	1	e52b650b23680c96b04fce4997c4af753f07415cbe884dd0d2fa7ec272bcfc65	be28aed60020a418bed72ed21890c349753e7ca9613554dfa291e060bf67a78f
chr2_100_guide_097	columba	timing	measured_2	0	1.208344	0.516627	0.633329	1183860	3	e993fd25de231a0a1a4fb6d06be4f4239a718fa73464c548b76670767f9205eb	f1df14a6405f6cf74e84b88e5271505323de017ebc164994c0c56cb44538ce9f
chr2_100_guide_098	columba	timing	measured_2	0	2.210988	0.488637	0.640195	1186088	2	f7c767ac24b7f8b2ad55bb4b6dcc308ffe648e12d20c32c73e399cd07a28f6d2	f19e32e0471f98ba61a2c455bf2d6ff0b11cbc7ba9749bd59d84c85d9ecf9660
chr2_100_guide_099	columba	timing	measured_2	0	1.258586	0.508721	0.604677	1183884	3	0ade50c3277afe88f374d3126466b262eab11a5f3633117d67a4e31679169cf8	be11c863503b87af4c1489418a4d96879ac08a32959e4210f438a5665da1cca0
chr2_100_guide_100	columba	timing	measured_2	0	1.157147	0.492703	0.597903	1183972	1	41d33aa17ca7784b5f6199424ff8db2c3b2d4680ce1bfa65443f9853f35e9dc3	bb73f84ea74e2615c640fa23d4c6cc7f1c5b70e1d2659c13672b965f8c4e7e82
chr2_100_guide_001	columba	timing	measured_3	0	49.185767	0.617632	0.938256	1183828	170	ed60810744eb837c6917ed932c49aeb24071f5560341cc47c15bb30073c3e557	6a7515e3a928c0f69de8e15130c616f406a3e11a5f57447cc750104ac92ab57e
chr2_100_guide_002	columba	timing	measured_3	0	1.207446	0.484915	0.677764	1183840	1	b091fa2b46c182a8a67a094bd3c9f50095419fe615fc28736ed56aa20fc8c4ee	fcb111d8f13e0c6fc56b3a46cb2607dbd0803db82279a8f8d3d3a4ca0648a2d1
chr2_100_guide_003	columba	timing	measured_3	0	1.258062	0.509518	0.686000	1183880	3	7dd65faa22ef6ae127ad1cffb7c78fc9e83043b91c35e6c65bd41d6a842d34f7	eaf2b0acaded0d6e6e3f1d88899d4582a8b8098946704264d3331b43b2716abf
chr2_100_guide_004	columba	timing	measured_3	0	1.208063	0.502054	0.649178	1183976	1	e01c3f3850fa1094a4e3e5f167ec427b3ecfa0222c679119f51fc05c8d278e4b	d190ef6ee41bc19d839f5330a7322ae8e74d9d13d496260f91e3557b3a905e33
chr2_100_guide_005	columba	timing	measured_3	0	1.207795	0.492085	0.627996	1184012	1	f3ad299ad34e05ae1ed6176040951b955f5080a7dc9b5239548d1d748ef966ca	1874722b9151883ea27797212ef8190251ffc138100c1d39d76f7cc5a9165cda
chr2_100_guide_006	columba	timing	measured_3	0	1.207735	0.530286	0.626167	1183924	2	b1490c4399cf265a7d1d1c32b362fc8231d079c00bb7b0854a01650c2da8c154	ccf1be32a917a57f2b94acdab5ae569adbc676b11063e23c3f79cf17b5e28d95
chr2_100_guide_007	columba	timing	measured_3	0	1.207367	0.480453	0.636046	1184220	2	67bb33c3f496eb7d6c32ecb265c4e2be4f81419b295dfa33e174bf836bcb8340	59eb321834fb49f035b29dcc7249fda29a34a72e5adb542954a62a9034bf826f
chr2_100_guide_008	columba	timing	measured_3	0	1.207760	0.527296	0.615826	1184136	1	44dfce4b19be7bceaf292acab37ac3cfd17a12af95bd8d9c6773c50e0fc8287b	f6c509c1c2194471b881be711bbbacb57710beff738cb343daff4f5f83534ed9
chr2_100_guide_009	columba	timing	measured_3	0	1.157486	0.498350	0.627134	1183856	1	b4025a0c05001632d3d9819897b20c5cb6adb85f8b58dfb3684ae82f3e55a445	e3b0c44298fc1c149afbf4c8996fb92427ae41e4649b934ca495991b7852b855
chr2_100_guide_010	columba	timing	measured_3	0	1.258944	0.576952	0.600538	1183804	1	6665827947d32899e2f4c3d5d9f9996e310bdee2090ef0d19a9e643826cfd20e	e06ea000294559bc261349fa8bd9e1628d3357868f4f731110fc4a60bc900486
chr2_100_guide_011	columba	timing	measured_3	0	49.088530	0.578632	0.902374	1183828	1	bb40e37be897f83a1b15371e404bdb88006f765dd588625f1d80d95fae1ad5aa	5ad58f792abc417318dfd38ec6825cd97a6eb1a6ed3cd9fdf0a7b4fd493d3422
chr2_100_guide_012	columba	timing	measured_3	0	1.913637	0.748964	0.824963	1184140	9	66cb13e291a9e27105f1caae231acf4a8bd8aa488438dacfddfc5216243206d7	462dd2c8d1f23b7ce4fec7a0090771e43a9de09ed355d3a56257403c9765daf0
chr2_100_guide_013	columba	timing	measured_3	0	2.815482	1.008369	1.016926	1185096	322	16ffdaca63b1aa805f3917a0708a291bfbdb86d116fb8da03bfd4fe6d6747062	dc6d3f8ae6cc882027df18760781e4e0515f80fb168b146f26a8ad8afb46a2eb
chr2_100_guide_014	columba	timing	measured_3	0	1.207045	0.568001	0.599515	1183964	2	0443657d2efb5794b44960262e648576461066b30a4b8e25574159fadae2eb2b	44bb640530bd1c4f22cdab2c9b675114c5a585f98d0e4dc5fa7a6c95b62550c8
chr2_100_guide_015	columba	timing	measured_3	0	1.207866	0.495886	0.631691	1183888	1	42e895974b61d6a6f346dea6886300a8fe271754b1d94bdce59b758505195a83	756649f556ef8b11a119d8d3b9814ad2298e11fa90e0b0f7184b0de224ae3057
chr2_100_guide_016	columba	timing	measured_3	0	1.208008	0.496644	0.645412	1183852	2	8657fd291b214f97a5fe5f222b4dc6b878b921969dd7bd6ffb1ed5b3783a610e	604d714efe53cecde984144ee750ac37cc774f03295c3f3b16f5390d6c9234cf
chr2_100_guide_017	columba	timing	measured_3	0	1.310651	0.638316	0.603347	1183936	3	9a7dd4d0c1afc7f1d67a7055c718e0057820c6eaa77ab632b4e8b28677a6f1fe	fd36d278f0a16821748638370e729bc9868ac14ee99c1794734eae0780b66b07
chr2_100_guide_018	columba	timing	measured_3	0	1.258093	0.603580	0.611871	1184064	1	2f7599cbfd417906a733f1e345af049f64a300adde46b600f2098f8585fcc3c6	afdfe1b38cfb029a37804712c5726d1c887a1e65c620d57942063dce98ff5e41
chr2_100_guide_019	columba	timing	measured_3	0	1.308769	0.538221	0.606033	1183844	6	fff07c8f19a2e1a91b3c6747b0971040fe92615b096894c2c75d1313b37c5047	ca30b9fc0366f1f1475d9c8a0a76dec40ba9e31985acb058b543a07e41f5b33a
chr2_100_guide_020	columba	timing	measured_3	0	1.157580	0.519323	0.595413	1183856	2	d05c9bdf9106fc289c7d2295e14f5dcc5629bf0e1ea2f924e0a8ed4540f45320	45f2f11652e763ace0a8e355b344b98f86c3171f6d66873bdc87ab4f09a43504
chr2_100_guide_021	columba	timing	measured_3	0	49.142123	0.553729	0.955200	1184024	2	d17d8f4b9e607ac7c14732110dc6e2fd11eeeff032cf7e30bbab4f0c566ee6de	e50c2774158ba4fe7f72ca8b7d2bced37287b018567316cdd15be7067ada5b78
chr2_100_guide_022	columba	timing	measured_3	0	1.211588	0.529869	0.620738	1183972	1	917aafb006a22d16b37a281effd7ff0c4654ed8bc78198c61f5d22b8b2e55adf	d3e145e824f3c1c48b1f447d320e0093f27182e8a1d380e515e8d8eb3057f7d2
chr2_100_guide_023	columba	timing	measured_3	0	1.158898	0.483066	0.655971	1183788	1	e8a89348acfae06a87d8f971055db0655a3c9f9eca2f7ab4c60cb6d77791f26b	4a1b7ce56910df05867391f3d038edeb2ed7533a6ae44b8b1bdbf47f2145acf9
chr2_100_guide_024	columba	timing	measured_3	0	1.308664	0.583055	0.645581	1184016	6	77250eb14965666148ebbfef66a8eac79f2a83072b2d5e5cacb74c6874c1f30d	830c5a3f3c2cfc6ba6ac944280462859ef3081566b52ea8f295fbd4baae50d8b
chr2_100_guide_025	columba	timing	measured_3	0	1.257795	0.532406	0.640831	1183924	2	6422ac193bedac3cde84587774a777f805400fc0e2ce68e93c5359b3b824fe3b	0b94a14ae7d11a020ea15a610d00779c8ce833c52291f5d697f010ce862dc875
chr2_100_guide_026	columba	timing	measured_3	0	1.258179	0.529281	0.669893	1183976	1	9f390b604c806c3994037804907776beb4d5a4a66cab2023c3e8d42e89ae2a63	161aa9eed2665383dd126c9b2c7d388ff51de9839daa4680ed13a9de7f6eebb3
chr2_100_guide_027	columba	timing	measured_3	0	1.258206	0.492615	0.648175	1184104	2	0ef1135e30fc4261638fc6aa26ac3766945922a18b2d512bf991ff47d9b6f947	d71b53183c8c7f820e42eae09e5fde1d5a17ea10c9207fe9310917b386d598d2
chr2_100_guide_028	columba	timing	measured_3	0	1.209049	0.492975	0.657273	1183820	1	7aaa1cf50dd7c5b5d1c81d7db9510966938f6f670e0c2188ab89e8347134cb1c	b0b918fe22452087240364df7514668b7428dcb62a7516d0959f187f4bded811
chr2_100_guide_029	columba	timing	measured_3	0	1.259511	0.511303	0.655884	1184052	1	1043bc44ffca5c8f5a9a1956e02c9e5abcb81a398b2de62ebdecbf4ac84194a0	7d736a15292282ed22788ac035e6a67193fd0302877e146a35b359e0ddc017b8
chr2_100_guide_030	columba	timing	measured_3	0	1.311284	0.553193	0.610239	1184360	2	5f82a120833bb599928ceadd0be2fb33516383e987a4ff739b804a55dc1595d9	d7d6bf4354e503f027e7679c1878354b64173521df33fce1ecf092b8a65772b0
chr2_100_guide_031	columba	timing	measured_3	0	1.258365	0.521340	0.596376	1184000	4	73533f260c04d565927c51f24c0fa370c5f73001e51346324e099ab1adaa0c97	12947fc1b6a4481505a8c64d24ff5c0e8d77ad56595d56975a358796cfa5cc41
chr2_100_guide_032	columba	timing	measured_3	0	1.309023	0.563687	0.605052	1183820	2	15b7fa659b00794ceda7be7f1369090311c6ba7473c517f4b44f82db38243fc0	a746075dd8058af175764d95719de03f03c5b37ab4949a2b80f00d65228e8737
chr2_100_guide_033	columba	timing	measured_3	0	1.157860	0.512349	0.620691	1183948	2	9cb9b033b4d4346d59aeb64fb75479c6a8a2f45a583b8e6f451e6c1a936bb5ea	36f61c9acbb96dc750009cac9b1e13de835bf300981a4218ee9615209f8f3d2f
chr2_100_guide_034	columba	timing	measured_3	0	1.160318	0.521610	0.599041	1184112	1	fe3d8b47c35802ac6b57ec8cb4561109f4f0d22f8e3159743f110e5a2ef00c6c	d621aef256415bc61cae4ee8117e5308400a7823a58053415b2a17935fbe8a21
chr2_100_guide_035	columba	timing	measured_3	0	1.158122	0.528888	0.609306	1183900	1	c295719972feb4753a386c1cf65a399133d35309979b8d4aace21d83944e868e	87ea452acee3fe67a40d66c88afe851eb8639c6248851b349e5bdb0f6842c9ea
chr2_100_guide_036	columba	timing	measured_3	0	1.709692	0.527892	0.571585	1184000	3	a3b1f09196f338eae4e88b2da6bdbf1eb2961dd16dde7b9c717ba1060a64acd8	82689ad3ac321dfcbee64f3ef7237f9143fbdc949afb4c954d63e65ed094eaf6
chr2_100_guide_037	columba	timing	measured_3	0	1.309049	0.553077	0.633000	1184016	1	5a237c119e3f0aeaef65923d66e6dc0c29804c0d3b690cf8bd75740dfd5dcd8b	5959ae0057ab07b140467a5b42a01304acee5c2ceca143d1a1c9c5c879c6e907
chr2_100_guide_038	columba	timing	measured_3	0	1.559274	0.675840	0.684595	1184216	1	b9e34fe8ccb092578da22649335a71c80d9db878cf3a4451778fd98e9b5ec22e	1c222d1f53018593dc7eb4eb55e936420a364c6142fa970e10a4f07c415b352a
chr2_100_guide_039	columba	timing	measured_3	0	1.810287	0.843265	0.672569	1184752	5398	e5226c1bcd6fd86d789cfb210f4ed4a04e9316481d3ca96372c52cd27ba215a7	0810ffd2bea28dafcf8f50f0c81b43e6ae794684eb7711147b6e38c84f29c51a
chr2_100_guide_040	columba	timing	measured_3	0	1.209199	0.541318	0.603028	1184008	1	38f3709f6a076b2aebea7f182579ef6f37f34c190ffdbc0f69f1f02f15cf41e2	aacf991e635405aa8784d9a40db76b327fc8a15f978810f2ed1415c5c9229441
chr2_100_guide_041	columba	timing	measured_3	0	1.762573	0.695083	0.791358	1183952	24	8070cc6254dbd7400f00e542aebc46064420209347e35f7023b57f21d061da7a	d3f3b337670ce984689ff0bb85631e250be1bc3429ce5fba4ffb2bb3937ec178
chr2_100_guide_042	columba	timing	measured_3	0	1.208011	0.493491	0.681043	1183952	3	f39f28fe69eef0f7d667134ff138ac8377919b12741a2e690ddd03eb62748726	820466ad53d6cdaacefb6330c0dc039b70f786029d072c82e41b8edfc4d26f9d
chr2_100_guide_043	columba	timing	measured_3	0	1.208646	0.511988	0.643065	1183668	1	c5aef2b2dc9b811d70509f0600268cfeeea951a45e2dd18e91e0d25bcac4d376	8a58a337372c0eee446d7cb96c3bab42da45df9d81a8def14f3ad3d5591093eb
chr2_100_guide_044	columba	timing	measured_3	0	2.111154	0.548361	0.584511	1184012	1	5be3bb64196bba4de7ff72f4ddc64a4237957ea9dfe8c50b732a0406977860fe	3503f9bc05dc0024e12db7bde8286ab8f98f21470177b220998051ec043f94b0
chr2_100_guide_045	columba	timing	measured_3	0	1.258292	0.507895	0.639732	1183988	2	d8ef2d6550ad1596297ca916d57d867254ee05e8e3b89a5123064cdbf33a4dbc	e3800056b46106c84d2467c3781f76a53bdafb3e14fac5e6973e2bda03396c17
chr2_100_guide_046	columba	timing	measured_3	0	1.609917	0.586112	0.658228	1184028	22	7ba82e231d05e8ec379d5b63b5ffd61e5e7323d490edb98bfed80f0c6944284e	2733abc54034fe6815881a1281a9f2ed5a71c0a659def2cb34fa79f32ed66117
chr2_100_guide_047	columba	timing	measured_3	0	1.610039	0.690195	0.732325	1184000	3	a74bfa99df1a56ee1b041c38bc8fb257a5e0ddb7cba5265a9ea140ec2bfe9b39	77f1df908686cb2b21a8653a7a7ec9672504f10993b8a0bdc626ebec4dc2e542
chr2_100_guide_048	columba	timing	measured_3	0	1.207793	0.537376	0.626547	1183884	2	ca2b5657752a6136af93ce94b0141600b7a4ef3c355b01f25ce63a7c16a005f2	e23b541fb51a2c0de61d43313ab5bef13b817d1c50834c0a069f45a23c4c636d
chr2_100_guide_049	columba	timing	measured_3	0	1.308991	0.532412	0.656520	1183908	1	2299ea9435c0020f18baac07162b342f90b144a6602120c2bc1e0d73615a15a6	996113d73dc8497963d3aa8ba09ef3d6a8504444fe5615909e1ca6b7cfb94b02
chr2_100_guide_050	columba	timing	measured_3	0	1.208215	0.505972	0.642863	1183868	1	cf48956c67e54b1e7a8cdb066882ff8398ce3dded5d7e4117a8c857968c4e440	71a853eeafcf3d1fca92789fbbbccbc6854f7c0db92e032c22ed1b6e3acc3fb0
chr2_100_guide_051	columba	timing	measured_3	0	1.207944	0.542912	0.617248	1183828	1	c86006645507230946bb4bfe446a2c8b5186d0a69ac04a9917743c4b3671dbac	c644933ba63bdd8ce2760e502a31e00344477c78511ea708720064ff44f5df5c
chr2_100_guide_052	columba	timing	measured_3	0	1.208544	0.501773	0.622019	1183988	7	07a3e96ac2952866d5f9ce37f2811cf081ac338e00ef987fe7520758c3b9ed96	7a97ce71309e21d4ca3938772fc9109c6d77d018f42d840ba07eb4d099ab26fc
chr2_100_guide_053	columba	timing	measured_3	0	1.158573	0.547426	0.594278	1184476	2	dd6ffe568e7b86866b475c9979fea3e126007afe9be1d59b4f5722b9100abf1a	3e465c0c4ebbd3fba58ded9d32ee396a585816c5dcbc59ed55469798307ceaf8
chr2_100_guide_054	columba	timing	measured_3	0	1.460851	0.608999	0.654486	1184012	435	2bf0d8fc7bc6d02fb38553aebf3184c4322ff1fb3292da188cd5fc802e0e003b	2297405cab72210f9bb90fddd96889e07d066c4eb5e53117e6ddb3a3994199ad
chr2_100_guide_055	columba	timing	measured_3	0	1.459537	0.678756	0.599258	1183856	1	c3c54da4b3b1f3b503865b61494f292527b3437aa387a0286081158514f6aae1	c5950d45ed0239ffca537f76d32cb881e1b3195bbb647c557de4a7bc392b276e
chr2_100_guide_056	columba	timing	measured_3	0	1.207994	0.503370	0.626087	1183788	1	2738df1e9d822f388885c2d53ebc44bc1443fb8ac7ec8a4ccba90ec9cf7cf1a3	679ce8afb980ee31fec0fcf865f42f39c724d4bfaa7d4a271072fa5767872713
chr2_100_guide_057	columba	timing	measured_3	0	1.208587	0.506820	0.622855	1183736	1	fd695fc724b9cf1f61c94765059e1dd184f692b3e9f4c4475cc565a98d7d9673	e82d35d0c889df3d8620df0ee4aab69d523c1de8c27083b510e6e6bb8a7450fa
chr2_100_guide_058	columba	timing	measured_3	0	1.207779	0.521046	0.629698	1183984	1	7e37b9cbf165a9c7568f5f3fab3ace0702b3f7c9e336910584fd4953f82ea01f	7a78f6bfc4f91f61824dfc076fc71282082a14ca940a679550edb433382fb728
chr2_100_guide_059	columba	timing	measured_3	0	1.207937	0.550727	0.546012	1184392	1	936c9e555da89573d21ba0842dce1ca9fa2b05df2ef89d72a1f692b65c072786	e3b0c44298fc1c149afbf4c8996fb92427ae41e4649b934ca495991b7852b855
chr2_100_guide_060	columba	timing	measured_3	0	1.207385	0.499635	0.620311	1184356	5	107863b98005a36126f8385cc08b8db7fae9c0e8a39d20edb74e7d7a5dd74e56	376392c0fb07ff2de9bc0e0194ab7acd85f3b5b91fd7af17febcd42821b59a53
chr2_100_guide_061	columba	timing	measured_3	0	1.359977	0.494924	0.659795	1186688	1	08cec366ada6b0833303064841934628d26f112b297b0c2107ecfafdd9974fb5	ee6078332409254f44c471382cabc3a37b616afecdc2ca6a1fbb09df9323985b
chr2_100_guide_062	columba	timing	measured_3	0	1.259268	0.552470	0.608556	1183864	7	98f0a3ab624851f48af6e828adc08b1c3f752efbde0b726db7c6b406069274ce	aa196a98babebc6555f9cc195ed5d00e988ec1ba58079172e28b59c7157aaaab
chr2_100_guide_063	columba	timing	measured_3	0	2.261539	0.964458	0.794597	1184780	53	222e8773ddb128397dfeb85789628189ade9947845a456a62c15504c5ff9643a	776492fb94e324a5541966f194af1c5c105ed3716fb9a090d13266fac763e79f
chr2_100_guide_064	columba	timing	measured_3	0	1.159025	0.489892	0.638524	1184052	1	8d8176e87a0e17abc3da278c2d15dbefb32f38966c3e9b920ec4fd05af1515f2	dc387e67d8e1a3887843c03b1fa3d0935483024100b8d94a5e7a479a769ba21b
chr2_100_guide_065	columba	timing	measured_3	0	1.157653	0.532489	0.599223	1184048	3	ff4c022cc7bfd5971ff7153c7ebc27a7fd82998085a719bbbf8f50da4f9d2905	ff3e12c7378d34265314a814ef8a4463100e2bb99066d1cc06ae7de824246d82
chr2_100_guide_066	columba	timing	measured_3	0	1.459449	0.496987	0.657457	1183892	1	d4828479545e963e81cc8217ea587128ced9df383e59ab56a5b8e656e1c25c41	47cd55ecc73a96f250443864be8a32e01e18919036f61c781a76c17a0a6da907
chr2_100_guide_067	columba	timing	measured_3	0	1.207988	0.557817	0.606218	1184564	3	b8b558b4dce1ccbcd2dd2f32a97dadb1ff6cdd7871f44ff4bc59fe04bf9aabfc	bf31c5bd206d570b781f2a952b581fa601a8335f2ad52b310a405483eb1107b4
chr2_100_guide_068	columba	timing	measured_3	0	1.308268	0.539257	0.675507	1183920	2	197247c9d653d2615364c25804978058527b926cc08455ebc0717a00cc887897	df44134e47fe199ad3c116d5f7b86067887f9fbfdc90c33e5e3fabaf890111a2
chr2_100_guide_069	columba	timing	measured_3	0	1.208585	0.526069	0.618793	1183976	1	2aceda26441b8d2230c3cddf2578bec3a0110748c19ffe14fe682f38c418bd5d	b1ee32ace9952c80659d08e8ce79c5af62a7f09bf3d868c78c9c0f277982d8d4
chr2_100_guide_070	columba	timing	measured_3	0	1.209351	0.512458	0.624993	1184036	1	4a6150b44f776e1d1413f60c0d0ad7df8353f1ae1d7aa3c08eb7b75be4b4e5de	4d19b0dbabc6a6219332f38b6fb8106ad6d651d3b89e43d79f3a05c34deff0fd
chr2_100_guide_071	columba	timing	measured_3	0	1.460575	0.581093	0.692549	1184040	6	3dbd6e701f6d5d7ad93846b44df9e239f86eec62d2eec993b32e9366faa91899	1135dcf1f1153f20a985621909f6229b1e658499a7f5cc9e6b9bc104612fae97
chr2_100_guide_072	columba	timing	measured_3	0	1.207839	0.535147	0.630466	1183996	1	5d1eaf11968d604209b54a81f8a3d6d1615221dbc7faf6cded5b7cea63acebf2	359b96d909106a8984347399431a33ff204a5e94dad2bcd8bcb1549edd0276ad
chr2_100_guide_073	columba	timing	measured_3	0	1.157820	0.515452	0.624281	1183820	2	06e22ac54512f8a4d5cf660c7fe201354c88d8ed0ca60b8d92442b4aff37632d	cc4ff614288b0eef874b4998f61ff1c9bf87e75bc71392471a92b31e861693ca
chr2_100_guide_074	columba	timing	measured_3	0	1.207202	0.476844	0.672819	1184072	1	e64dd0f00e7e244104d25c0f65407d49f132fea8df442101c296994519f432ae	6550ff87a93522900142e8b78f9fe480597356dbc3d4f82919bad35f1a3a3db7
chr2_100_guide_075	columba	timing	measured_3	0	1.208172	0.549540	0.629975	1183792	2	1a85bd9b971e616ad64b51b8708fb56dd502c9fa901c055b93d1b59202d858f4	c189377c028cef66a1b9f1e5dd8184e48e42ee23b87dd35b328a26baf88f3065
chr2_100_guide_076	columba	timing	measured_3	0	1.409475	0.595039	0.704679	1184216	3	8b8334440e7ed6dba91b504221243417ea2596bdfb93f90e24aeef3f1b09b3e5	1b3b2a935fb931dd6f08e714c8575c215c9d290189f2b33f6f9f4ca27e105556
chr2_100_guide_077	columba	timing	measured_3	0	1.207653	0.511893	0.655690	1184000	4	1405e11e7c8c777700eb869e8400834f09543ad0bdd4f4cc8a3d626b9ce28f8e	35fa34c64c2751127232ef0715df6db44e6e11f0ed42025785c620fc9a027db6
chr2_100_guide_078	columba	timing	measured_3	0	1.257614	0.562286	0.613441	1184016	1	3160d7c64925f7dc5efc06b015f0479f3236e630afb3c95a1b679ce18ef52a9d	10f55d473bb56b73f3c4bcdea056b2bc9587881431fad37610d31c65cefdec54
chr2_100_guide_079	columba	timing	measured_3	0	1.509084	0.625655	0.588963	1183884	2	be19624b2c77cf71a45f0c94b616f4df5c19b8e6b7a45d74c7726a3980025000	822d695c1cb13a4cc58ee899cea2a6f3ecb9d8601f962acd9bc6a9cb26e27e81
chr2_100_guide_080	columba	timing	measured_3	0	1.308202	0.546385	0.654500	1183644	12	d20fe7f34e33cb3f4eccfba6bca6795e49838ee1a51143573fca4f01edc26b01	dcc4b65e1c9c3f56eee774ac8cf45e01783215a741fd1e397a95ffff2b5f8150
chr2_100_guide_081	columba	timing	measured_3	0	1.258906	0.531226	0.662092	1183752	2	c5aca4de6d66d2695407e32ab8c294d6009a2eaa97ab3b0b1bfeb80e03763471	dd710595ad78fce8865b5617887b37004b9aac2f0476f05df57fa1addf801b62
chr2_100_guide_082	columba	timing	measured_3	0	1.208641	0.511573	0.640213	1183852	1	c8b417da2dccf7e8b66503d1b569ba8f51160132e1bc6cfa0913422d090197d8	5c091133b79e379a42deea46570fca8968585b3a350787116b94ca481ce43d80
chr2_100_guide_083	columba	timing	measured_3	0	1.308557	0.581608	0.650139	1184068	44	a468a5821a1fe10f7a4e8583195a0ebd01c763b0949b4f3681e75ed3f6871dfb	cde35d9575b5c32808d6eaed2ff75ac79d4e8f87645250352ae4998d216cd676
chr2_100_guide_084	columba	timing	measured_3	0	1.206715	0.499445	0.639157	1184008	1	1f39a5e441ea77599b4a51c7fa6a268643714a2285d51575637f0ec05b8ccd08	242ced5857ead546dbc440560d8a7c0d9d99834ae51d3e4d458a5d1d07ceb692
chr2_100_guide_085	columba	timing	measured_3	0	1.207413	0.505976	0.637174	1183960	1	b91101ff3644122e80926dacc0e8082463da07408f94e8a323cad88edc5aa0a3	7082985345e2fbfe712941cf6c2d86dc33915378b2c578b7aeceb841390b0824
chr2_100_guide_086	columba	timing	measured_3	0	1.258154	0.508394	0.635397	1184000	1	3a4f9b7fb7360a0f9081d4d3a44c0438dbeb5334b61fdd768b92eac57751d3e3	4f081f68c04adb67cf6075f2891f974cae565ace057c9dc0d925a180f816c645
chr2_100_guide_087	columba	timing	measured_3	0	1.259090	0.530349	0.670023	1184284	1	33173f79b391313b857acbf051a6f433f12d6fda1ddd040370abacc3c90d867a	89ad4d4ac963d688e800b31da1f02121c0bf2a3267e7b555cfbf80894b76da0e
chr2_100_guide_088	columba	timing	measured_3	0	1.308090	0.573813	0.618673	1184044	1	8404e6c9611090b86700ab5b6f407c30396d1bf634c59ddc70e0b91bcf8deed2	691461c1d7f88e7ba89c466af5da2ea4b04438386ffebf3a6d2739533f7ff4d6
chr2_100_guide_089	columba	timing	measured_3	0	1.610128	0.512227	0.616825	1183688	1	89e2e5e6d5342dc2a3500948d323fe2bd41e1639ddb9b19004a689e4ae4aab68	cc0c24704f998fb81f4b0f9ecb5bd25c0a3d8600acdb03fb5c67dd79730980c8
chr2_100_guide_090	columba	timing	measured_3	0	1.258999	0.507637	0.680518	1183836	1	2448e1d3e5704d4689594f612226e267dce72f9378c6be13510fed2d329bdf13	749acbc54c03509ec4204fe0a05f370a5be2032e9be8d49fe3e7475397b46334
chr2_100_guide_091	columba	timing	measured_3	0	1.509109	0.528290	0.643308	1183916	1	e26b94324ae8ad1a316b22613f9e800c93ba9e554a1f3780b6029528ea9c0aaf	2a57bfef51177856feafcd31192bba2dadb861a01daf9d0cad10bea1a68917ad
chr2_100_guide_092	columba	timing	measured_3	0	1.258953	0.554823	0.645940	1183992	3	e3b8f41a545f2dfee5bb6c610f01f239570f3008c48a9a10a678813202acc225	6212428fbeb6b00b1f1da7e79a9e12ac2e7f6794ff5ba1404348a5f8d0425d74
chr2_100_guide_093	columba	timing	measured_3	0	1.157487	0.523233	0.567105	1183800	1	f6eff8c392955d9c76023676f1133024f174c5a7fefa09c1f4f150e0fa4a3a37	2dd1781e77a3259a7f31dc8b290fd9dfa8d43fff8bbabf0f4ec34811f6594d29
chr2_100_guide_094	columba	timing	measured_3	0	1.157492	0.496591	0.608505	1183904	1	cc76711b4c3870fec74e88bccf065a49af2b4a2857a1e5d1b110a570ad0367d3	7b853602214a0199f07688a1eaf857ece32faea6cb7f6094389e96f2d2132c78
chr2_100_guide_095	columba	timing	measured_3	0	1.157659	0.487708	0.627673	1183932	1	ba6821819cf73e4d0cb476976180d5ebaeabd9bf62585947a0e70673da298231	302dddb2e4d43373457668ffbb7c40cd8dd4745cba4ee59a3297b79bd86fa680
chr2_100_guide_096	columba	timing	measured_3	0	1.157722	0.516623	0.606804	1183996	1	e52b650b23680c96b04fce4997c4af753f07415cbe884dd0d2fa7ec272bcfc65	be28aed60020a418bed72ed21890c349753e7ca9613554dfa291e060bf67a78f
chr2_100_guide_097	columba	timing	measured_3	0	1.157733	0.477452	0.658034	1184124	3	e993fd25de231a0a1a4fb6d06be4f4239a718fa73464c548b76670767f9205eb	f1df14a6405f6cf74e84b88e5271505323de017ebc164994c0c56cb44538ce9f
chr2_100_guide_098	columba	timing	measured_3	0	1.208181	0.529025	0.600239	1183980	2	f7c767ac24b7f8b2ad55bb4b6dcc308ffe648e12d20c32c73e399cd07a28f6d2	f19e32e0471f98ba61a2c455bf2d6ff0b11cbc7ba9749bd59d84c85d9ecf9660
chr2_100_guide_099	columba	timing	measured_3	0	1.207102	0.522209	0.618649	1183852	3	0ade50c3277afe88f374d3126466b262eab11a5f3633117d67a4e31679169cf8	be11c863503b87af4c1489418a4d96879ac08a32959e4210f438a5665da1cca0
chr2_100_guide_100	columba	timing	measured_3	0	1.207397	0.493483	0.633014	1184044	1	41d33aa17ca7784b5f6199424ff8db2c3b2d4680ce1bfa65443f9853f35e9dc3	bb73f84ea74e2615c640fa23d4c6cc7f1c5b70e1d2659c13672b965f8c4e7e82
