mode	iteration	batch_id	slurm_job_id	slurm_array_task_id	hostname	partition	date_utc	git_commit	git_branch	reference	columba_index	pam	max_mismatches	max_bulges	max_bulge_size	min_match_fraction	threads
baseline	measured_1	batch_001	2433792	1	tux05	tux	2026-08-13T13:35:13Z	63da0e89119c57d05112c044b0dbbe321b2b12ce	columba-wfa2-cfd	/moosefs/raid5/salehi/crispr2/crispr-progress/columba-crispr-benchmark/crisprapido/../data/real_reference/chm13v2_chr2.fa	/moosefs/raid5/salehi/crispr2/crispr-progress/columba-crispr-benchmark/crisprapido/../results/chm13_chr2_index/chm13v2_chr2	GG	0	1	2	0.75	1
baseline	measured_1	batch_002	2433793	2	tux05	tux	2026-08-13T13:35:13Z	63da0e89119c57d05112c044b0dbbe321b2b12ce	columba-wfa2-cfd	/moosefs/raid5/salehi/crispr2/crispr-progress/columba-crispr-benchmark/crisprapido/../data/real_reference/chm13v2_chr2.fa	/moosefs/raid5/salehi/crispr2/crispr-progress/columba-crispr-benchmark/crisprapido/../results/chm13_chr2_index/chm13v2_chr2	GG	0	1	2	0.75	1
baseline	measured_1	batch_003	2433794	3	tux05	tux	2026-08-13T13:35:13Z	63da0e89119c57d05112c044b0dbbe321b2b12ce	columba-wfa2-cfd	/moosefs/raid5/salehi/crispr2/crispr-progress/columba-crispr-benchmark/crisprapido/../data/real_reference/chm13v2_chr2.fa	/moosefs/raid5/salehi/crispr2/crispr-progress/columba-crispr-benchmark/crisprapido/../results/chm13_chr2_index/chm13v2_chr2	GG	0	1	2	0.75	1
baseline	measured_1	batch_004	2434639	4	tux05	tux	2026-08-13T13:50:41Z	63da0e89119c57d05112c044b0dbbe321b2b12ce	columba-wfa2-cfd	/moosefs/raid5/salehi/crispr2/crispr-progress/columba-crispr-benchmark/crisprapido/../data/real_reference/chm13v2_chr2.fa	/moosefs/raid5/salehi/crispr2/crispr-progress/columba-crispr-benchmark/crisprapido/../results/chm13_chr2_index/chm13v2_chr2	GG	0	1	2	0.75	1
baseline	measured_1	batch_005	2434640	5	tux05	tux	2026-08-13T13:50:41Z	63da0e89119c57d05112c044b0dbbe321b2b12ce	columba-wfa2-cfd	/moosefs/raid5/salehi/crispr2/crispr-progress/columba-crispr-benchmark/crisprapido/../data/real_reference/chm13v2_chr2.fa	/moosefs/raid5/salehi/crispr2/crispr-progress/columba-crispr-benchmark/crisprapido/../results/chm13_chr2_index/chm13v2_chr2	GG	0	1	2	0.75	1
baseline	measured_1	batch_006	2434643	6	tux05	tux	2026-08-13T13:50:47Z	63da0e89119c57d05112c044b0dbbe321b2b12ce	columba-wfa2-cfd	/moosefs/raid5/salehi/crispr2/crispr-progress/columba-crispr-benchmark/crisprapido/../data/real_reference/chm13v2_chr2.fa	/moosefs/raid5/salehi/crispr2/crispr-progress/columba-crispr-benchmark/crisprapido/../results/chm13_chr2_index/chm13v2_chr2	GG	0	1	2	0.75	1
baseline	measured_1	batch_007	2435440	7	tux05	tux	2026-08-13T14:05:48Z	63da0e89119c57d05112c044b0dbbe321b2b12ce	columba-wfa2-cfd	/moosefs/raid5/salehi/crispr2/crispr-progress/columba-crispr-benchmark/crisprapido/../data/real_reference/chm13v2_chr2.fa	/moosefs/raid5/salehi/crispr2/crispr-progress/columba-crispr-benchmark/crisprapido/../results/chm13_chr2_index/chm13v2_chr2	GG	0	1	2	0.75	1
baseline	measured_1	batch_008	2435448	8	tux05	tux	2026-08-13T14:05:53Z	63da0e89119c57d05112c044b0dbbe321b2b12ce	columba-wfa2-cfd	/moosefs/raid5/salehi/crispr2/crispr-progress/columba-crispr-benchmark/crisprapido/../data/real_reference/chm13v2_chr2.fa	/moosefs/raid5/salehi/crispr2/crispr-progress/columba-crispr-benchmark/crisprapido/../results/chm13_chr2_index/chm13v2_chr2	GG	0	1	2	0.75	1
baseline	measured_1	batch_009	2435453	9	tux05	tux	2026-08-13T14:06:02Z	63da0e89119c57d05112c044b0dbbe321b2b12ce	columba-wfa2-cfd	/moosefs/raid5/salehi/crispr2/crispr-progress/columba-crispr-benchmark/crisprapido/../data/real_reference/chm13v2_chr2.fa	/moosefs/raid5/salehi/crispr2/crispr-progress/columba-crispr-benchmark/crisprapido/../results/chm13_chr2_index/chm13v2_chr2	GG	0	1	2	0.75	1
baseline	measured_1	batch_010	2433787	10	tux05	tux	2026-08-13T14:20:51Z	63da0e89119c57d05112c044b0dbbe321b2b12ce	columba-wfa2-cfd	/moosefs/raid5/salehi/crispr2/crispr-progress/columba-crispr-benchmark/crisprapido/../data/real_reference/chm13v2_chr2.fa	/moosefs/raid5/salehi/crispr2/crispr-progress/columba-crispr-benchmark/crisprapido/../results/chm13_chr2_index/chm13v2_chr2	GG	0	1	2	0.75	1
columba	measured_1	batch_001	2433806	1	tux05	tux	2026-08-13T13:35:17Z	63da0e89119c57d05112c044b0dbbe321b2b12ce	columba-wfa2-cfd	/moosefs/raid5/salehi/crispr2/crispr-progress/columba-crispr-benchmark/crisprapido/../data/real_reference/chm13v2_chr2.fa	/moosefs/raid5/salehi/crispr2/crispr-progress/columba-crispr-benchmark/crisprapido/../results/chm13_chr2_index/chm13v2_chr2	GG	0	1	2	0.75	1
columba	measured_1	batch_002	2433807	2	tux05	tux	2026-08-13T13:35:17Z	63da0e89119c57d05112c044b0dbbe321b2b12ce	columba-wfa2-cfd	/moosefs/raid5/salehi/crispr2/crispr-progress/columba-crispr-benchmark/crisprapido/../data/real_reference/chm13v2_chr2.fa	/moosefs/raid5/salehi/crispr2/crispr-progress/columba-crispr-benchmark/crisprapido/../results/chm13_chr2_index/chm13v2_chr2	GG	0	1	2	0.75	1
columba	measured_1	batch_003	2433808	3	tux05	tux	2026-08-13T13:35:17Z	63da0e89119c57d05112c044b0dbbe321b2b12ce	columba-wfa2-cfd	/moosefs/raid5/salehi/crispr2/crispr-progress/columba-crispr-benchmark/crisprapido/../data/real_reference/chm13v2_chr2.fa	/moosefs/raid5/salehi/crispr2/crispr-progress/columba-crispr-benchmark/crisprapido/../results/chm13_chr2_index/chm13v2_chr2	GG	0	1	2	0.75	1
columba	measured_1	batch_004	2433867	4	tux05	tux	2026-08-13T13:36:21Z	63da0e89119c57d05112c044b0dbbe321b2b12ce	columba-wfa2-cfd	/moosefs/raid5/salehi/crispr2/crispr-progress/columba-crispr-benchmark/crisprapido/../data/real_reference/chm13v2_chr2.fa	/moosefs/raid5/salehi/crispr2/crispr-progress/columba-crispr-benchmark/crisprapido/../results/chm13_chr2_index/chm13v2_chr2	GG	0	1	2	0.75	1
columba	measured_1	batch_005	2433868	5	tux05	tux	2026-08-13T13:36:21Z	63da0e89119c57d05112c044b0dbbe321b2b12ce	columba-wfa2-cfd	/moosefs/raid5/salehi/crispr2/crispr-progress/columba-crispr-benchmark/crisprapido/../data/real_reference/chm13v2_chr2.fa	/moosefs/raid5/salehi/crispr2/crispr-progress/columba-crispr-benchmark/crisprapido/../results/chm13_chr2_index/chm13v2_chr2	GG	0	1	2	0.75	1
columba	measured_1	batch_006	2433869	6	tux05	tux	2026-08-13T13:36:21Z	63da0e89119c57d05112c044b0dbbe321b2b12ce	columba-wfa2-cfd	/moosefs/raid5/salehi/crispr2/crispr-progress/columba-crispr-benchmark/crisprapido/../data/real_reference/chm13v2_chr2.fa	/moosefs/raid5/salehi/crispr2/crispr-progress/columba-crispr-benchmark/crisprapido/../results/chm13_chr2_index/chm13v2_chr2	GG	0	1	2	0.75	1
columba	measured_1	batch_007	2433889	7	tux05	tux	2026-08-13T13:36:37Z	63da0e89119c57d05112c044b0dbbe321b2b12ce	columba-wfa2-cfd	/moosefs/raid5/salehi/crispr2/crispr-progress/columba-crispr-benchmark/crisprapido/../data/real_reference/chm13v2_chr2.fa	/moosefs/raid5/salehi/crispr2/crispr-progress/columba-crispr-benchmark/crisprapido/../results/chm13_chr2_index/chm13v2_chr2	GG	0	1	2	0.75	1
columba	measured_1	batch_008	2433893	8	tux05	tux	2026-08-13T13:36:40Z	63da0e89119c57d05112c044b0dbbe321b2b12ce	columba-wfa2-cfd	/moosefs/raid5/salehi/crispr2/crispr-progress/columba-crispr-benchmark/crisprapido/../data/real_reference/chm13v2_chr2.fa	/moosefs/raid5/salehi/crispr2/crispr-progress/columba-crispr-benchmark/crisprapido/../results/chm13_chr2_index/chm13v2_chr2	GG	0	1	2	0.75	1
columba	measured_1	batch_009	2433894	9	tux05	tux	2026-08-13T13:36:40Z	63da0e89119c57d05112c044b0dbbe321b2b12ce	columba-wfa2-cfd	/moosefs/raid5/salehi/crispr2/crispr-progress/columba-crispr-benchmark/crisprapido/../data/real_reference/chm13v2_chr2.fa	/moosefs/raid5/salehi/crispr2/crispr-progress/columba-crispr-benchmark/crisprapido/../results/chm13_chr2_index/chm13v2_chr2	GG	0	1	2	0.75	1
columba	measured_1	batch_010	2433795	10	tux05	tux	2026-08-13T13:36:55Z	63da0e89119c57d05112c044b0dbbe321b2b12ce	columba-wfa2-cfd	/moosefs/raid5/salehi/crispr2/crispr-progress/columba-crispr-benchmark/crisprapido/../data/real_reference/chm13v2_chr2.fa	/moosefs/raid5/salehi/crispr2/crispr-progress/columba-crispr-benchmark/crisprapido/../results/chm13_chr2_index/chm13v2_chr2	GG	0	1	2	0.75	1
columba	measured_2	batch_001	2433809	1	tux05	tux	2026-08-13T13:35:17Z	63da0e89119c57d05112c044b0dbbe321b2b12ce	columba-wfa2-cfd	/moosefs/raid5/salehi/crispr2/crispr-progress/columba-crispr-benchmark/crisprapido/../data/real_reference/chm13v2_chr2.fa	/moosefs/raid5/salehi/crispr2/crispr-progress/columba-crispr-benchmark/crisprapido/../results/chm13_chr2_index/chm13v2_chr2	GG	0	1	2	0.75	1
columba	measured_2	batch_002	2433810	2	tux05	tux	2026-08-13T13:35:17Z	63da0e89119c57d05112c044b0dbbe321b2b12ce	columba-wfa2-cfd	/moosefs/raid5/salehi/crispr2/crispr-progress/columba-crispr-benchmark/crisprapido/../data/real_reference/chm13v2_chr2.fa	/moosefs/raid5/salehi/crispr2/crispr-progress/columba-crispr-benchmark/crisprapido/../results/chm13_chr2_index/chm13v2_chr2	GG	0	1	2	0.75	1
columba	measured_2	batch_003	2433811	3	tux05	tux	2026-08-13T13:35:17Z	63da0e89119c57d05112c044b0dbbe321b2b12ce	columba-wfa2-cfd	/moosefs/raid5/salehi/crispr2/crispr-progress/columba-crispr-benchmark/crisprapido/../data/real_reference/chm13v2_chr2.fa	/moosefs/raid5/salehi/crispr2/crispr-progress/columba-crispr-benchmark/crisprapido/../results/chm13_chr2_index/chm13v2_chr2	GG	0	1	2	0.75	1
columba	measured_2	batch_004	2433870	4	tux05	tux	2026-08-13T13:36:21Z	63da0e89119c57d05112c044b0dbbe321b2b12ce	columba-wfa2-cfd	/moosefs/raid5/salehi/crispr2/crispr-progress/columba-crispr-benchmark/crisprapido/../data/real_reference/chm13v2_chr2.fa	/moosefs/raid5/salehi/crispr2/crispr-progress/columba-crispr-benchmark/crisprapido/../results/chm13_chr2_index/chm13v2_chr2	GG	0	1	2	0.75	1
columba	measured_2	batch_005	2433871	5	tux05	tux	2026-08-13T13:36:21Z	63da0e89119c57d05112c044b0dbbe321b2b12ce	columba-wfa2-cfd	/moosefs/raid5/salehi/crispr2/crispr-progress/columba-crispr-benchmark/crisprapido/../data/real_reference/chm13v2_chr2.fa	/moosefs/raid5/salehi/crispr2/crispr-progress/columba-crispr-benchmark/crisprapido/../results/chm13_chr2_index/chm13v2_chr2	GG	0	1	2	0.75	1
columba	measured_2	batch_006	2433872	6	tux05	tux	2026-08-13T13:36:21Z	63da0e89119c57d05112c044b0dbbe321b2b12ce	columba-wfa2-cfd	/moosefs/raid5/salehi/crispr2/crispr-progress/columba-crispr-benchmark/crisprapido/../data/real_reference/chm13v2_chr2.fa	/moosefs/raid5/salehi/crispr2/crispr-progress/columba-crispr-benchmark/crisprapido/../results/chm13_chr2_index/chm13v2_chr2	GG	0	1	2	0.75	1
columba	measured_2	batch_007	2433890	7	tux05	tux	2026-08-13T13:36:37Z	63da0e89119c57d05112c044b0dbbe321b2b12ce	columba-wfa2-cfd	/moosefs/raid5/salehi/crispr2/crispr-progress/columba-crispr-benchmark/crisprapido/../data/real_reference/chm13v2_chr2.fa	/moosefs/raid5/salehi/crispr2/crispr-progress/columba-crispr-benchmark/crisprapido/../results/chm13_chr2_index/chm13v2_chr2	GG	0	1	2	0.75	1
columba	measured_2	batch_008	2433895	8	tux05	tux	2026-08-13T13:36:40Z	63da0e89119c57d05112c044b0dbbe321b2b12ce	columba-wfa2-cfd	/moosefs/raid5/salehi/crispr2/crispr-progress/columba-crispr-benchmark/crisprapido/../data/real_reference/chm13v2_chr2.fa	/moosefs/raid5/salehi/crispr2/crispr-progress/columba-crispr-benchmark/crisprapido/../results/chm13_chr2_index/chm13v2_chr2	GG	0	1	2	0.75	1
columba	measured_2	batch_009	2433896	9	tux05	tux	2026-08-13T13:36:40Z	63da0e89119c57d05112c044b0dbbe321b2b12ce	columba-wfa2-cfd	/moosefs/raid5/salehi/crispr2/crispr-progress/columba-crispr-benchmark/crisprapido/../data/real_reference/chm13v2_chr2.fa	/moosefs/raid5/salehi/crispr2/crispr-progress/columba-crispr-benchmark/crisprapido/../results/chm13_chr2_index/chm13v2_chr2	GG	0	1	2	0.75	1
columba	measured_2	batch_010	2433796	10	tux05	tux	2026-08-13T13:36:55Z	63da0e89119c57d05112c044b0dbbe321b2b12ce	columba-wfa2-cfd	/moosefs/raid5/salehi/crispr2/crispr-progress/columba-crispr-benchmark/crisprapido/../data/real_reference/chm13v2_chr2.fa	/moosefs/raid5/salehi/crispr2/crispr-progress/columba-crispr-benchmark/crisprapido/../results/chm13_chr2_index/chm13v2_chr2	GG	0	1	2	0.75	1
columba	measured_3	batch_001	2433812	1	tux05	tux	2026-08-13T13:35:17Z	63da0e89119c57d05112c044b0dbbe321b2b12ce	columba-wfa2-cfd	/moosefs/raid5/salehi/crispr2/crispr-progress/columba-crispr-benchmark/crisprapido/../data/real_reference/chm13v2_chr2.fa	/moosefs/raid5/salehi/crispr2/crispr-progress/columba-crispr-benchmark/crisprapido/../results/chm13_chr2_index/chm13v2_chr2	GG	0	1	2	0.75	1
columba	measured_3	batch_002	2433813	2	tux05	tux	2026-08-13T13:35:17Z	63da0e89119c57d05112c044b0dbbe321b2b12ce	columba-wfa2-cfd	/moosefs/raid5/salehi/crispr2/crispr-progress/columba-crispr-benchmark/crisprapido/../data/real_reference/chm13v2_chr2.fa	/moosefs/raid5/salehi/crispr2/crispr-progress/columba-crispr-benchmark/crisprapido/../results/chm13_chr2_index/chm13v2_chr2	GG	0	1	2	0.75	1
columba	measured_3	batch_003	2433814	3	tux05	tux	2026-08-13T13:35:17Z	63da0e89119c57d05112c044b0dbbe321b2b12ce	columba-wfa2-cfd	/moosefs/raid5/salehi/crispr2/crispr-progress/columba-crispr-benchmark/crisprapido/../data/real_reference/chm13v2_chr2.fa	/moosefs/raid5/salehi/crispr2/crispr-progress/columba-crispr-benchmark/crisprapido/../results/chm13_chr2_index/chm13v2_chr2	GG	0	1	2	0.75	1
columba	measured_3	batch_004	2433866	4	tux05	tux	2026-08-13T13:36:19Z	63da0e89119c57d05112c044b0dbbe321b2b12ce	columba-wfa2-cfd	/moosefs/raid5/salehi/crispr2/crispr-progress/columba-crispr-benchmark/crisprapido/../data/real_reference/chm13v2_chr2.fa	/moosefs/raid5/salehi/crispr2/crispr-progress/columba-crispr-benchmark/crisprapido/../results/chm13_chr2_index/chm13v2_chr2	GG	0	1	2	0.75	1
columba	measured_3	batch_005	2433873	5	tux05	tux	2026-08-13T13:36:21Z	63da0e89119c57d05112c044b0dbbe321b2b12ce	columba-wfa2-cfd	/moosefs/raid5/salehi/crispr2/crispr-progress/columba-crispr-benchmark/crisprapido/../data/real_reference/chm13v2_chr2.fa	/moosefs/raid5/salehi/crispr2/crispr-progress/columba-crispr-benchmark/crisprapido/../results/chm13_chr2_index/chm13v2_chr2	GG	0	1	2	0.75	1
columba	measured_3	batch_006	2433874	6	tux05	tux	2026-08-13T13:36:22Z	63da0e89119c57d05112c044b0dbbe321b2b12ce	columba-wfa2-cfd	/moosefs/raid5/salehi/crispr2/crispr-progress/columba-crispr-benchmark/crisprapido/../data/real_reference/chm13v2_chr2.fa	/moosefs/raid5/salehi/crispr2/crispr-progress/columba-crispr-benchmark/crisprapido/../results/chm13_chr2_index/chm13v2_chr2	GG	0	1	2	0.75	1
columba	measured_3	batch_007	2433888	7	tux05	tux	2026-08-13T13:36:35Z	63da0e89119c57d05112c044b0dbbe321b2b12ce	columba-wfa2-cfd	/moosefs/raid5/salehi/crispr2/crispr-progress/columba-crispr-benchmark/crisprapido/../data/real_reference/chm13v2_chr2.fa	/moosefs/raid5/salehi/crispr2/crispr-progress/columba-crispr-benchmark/crisprapido/../results/chm13_chr2_index/chm13v2_chr2	GG	0	1	2	0.75	1
columba	measured_3	batch_008	2433897	8	tux05	tux	2026-08-13T13:36:40Z	63da0e89119c57d05112c044b0dbbe321b2b12ce	columba-wfa2-cfd	/moosefs/raid5/salehi/crispr2/crispr-progress/columba-crispr-benchmark/crisprapido/../data/real_reference/chm13v2_chr2.fa	/moosefs/raid5/salehi/crispr2/crispr-progress/columba-crispr-benchmark/crisprapido/../results/chm13_chr2_index/chm13v2_chr2	GG	0	1	2	0.75	1
columba	measured_3	batch_009	2433898	9	tux05	tux	2026-08-13T13:36:40Z	63da0e89119c57d05112c044b0dbbe321b2b12ce	columba-wfa2-cfd	/moosefs/raid5/salehi/crispr2/crispr-progress/columba-crispr-benchmark/crisprapido/../data/real_reference/chm13v2_chr2.fa	/moosefs/raid5/salehi/crispr2/crispr-progress/columba-crispr-benchmark/crisprapido/../results/chm13_chr2_index/chm13v2_chr2	GG	0	1	2	0.75	1
columba	measured_3	batch_010	2433797	10	tux05	tux	2026-08-13T13:36:51Z	63da0e89119c57d05112c044b0dbbe321b2b12ce	columba-wfa2-cfd	/moosefs/raid5/salehi/crispr2/crispr-progress/columba-crispr-benchmark/crisprapido/../data/real_reference/chm13v2_chr2.fa	/moosefs/raid5/salehi/crispr2/crispr-progress/columba-crispr-benchmark/crisprapido/../results/chm13_chr2_index/chm13v2_chr2	GG	0	1	2	0.75	1
