threads	mode	iteration	guide_count	exit_failures	total_paf_records	sum_wall_seconds	sum_user_seconds	sum_system_seconds	max_peak_rss_kib	panel_stdout_sha256	panel_stderr_sha256
1	baseline	measured_1	100	0	2892	1947.143865	1930.952956	3.383578	127484	d3425d1633a70d443dbacf27a4608879bb8bbb58356a9a8f9b30409bcdabc57c	498dc82bd28b9243b7b1f250dab66414b69312ddd98ffebfd15aa211451bea3c
1	columba	measured_1	100	0	12608	89.529341	44.365836	22.358733	292620	df561efe9fa0138a0a0c2315747506acbd44e763f1a6f6e51852014968b52f30	905156c821d3a89c946016cfa9200ab9b04af7f3ae23197acce4c2527efa0430
1	columba	measured_2	100	0	12608	87.581688	43.778264	22.156687	292540	df561efe9fa0138a0a0c2315747506acbd44e763f1a6f6e51852014968b52f30	905156c821d3a89c946016cfa9200ab9b04af7f3ae23197acce4c2527efa0430
1	columba	measured_3	100	0	12608	89.761205	44.222635	22.560571	292548	df561efe9fa0138a0a0c2315747506acbd44e763f1a6f6e51852014968b52f30	905156c821d3a89c946016cfa9200ab9b04af7f3ae23197acce4c2527efa0430
2	baseline	measured_1	100	0	2892	990.520169	1936.380839	3.227751	131152	d3425d1633a70d443dbacf27a4608879bb8bbb58356a9a8f9b30409bcdabc57c	498dc82bd28b9243b7b1f250dab66414b69312ddd98ffebfd15aa211451bea3c
2	columba	measured_1	100	0	12608	85.237319	43.570091	21.837773	292560	df561efe9fa0138a0a0c2315747506acbd44e763f1a6f6e51852014968b52f30	905156c821d3a89c946016cfa9200ab9b04af7f3ae23197acce4c2527efa0430
2	columba	measured_2	100	0	12608	82.707057	43.611038	20.575035	292748	df561efe9fa0138a0a0c2315747506acbd44e763f1a6f6e51852014968b52f30	905156c821d3a89c946016cfa9200ab9b04af7f3ae23197acce4c2527efa0430
2	columba	measured_3	100	0	12608	89.391006	43.636139	20.069706	292896	df561efe9fa0138a0a0c2315747506acbd44e763f1a6f6e51852014968b52f30	905156c821d3a89c946016cfa9200ab9b04af7f3ae23197acce4c2527efa0430
4	baseline	measured_1	100	0	2892	559.864686	2082.101903	44.269768	137348	d3425d1633a70d443dbacf27a4608879bb8bbb58356a9a8f9b30409bcdabc57c	498dc82bd28b9243b7b1f250dab66414b69312ddd98ffebfd15aa211451bea3c
4	columba	measured_1	100	0	12608	78.495753	42.796480	19.556270	294704	df561efe9fa0138a0a0c2315747506acbd44e763f1a6f6e51852014968b52f30	905156c821d3a89c946016cfa9200ab9b04af7f3ae23197acce4c2527efa0430
4	columba	measured_2	100	0	12608	80.461738	43.273769	19.940465	294516	df561efe9fa0138a0a0c2315747506acbd44e763f1a6f6e51852014968b52f30	905156c821d3a89c946016cfa9200ab9b04af7f3ae23197acce4c2527efa0430
4	columba	measured_3	100	0	12608	77.457115	42.704336	19.592819	294540	df561efe9fa0138a0a0c2315747506acbd44e763f1a6f6e51852014968b52f30	905156c821d3a89c946016cfa9200ab9b04af7f3ae23197acce4c2527efa0430
8	baseline	measured_1	100	0	2892	294.387895	2075.266475	68.876951	151384	d3425d1633a70d443dbacf27a4608879bb8bbb58356a9a8f9b30409bcdabc57c	498dc82bd28b9243b7b1f250dab66414b69312ddd98ffebfd15aa211451bea3c
8	columba	measured_1	100	0	12608	81.989174	42.488879	19.880937	294412	df561efe9fa0138a0a0c2315747506acbd44e763f1a6f6e51852014968b52f30	905156c821d3a89c946016cfa9200ab9b04af7f3ae23197acce4c2527efa0430
8	columba	measured_2	100	0	12608	80.566499	41.844921	20.569048	296084	df561efe9fa0138a0a0c2315747506acbd44e763f1a6f6e51852014968b52f30	905156c821d3a89c946016cfa9200ab9b04af7f3ae23197acce4c2527efa0430
8	columba	measured_3	100	0	12608	80.831806	42.348716	19.493983	294488	df561efe9fa0138a0a0c2315747506acbd44e763f1a6f6e51852014968b52f30	905156c821d3a89c946016cfa9200ab9b04af7f3ae23197acce4c2527efa0430
