guide_id	mode	phase	iteration	exit_status	wall_seconds	user_seconds	system_seconds	peak_rss_kib	paf_records	candidate_count	stdout_sha256	stderr_sha256
chr22_guide_01	baseline	correctness	pilot	0	32.864913	32.767227	0.063990	123976	16	not_exposed	b1fb9aa39cacb022055195ef7dba7343c8fc879f2dc35b1bb9e3a5c71e1e23e0	638bd673bf5fc22f3fc8fe75f5600789d2b5d3f971a550e9446c8845c8fb98e7
chr22_guide_01	columba	correctness	pilot	0	0.505280	0.293970	0.129320	290220	848	not_exposed	4748136198d08a3f8212510ff37f1283fe59fc471fa429b3db472d9763246239	9cbceec00b385f352ae5ec8e80e4138ed44de61594a0ef0bc38a4fe62b2e7dd7
chr22_guide_02	baseline	correctness	pilot	0	33.967426	33.153251	0.036001	124084	68	not_exposed	1c8845363d90825b8ae340946833959933ab6ef5fb8cc51a58e5c318ecbda056	b2b32f17633bad48f0d63dd8593879a3898a801f59345a837879f804a8b0a9ca
chr22_guide_02	columba	correctness	pilot	0	0.454874	0.288973	0.104682	290364	70	not_exposed	8f32d63ac3fc7353d028bcbab308948f718f700957721b790efcbcfdf7b2968d	67c892220045c7e6de36630e42f43c7166e3a6cbb04fcd8d07803b38b0896333
chr22_guide_03	baseline	correctness	pilot	0	34.458277	33.209783	0.040002	124044	1	not_exposed	d0e1f61006a51712a6e3a7a08a2d9ed9a2e486bf46c47b49e89668b53f2efe69	e3b0c44298fc1c149afbf4c8996fb92427ae41e4649b934ca495991b7852b855
chr22_guide_03	columba	correctness	pilot	0	0.454882	0.279299	0.123796	290236	3	not_exposed	606c59fbabc1859613e4a31b3b8ed8c4147f5ca89d1de01946221f89097d2bce	ec04d3f7e1b1328ad5397a8bdd34185b098771189af9962fbc567d013800e818
chr22_guide_04	baseline	correctness	pilot	0	32.809204	32.722855	0.043998	124044	2	not_exposed	a14c7617088d038a70adbf1f43853e09c8728d9eb8b692f6bebaeecda9d2bbf8	e3b0c44298fc1c149afbf4c8996fb92427ae41e4649b934ca495991b7852b855
chr22_guide_04	columba	correctness	pilot	0	0.505218	0.283544	0.136060	290256	2	not_exposed	5c632dfc921b715b635c61d386497b7131eb4348bb520ea4a5cd13ab53ef1e7a	23e8f4ffff162fdc2e25089c32203c22ccb5ac9c66770c9b5d4a6408cc154ffb
chr22_guide_05	baseline	correctness	pilot	0	33.460990	33.356260	0.060007	124340	149	not_exposed	8066a5e39caf78bf0cac01aa1dc91a6d1211b5892fc5875490679eb24872a81f	fba7e1444d1935a3ecae72a339d215d7e66c93737ae3105ef796647230a4c72b
chr22_guide_05	columba	correctness	pilot	0	0.454758	0.259103	0.137752	290204	149	not_exposed	13d490936eb128956dcd7744ae65b99655fcac4ad3ba999a6d96498e5f4323b1	ac192c7b6f04bd7ec153ca9deee4b10effcbb4185b9d200c6f35f95533887058
chr22_guide_06	baseline	correctness	pilot	0	34.068602	33.998197	0.035998	124052	58	not_exposed	9838a748f83250618473227cbc2b798e921118551a385e778337b49637186fe3	e3b0c44298fc1c149afbf4c8996fb92427ae41e4649b934ca495991b7852b855
chr22_guide_06	columba	correctness	pilot	0	0.505172	0.305893	0.119460	290276	2001	not_exposed	ccbb10c6b39950ff1a609a7c093affb95e09b093f31339b79eb9e55af9bea14f	6ab1cb25283fe19a6bfd4fcd5c48da2d87969a73970cab771254caf7f66a6287
chr22_guide_07	baseline	correctness	pilot	0	32.914642	32.807276	0.059991	123996	1	not_exposed	0effc63d85fa97f691908ce0321ab857ae6f08fabd2480f35c83ff81e76c9f0e	e3b0c44298fc1c149afbf4c8996fb92427ae41e4649b934ca495991b7852b855
chr22_guide_07	columba	correctness	pilot	0	0.404588	0.265649	0.123308	290244	1	not_exposed	0effc63d85fa97f691908ce0321ab857ae6f08fabd2480f35c83ff81e76c9f0e	6be499e878bb8835b2d0095d754911ca511e88d92eb98ee972ab04a1f8c00a0b
chr22_guide_08	baseline	correctness	pilot	0	33.510388	33.415440	0.055999	124024	1	not_exposed	029b4bae64ebbe3decac5715b992bb89ceb0731276cd7cd8566eaca4250537b4	e3b0c44298fc1c149afbf4c8996fb92427ae41e4649b934ca495991b7852b855
chr22_guide_08	columba	correctness	pilot	0	0.454813	0.271862	0.118243	290336	1	not_exposed	029b4bae64ebbe3decac5715b992bb89ceb0731276cd7cd8566eaca4250537b4	d19c36693df71437a3e971b04638d4c55f47a0d94d8887a1c6ebbec6f71e8046
chr22_guide_09	baseline	correctness	pilot	0	32.856532	32.824142	0.024000	123980	2	not_exposed	0750254d4598a1695dbaade1146e921cf6dab58c8fc5ab334e4e36f882246f3f	ecd997460eff8b19bac120208f47edd7be53e3371027aaa35d95fa07a5e79089
chr22_guide_09	columba	correctness	pilot	0	0.454574	0.279391	0.123677	290416	2	not_exposed	0750254d4598a1695dbaade1146e921cf6dab58c8fc5ab334e4e36f882246f3f	f786f22359fb3a2a1769d5d1b500856dc5b1f5bd752fa9b56a6462248899650e
chr22_guide_10	baseline	correctness	pilot	0	33.106705	33.053861	0.035997	124048	1	not_exposed	bc3b9f3f86cc8bbd34d0a114947da783ee284f28a9a17754f8b3028fd08951a9	e3b0c44298fc1c149afbf4c8996fb92427ae41e4649b934ca495991b7852b855
chr22_guide_10	columba	correctness	pilot	0	0.454654	0.276730	0.123503	290328	1	not_exposed	bc3b9f3f86cc8bbd34d0a114947da783ee284f28a9a17754f8b3028fd08951a9	e3b0c44298fc1c149afbf4c8996fb92427ae41e4649b934ca495991b7852b855
chr22_guide_11	baseline	correctness	pilot	0	32.759302	32.667650	0.051999	124112	1	not_exposed	7f92fd7dddc708c2b3ec905f92a74e766b81d6ff9eaf13b4dc9c11ff5e96767a	e3b0c44298fc1c149afbf4c8996fb92427ae41e4649b934ca495991b7852b855
chr22_guide_11	columba	correctness	pilot	0	0.454848	0.251177	0.140079	290296	1	not_exposed	7f92fd7dddc708c2b3ec905f92a74e766b81d6ff9eaf13b4dc9c11ff5e96767a	eb38c77d3364d29cf9b4a0c82bd850e49266e1046930de12097b9d1d6f671ebe
chr22_guide_12	baseline	correctness	pilot	0	32.556400	32.470601	0.047997	123948	1	not_exposed	b7517a16df61180265ec10a20cb33a003c3ea568992073591f20e96d81391119	e3b0c44298fc1c149afbf4c8996fb92427ae41e4649b934ca495991b7852b855
chr22_guide_12	columba	correctness	pilot	0	0.455032	0.265697	0.133943	290300	1	not_exposed	b7517a16df61180265ec10a20cb33a003c3ea568992073591f20e96d81391119	b52ea0dac91d497aaec6f642a08329c4472b1d235792c856330e28a7c0b02c57
chr22_guide_13	baseline	correctness	pilot	0	32.565094	32.520330	0.035995	124016	1	not_exposed	c4ca7ddc636638d7005d3e187756ba84185296e1c2585b41d0a7a856e2606213	e3b0c44298fc1c149afbf4c8996fb92427ae41e4649b934ca495991b7852b855
chr22_guide_13	columba	correctness	pilot	0	0.405335	0.269391	0.120629	290272	1	not_exposed	c4ca7ddc636638d7005d3e187756ba84185296e1c2585b41d0a7a856e2606213	696e651629a088ed51fa18bf92752b7cebcc5231944eb0da133c1b9ea7800ae7
chr22_guide_14	baseline	correctness	pilot	0	33.057668	32.978558	0.040003	124092	2	not_exposed	d39c5b6762aa09453e14f55e106ab300ceb4955ee3d73b381937cbf2220ed042	e3b0c44298fc1c149afbf4c8996fb92427ae41e4649b934ca495991b7852b855
chr22_guide_14	columba	correctness	pilot	0	0.455191	0.272271	0.125822	290168	2	not_exposed	d39c5b6762aa09453e14f55e106ab300ceb4955ee3d73b381937cbf2220ed042	fc6bbc4c65e692473cbf32ff151557635e2d1dd99e4b69c5ee3da000a109cea9
chr22_guide_15	baseline	correctness	pilot	0	33.361153	33.309108	0.027997	124076	1	not_exposed	850390cf00e784716c531f5e64380876ff07596af289e7ba34bc096bff075ecc	e3b0c44298fc1c149afbf4c8996fb92427ae41e4649b934ca495991b7852b855
chr22_guide_15	columba	correctness	pilot	0	0.454992	0.275499	0.136410	290636	1	not_exposed	850390cf00e784716c531f5e64380876ff07596af289e7ba34bc096bff075ecc	f44e84d998c57621965bbb72ae37ec201bf3185e3f28563924ad182f849d8046
chr22_guide_16	baseline	correctness	pilot	0	33.265838	33.198175	0.047997	124112	1	not_exposed	b32f95b3659bdf5efde0a545c93605a84811e1f51637e98948f88b66e0c918a9	e3b0c44298fc1c149afbf4c8996fb92427ae41e4649b934ca495991b7852b855
chr22_guide_16	columba	correctness	pilot	0	0.404658	0.289829	0.101852	290452	1	not_exposed	b32f95b3659bdf5efde0a545c93605a84811e1f51637e98948f88b66e0c918a9	e3b0c44298fc1c149afbf4c8996fb92427ae41e4649b934ca495991b7852b855
chr22_guide_17	baseline	correctness	pilot	0	32.715990	32.636793	0.039996	123988	1	not_exposed	1da030b92202db00fdf4fa746fa0de1c56a74c6415d7abf8e6e634730c0990ca	e3b0c44298fc1c149afbf4c8996fb92427ae41e4649b934ca495991b7852b855
chr22_guide_17	columba	correctness	pilot	0	0.454800	0.272823	0.120544	290260	1	not_exposed	1da030b92202db00fdf4fa746fa0de1c56a74c6415d7abf8e6e634730c0990ca	e8d6de60c3ba05b27001c144755f4d3ad082de5cdf0fdf5e9cf6b7717422195e
chr22_guide_18	baseline	correctness	pilot	0	33.312100	33.256559	0.039995	123988	1	not_exposed	7b9ea615f9aa7e046adebd0e63adf8ebdc63c09e2a683a13ae5b9e9457fd8152	e3b0c44298fc1c149afbf4c8996fb92427ae41e4649b934ca495991b7852b855
chr22_guide_18	columba	correctness	pilot	0	0.454710	0.279436	0.117858	290288	1	not_exposed	7b9ea615f9aa7e046adebd0e63adf8ebdc63c09e2a683a13ae5b9e9457fd8152	000abe2ead510b1e81f85058fe4a2422bdd56dfa268e082b10ff250075738f0e
chr22_guide_19	baseline	correctness	pilot	0	34.361462	34.285297	0.036001	123948	1	not_exposed	7c248ba9765e06499bdbdd56fa063150392f57bbcf49d7273e7a34148cb2a14e	e3b0c44298fc1c149afbf4c8996fb92427ae41e4649b934ca495991b7852b855
chr22_guide_19	columba	correctness	pilot	0	0.404925	0.271045	0.121482	290064	1	not_exposed	7c248ba9765e06499bdbdd56fa063150392f57bbcf49d7273e7a34148cb2a14e	cb99cf2cb5c76fa9de96c7d214883bdebf51068c4cfea4bec3c2c4a8fda8efb1
chr22_guide_20	baseline	correctness	pilot	0	34.059024	33.988667	0.051994	124044	1	not_exposed	624a957aae98b6d231ae1011b4e64e108e7b8e8e44287e46c4862920d0454e11	e3b0c44298fc1c149afbf4c8996fb92427ae41e4649b934ca495991b7852b855
chr22_guide_20	columba	correctness	pilot	0	0.505058	0.269993	0.152604	290400	7	not_exposed	d7cbdc22dab734795edef645ff8b56288ad8f07ca5476cfee91c8abc902ec472	e99057a662fd17d483edbc4496276765b125c66cd71604a696e1c7852dab17e7
chr22_guide_01	baseline	timing	warmup	0	32.859627	32.789120	0.059994	123976	16	not_exposed	b1fb9aa39cacb022055195ef7dba7343c8fc879f2dc35b1bb9e3a5c71e1e23e0	638bd673bf5fc22f3fc8fe75f5600789d2b5d3f971a550e9446c8845c8fb98e7
chr22_guide_02	baseline	timing	warmup	0	33.352591	33.282576	0.036002	124132	68	not_exposed	1c8845363d90825b8ae340946833959933ab6ef5fb8cc51a58e5c318ecbda056	b2b32f17633bad48f0d63dd8593879a3898a801f59345a837879f804a8b0a9ca
chr22_guide_03	baseline	timing	warmup	0	34.914833	34.840842	0.032000	124028	1	not_exposed	d0e1f61006a51712a6e3a7a08a2d9ed9a2e486bf46c47b49e89668b53f2efe69	e3b0c44298fc1c149afbf4c8996fb92427ae41e4649b934ca495991b7852b855
chr22_guide_04	baseline	timing	warmup	0	32.957176	32.893639	0.032001	124000	2	not_exposed	a14c7617088d038a70adbf1f43853e09c8728d9eb8b692f6bebaeecda9d2bbf8	e3b0c44298fc1c149afbf4c8996fb92427ae41e4649b934ca495991b7852b855
chr22_guide_05	baseline	timing	warmup	0	33.411447	33.326052	0.040002	124244	149	not_exposed	8066a5e39caf78bf0cac01aa1dc91a6d1211b5892fc5875490679eb24872a81f	fba7e1444d1935a3ecae72a339d215d7e66c93737ae3105ef796647230a4c72b
chr22_guide_06	baseline	timing	warmup	0	34.075193	34.007966	0.059992	124080	58	not_exposed	9838a748f83250618473227cbc2b798e921118551a385e778337b49637186fe3	e3b0c44298fc1c149afbf4c8996fb92427ae41e4649b934ca495991b7852b855
chr22_guide_07	baseline	timing	warmup	0	33.057858	32.986895	0.051998	123944	1	not_exposed	0effc63d85fa97f691908ce0321ab857ae6f08fabd2480f35c83ff81e76c9f0e	e3b0c44298fc1c149afbf4c8996fb92427ae41e4649b934ca495991b7852b855
chr22_guide_08	baseline	timing	warmup	0	33.674127	33.571268	0.051998	124092	1	not_exposed	029b4bae64ebbe3decac5715b992bb89ceb0731276cd7cd8566eaca4250537b4	e3b0c44298fc1c149afbf4c8996fb92427ae41e4649b934ca495991b7852b855
chr22_guide_09	baseline	timing	warmup	0	32.962390	32.882066	0.039997	123988	2	not_exposed	0750254d4598a1695dbaade1146e921cf6dab58c8fc5ab334e4e36f882246f3f	ecd997460eff8b19bac120208f47edd7be53e3371027aaa35d95fa07a5e79089
chr22_guide_10	baseline	timing	warmup	0	33.261014	33.194871	0.032002	123944	1	not_exposed	bc3b9f3f86cc8bbd34d0a114947da783ee284f28a9a17754f8b3028fd08951a9	e3b0c44298fc1c149afbf4c8996fb92427ae41e4649b934ca495991b7852b855
chr22_guide_11	baseline	timing	warmup	0	32.909114	32.850900	0.043998	124052	1	not_exposed	7f92fd7dddc708c2b3ec905f92a74e766b81d6ff9eaf13b4dc9c11ff5e96767a	e3b0c44298fc1c149afbf4c8996fb92427ae41e4649b934ca495991b7852b855
chr22_guide_12	baseline	timing	warmup	0	32.566712	32.469936	0.048002	123928	1	not_exposed	b7517a16df61180265ec10a20cb33a003c3ea568992073591f20e96d81391119	e3b0c44298fc1c149afbf4c8996fb92427ae41e4649b934ca495991b7852b855
chr22_guide_13	baseline	timing	warmup	0	32.707862	32.646121	0.055996	124172	1	not_exposed	c4ca7ddc636638d7005d3e187756ba84185296e1c2585b41d0a7a856e2606213	e3b0c44298fc1c149afbf4c8996fb92427ae41e4649b934ca495991b7852b855
chr22_guide_14	baseline	timing	warmup	0	34.720772	34.616729	0.060001	124048	2	not_exposed	d39c5b6762aa09453e14f55e106ab300ceb4955ee3d73b381937cbf2220ed042	e3b0c44298fc1c149afbf4c8996fb92427ae41e4649b934ca495991b7852b855
chr22_guide_15	baseline	timing	warmup	0	33.159906	33.085725	0.047996	124036	1	not_exposed	850390cf00e784716c531f5e64380876ff07596af289e7ba34bc096bff075ecc	e3b0c44298fc1c149afbf4c8996fb92427ae41e4649b934ca495991b7852b855
chr22_guide_16	baseline	timing	warmup	0	33.320958	33.249334	0.047996	124004	1	not_exposed	b32f95b3659bdf5efde0a545c93605a84811e1f51637e98948f88b66e0c918a9	e3b0c44298fc1c149afbf4c8996fb92427ae41e4649b934ca495991b7852b855
chr22_guide_17	baseline	timing	warmup	0	32.609321	32.549630	0.036001	124036	1	not_exposed	1da030b92202db00fdf4fa746fa0de1c56a74c6415d7abf8e6e634730c0990ca	e3b0c44298fc1c149afbf4c8996fb92427ae41e4649b934ca495991b7852b855
chr22_guide_18	baseline	timing	warmup	0	33.160091	33.093642	0.039997	123976	1	not_exposed	7b9ea615f9aa7e046adebd0e63adf8ebdc63c09e2a683a13ae5b9e9457fd8152	e3b0c44298fc1c149afbf4c8996fb92427ae41e4649b934ca495991b7852b855
chr22_guide_19	baseline	timing	warmup	0	33.721171	33.633354	0.067986	124068	1	not_exposed	7c248ba9765e06499bdbdd56fa063150392f57bbcf49d7273e7a34148cb2a14e	e3b0c44298fc1c149afbf4c8996fb92427ae41e4649b934ca495991b7852b855
chr22_guide_20	baseline	timing	warmup	0	33.861342	33.791678	0.043999	123956	1	not_exposed	624a957aae98b6d231ae1011b4e64e108e7b8e8e44287e46c4862920d0454e11	e3b0c44298fc1c149afbf4c8996fb92427ae41e4649b934ca495991b7852b855
chr22_guide_01	columba	timing	warmup	0	0.505529	0.302131	0.121791	290392	848	not_exposed	4748136198d08a3f8212510ff37f1283fe59fc471fa429b3db472d9763246239	9cbceec00b385f352ae5ec8e80e4138ed44de61594a0ef0bc38a4fe62b2e7dd7
chr22_guide_02	columba	timing	warmup	0	0.404517	0.277751	0.112581	290480	70	not_exposed	8f32d63ac3fc7353d028bcbab308948f718f700957721b790efcbcfdf7b2968d	67c892220045c7e6de36630e42f43c7166e3a6cbb04fcd8d07803b38b0896333
chr22_guide_03	columba	timing	warmup	0	0.404775	0.269127	0.116046	290248	3	not_exposed	606c59fbabc1859613e4a31b3b8ed8c4147f5ca89d1de01946221f89097d2bce	ec04d3f7e1b1328ad5397a8bdd34185b098771189af9962fbc567d013800e818
chr22_guide_04	columba	timing	warmup	0	0.504829	0.264660	0.151274	290376	2	not_exposed	5c632dfc921b715b635c61d386497b7131eb4348bb520ea4a5cd13ab53ef1e7a	23e8f4ffff162fdc2e25089c32203c22ccb5ac9c66770c9b5d4a6408cc154ffb
chr22_guide_05	columba	timing	warmup	0	0.455176	0.282018	0.115976	290224	149	not_exposed	13d490936eb128956dcd7744ae65b99655fcac4ad3ba999a6d96498e5f4323b1	ac192c7b6f04bd7ec153ca9deee4b10effcbb4185b9d200c6f35f95533887058
chr22_guide_06	columba	timing	warmup	0	0.505176	0.294969	0.127162	290376	2001	not_exposed	ccbb10c6b39950ff1a609a7c093affb95e09b093f31339b79eb9e55af9bea14f	6ab1cb25283fe19a6bfd4fcd5c48da2d87969a73970cab771254caf7f66a6287
chr22_guide_07	columba	timing	warmup	0	0.455093	0.287003	0.109194	290308	1	not_exposed	0effc63d85fa97f691908ce0321ab857ae6f08fabd2480f35c83ff81e76c9f0e	6be499e878bb8835b2d0095d754911ca511e88d92eb98ee972ab04a1f8c00a0b
chr22_guide_08	columba	timing	warmup	0	0.705584	0.275857	0.119264	290248	1	not_exposed	029b4bae64ebbe3decac5715b992bb89ceb0731276cd7cd8566eaca4250537b4	d19c36693df71437a3e971b04638d4c55f47a0d94d8887a1c6ebbec6f71e8046
chr22_guide_09	columba	timing	warmup	0	0.455378	0.272524	0.130295	290108	2	not_exposed	0750254d4598a1695dbaade1146e921cf6dab58c8fc5ab334e4e36f882246f3f	f786f22359fb3a2a1769d5d1b500856dc5b1f5bd752fa9b56a6462248899650e
chr22_guide_10	columba	timing	warmup	0	0.454876	0.284523	0.136366	290332	1	not_exposed	bc3b9f3f86cc8bbd34d0a114947da783ee284f28a9a17754f8b3028fd08951a9	e3b0c44298fc1c149afbf4c8996fb92427ae41e4649b934ca495991b7852b855
chr22_guide_11	columba	timing	warmup	0	0.455004	0.263373	0.138057	290168	1	not_exposed	7f92fd7dddc708c2b3ec905f92a74e766b81d6ff9eaf13b4dc9c11ff5e96767a	eb38c77d3364d29cf9b4a0c82bd850e49266e1046930de12097b9d1d6f671ebe
chr22_guide_12	columba	timing	warmup	0	0.404535	0.253676	0.133960	290248	1	not_exposed	b7517a16df61180265ec10a20cb33a003c3ea568992073591f20e96d81391119	b52ea0dac91d497aaec6f642a08329c4472b1d235792c856330e28a7c0b02c57
chr22_guide_13	columba	timing	warmup	0	0.455015	0.282562	0.119248	290300	1	not_exposed	c4ca7ddc636638d7005d3e187756ba84185296e1c2585b41d0a7a856e2606213	696e651629a088ed51fa18bf92752b7cebcc5231944eb0da133c1b9ea7800ae7
chr22_guide_14	columba	timing	warmup	0	0.455195	0.275980	0.110796	290244	2	not_exposed	d39c5b6762aa09453e14f55e106ab300ceb4955ee3d73b381937cbf2220ed042	fc6bbc4c65e692473cbf32ff151557635e2d1dd99e4b69c5ee3da000a109cea9
chr22_guide_15	columba	timing	warmup	0	0.454922	0.280601	0.122064	290404	1	not_exposed	850390cf00e784716c531f5e64380876ff07596af289e7ba34bc096bff075ecc	f44e84d998c57621965bbb72ae37ec201bf3185e3f28563924ad182f849d8046
chr22_guide_16	columba	timing	warmup	0	0.405046	0.276073	0.111053	290360	1	not_exposed	b32f95b3659bdf5efde0a545c93605a84811e1f51637e98948f88b66e0c918a9	e3b0c44298fc1c149afbf4c8996fb92427ae41e4649b934ca495991b7852b855
chr22_guide_17	columba	timing	warmup	0	0.454656	0.272760	0.128296	290316	1	not_exposed	1da030b92202db00fdf4fa746fa0de1c56a74c6415d7abf8e6e634730c0990ca	e8d6de60c3ba05b27001c144755f4d3ad082de5cdf0fdf5e9cf6b7717422195e
chr22_guide_18	columba	timing	warmup	0	0.404853	0.274311	0.119407	290156	1	not_exposed	7b9ea615f9aa7e046adebd0e63adf8ebdc63c09e2a683a13ae5b9e9457fd8152	000abe2ead510b1e81f85058fe4a2422bdd56dfa268e082b10ff250075738f0e
chr22_guide_19	columba	timing	warmup	0	0.405058	0.286305	0.109091	290272	1	not_exposed	7c248ba9765e06499bdbdd56fa063150392f57bbcf49d7273e7a34148cb2a14e	cb99cf2cb5c76fa9de96c7d214883bdebf51068c4cfea4bec3c2c4a8fda8efb1
chr22_guide_20	columba	timing	warmup	0	0.505084	0.289023	0.137806	290300	7	not_exposed	d7cbdc22dab734795edef645ff8b56288ad8f07ca5476cfee91c8abc902ec472	e99057a662fd17d483edbc4496276765b125c66cd71604a696e1c7852dab17e7
chr22_guide_01	baseline	timing	measured_1	0	33.009353	32.902524	0.043998	124084	16	not_exposed	b1fb9aa39cacb022055195ef7dba7343c8fc879f2dc35b1bb9e3a5c71e1e23e0	638bd673bf5fc22f3fc8fe75f5600789d2b5d3f971a550e9446c8845c8fb98e7
chr22_guide_02	baseline	timing	measured_1	0	36.824391	34.689539	2.112093	124176	68	not_exposed	1c8845363d90825b8ae340946833959933ab6ef5fb8cc51a58e5c318ecbda056	b2b32f17633bad48f0d63dd8593879a3898a801f59345a837879f804a8b0a9ca
chr22_guide_03	baseline	timing	measured_1	0	33.361892	33.289333	0.043991	124020	1	not_exposed	d0e1f61006a51712a6e3a7a08a2d9ed9a2e486bf46c47b49e89668b53f2efe69	e3b0c44298fc1c149afbf4c8996fb92427ae41e4649b934ca495991b7852b855
chr22_guide_04	baseline	timing	measured_1	0	33.058569	32.953345	0.059995	124012	2	not_exposed	a14c7617088d038a70adbf1f43853e09c8728d9eb8b692f6bebaeecda9d2bbf8	e3b0c44298fc1c149afbf4c8996fb92427ae41e4649b934ca495991b7852b855
chr22_guide_05	baseline	timing	measured_1	0	35.318257	33.757517	1.535887	124312	149	not_exposed	8066a5e39caf78bf0cac01aa1dc91a6d1211b5892fc5875490679eb24872a81f	fba7e1444d1935a3ecae72a339d215d7e66c93737ae3105ef796647230a4c72b
chr22_guide_06	baseline	timing	measured_1	0	34.063545	34.003447	0.039999	124080	58	not_exposed	9838a748f83250618473227cbc2b798e921118551a385e778337b49637186fe3	e3b0c44298fc1c149afbf4c8996fb92427ae41e4649b934ca495991b7852b855
chr22_guide_07	baseline	timing	measured_1	0	32.905708	32.808670	0.048006	124092	1	not_exposed	0effc63d85fa97f691908ce0321ab857ae6f08fabd2480f35c83ff81e76c9f0e	e3b0c44298fc1c149afbf4c8996fb92427ae41e4649b934ca495991b7852b855
chr22_guide_08	baseline	timing	measured_1	0	33.613053	33.508838	0.056001	124044	1	not_exposed	029b4bae64ebbe3decac5715b992bb89ceb0731276cd7cd8566eaca4250537b4	e3b0c44298fc1c149afbf4c8996fb92427ae41e4649b934ca495991b7852b855
chr22_guide_09	baseline	timing	measured_1	0	34.463687	33.806467	0.611972	124048	2	not_exposed	0750254d4598a1695dbaade1146e921cf6dab58c8fc5ab334e4e36f882246f3f	ecd997460eff8b19bac120208f47edd7be53e3371027aaa35d95fa07a5e79089
chr22_guide_10	baseline	timing	measured_1	0	33.109754	33.053821	0.035997	124052	1	not_exposed	bc3b9f3f86cc8bbd34d0a114947da783ee284f28a9a17754f8b3028fd08951a9	e3b0c44298fc1c149afbf4c8996fb92427ae41e4649b934ca495991b7852b855
chr22_guide_11	baseline	timing	measured_1	0	32.824697	32.719949	0.059999	124012	1	not_exposed	7f92fd7dddc708c2b3ec905f92a74e766b81d6ff9eaf13b4dc9c11ff5e96767a	e3b0c44298fc1c149afbf4c8996fb92427ae41e4649b934ca495991b7852b855
chr22_guide_12	baseline	timing	measured_1	0	32.461581	32.401553	0.032001	123984	1	not_exposed	b7517a16df61180265ec10a20cb33a003c3ea568992073591f20e96d81391119	e3b0c44298fc1c149afbf4c8996fb92427ae41e4649b934ca495991b7852b855
chr22_guide_13	baseline	timing	measured_1	0	32.357646	32.313261	0.032001	123972	1	not_exposed	c4ca7ddc636638d7005d3e187756ba84185296e1c2585b41d0a7a856e2606213	e3b0c44298fc1c149afbf4c8996fb92427ae41e4649b934ca495991b7852b855
chr22_guide_14	baseline	timing	measured_1	0	33.158416	33.080169	0.052000	124048	2	not_exposed	d39c5b6762aa09453e14f55e106ab300ceb4955ee3d73b381937cbf2220ed042	e3b0c44298fc1c149afbf4c8996fb92427ae41e4649b934ca495991b7852b855
chr22_guide_15	baseline	timing	measured_1	0	33.007343	32.934927	0.032002	123948	1	not_exposed	850390cf00e784716c531f5e64380876ff07596af289e7ba34bc096bff075ecc	e3b0c44298fc1c149afbf4c8996fb92427ae41e4649b934ca495991b7852b855
chr22_guide_16	baseline	timing	measured_1	0	33.409783	33.299355	0.059991	124052	1	not_exposed	b32f95b3659bdf5efde0a545c93605a84811e1f51637e98948f88b66e0c918a9	e3b0c44298fc1c149afbf4c8996fb92427ae41e4649b934ca495991b7852b855
chr22_guide_17	baseline	timing	measured_1	0	32.509194	32.454797	0.024002	124104	1	not_exposed	1da030b92202db00fdf4fa746fa0de1c56a74c6415d7abf8e6e634730c0990ca	e3b0c44298fc1c149afbf4c8996fb92427ae41e4649b934ca495991b7852b855
chr22_guide_18	baseline	timing	measured_1	0	33.210391	33.157517	0.036001	124072	1	not_exposed	7b9ea615f9aa7e046adebd0e63adf8ebdc63c09e2a683a13ae5b9e9457fd8152	e3b0c44298fc1c149afbf4c8996fb92427ae41e4649b934ca495991b7852b855
chr22_guide_19	baseline	timing	measured_1	0	33.362257	33.299125	0.043998	124080	1	not_exposed	7c248ba9765e06499bdbdd56fa063150392f57bbcf49d7273e7a34148cb2a14e	e3b0c44298fc1c149afbf4c8996fb92427ae41e4649b934ca495991b7852b855
chr22_guide_20	baseline	timing	measured_1	0	34.716541	34.028243	0.647928	124076	1	not_exposed	624a957aae98b6d231ae1011b4e64e108e7b8e8e44287e46c4862920d0454e11	e3b0c44298fc1c149afbf4c8996fb92427ae41e4649b934ca495991b7852b855
chr22_guide_01	columba	timing	measured_1	0	0.504790	0.289566	0.133321	290224	848	not_exposed	4748136198d08a3f8212510ff37f1283fe59fc471fa429b3db472d9763246239	9cbceec00b385f352ae5ec8e80e4138ed44de61594a0ef0bc38a4fe62b2e7dd7
chr22_guide_02	columba	timing	measured_1	0	0.604703	0.277508	0.119302	290364	70	not_exposed	8f32d63ac3fc7353d028bcbab308948f718f700957721b790efcbcfdf7b2968d	67c892220045c7e6de36630e42f43c7166e3a6cbb04fcd8d07803b38b0896333
chr22_guide_03	columba	timing	measured_1	0	0.555689	0.274138	0.116715	290244	3	not_exposed	606c59fbabc1859613e4a31b3b8ed8c4147f5ca89d1de01946221f89097d2bce	ec04d3f7e1b1328ad5397a8bdd34185b098771189af9962fbc567d013800e818
chr22_guide_04	columba	timing	measured_1	0	0.504703	0.270863	0.154081	290280	2	not_exposed	5c632dfc921b715b635c61d386497b7131eb4348bb520ea4a5cd13ab53ef1e7a	23e8f4ffff162fdc2e25089c32203c22ccb5ac9c66770c9b5d4a6408cc154ffb
chr22_guide_05	columba	timing	measured_1	0	0.454753	0.255174	0.141573	290208	149	not_exposed	13d490936eb128956dcd7744ae65b99655fcac4ad3ba999a6d96498e5f4323b1	ac192c7b6f04bd7ec153ca9deee4b10effcbb4185b9d200c6f35f95533887058
chr22_guide_06	columba	timing	measured_1	0	0.504694	0.296246	0.131333	290328	2001	not_exposed	ccbb10c6b39950ff1a609a7c093affb95e09b093f31339b79eb9e55af9bea14f	6ab1cb25283fe19a6bfd4fcd5c48da2d87969a73970cab771254caf7f66a6287
chr22_guide_07	columba	timing	measured_1	0	0.404965	0.278063	0.111971	290332	1	not_exposed	0effc63d85fa97f691908ce0321ab857ae6f08fabd2480f35c83ff81e76c9f0e	6be499e878bb8835b2d0095d754911ca511e88d92eb98ee972ab04a1f8c00a0b
chr22_guide_08	columba	timing	measured_1	0	0.404295	0.281422	0.106627	290172	1	not_exposed	029b4bae64ebbe3decac5715b992bb89ceb0731276cd7cd8566eaca4250537b4	d19c36693df71437a3e971b04638d4c55f47a0d94d8887a1c6ebbec6f71e8046
chr22_guide_09	columba	timing	measured_1	0	0.454420	0.275279	0.130341	290324	2	not_exposed	0750254d4598a1695dbaade1146e921cf6dab58c8fc5ab334e4e36f882246f3f	f786f22359fb3a2a1769d5d1b500856dc5b1f5bd752fa9b56a6462248899650e
chr22_guide_10	columba	timing	measured_1	0	0.405061	0.282057	0.103356	290324	1	not_exposed	bc3b9f3f86cc8bbd34d0a114947da783ee284f28a9a17754f8b3028fd08951a9	e3b0c44298fc1c149afbf4c8996fb92427ae41e4649b934ca495991b7852b855
chr22_guide_11	columba	timing	measured_1	0	0.404429	0.269563	0.124956	290128	1	not_exposed	7f92fd7dddc708c2b3ec905f92a74e766b81d6ff9eaf13b4dc9c11ff5e96767a	eb38c77d3364d29cf9b4a0c82bd850e49266e1046930de12097b9d1d6f671ebe
chr22_guide_12	columba	timing	measured_1	0	0.454439	0.285981	0.115316	290328	1	not_exposed	b7517a16df61180265ec10a20cb33a003c3ea568992073591f20e96d81391119	b52ea0dac91d497aaec6f642a08329c4472b1d235792c856330e28a7c0b02c57
chr22_guide_13	columba	timing	measured_1	0	0.404881	0.259056	0.129867	290096	1	not_exposed	c4ca7ddc636638d7005d3e187756ba84185296e1c2585b41d0a7a856e2606213	696e651629a088ed51fa18bf92752b7cebcc5231944eb0da133c1b9ea7800ae7
chr22_guide_14	columba	timing	measured_1	0	0.454564	0.290200	0.112791	290276	2	not_exposed	d39c5b6762aa09453e14f55e106ab300ceb4955ee3d73b381937cbf2220ed042	fc6bbc4c65e692473cbf32ff151557635e2d1dd99e4b69c5ee3da000a109cea9
chr22_guide_15	columba	timing	measured_1	0	0.454853	0.267417	0.147038	290520	1	not_exposed	850390cf00e784716c531f5e64380876ff07596af289e7ba34bc096bff075ecc	f44e84d998c57621965bbb72ae37ec201bf3185e3f28563924ad182f849d8046
chr22_guide_16	columba	timing	measured_1	0	0.404357	0.278298	0.109870	290376	1	not_exposed	b32f95b3659bdf5efde0a545c93605a84811e1f51637e98948f88b66e0c918a9	e3b0c44298fc1c149afbf4c8996fb92427ae41e4649b934ca495991b7852b855
chr22_guide_17	columba	timing	measured_1	0	0.454651	0.279442	0.115339	290264	1	not_exposed	1da030b92202db00fdf4fa746fa0de1c56a74c6415d7abf8e6e634730c0990ca	e8d6de60c3ba05b27001c144755f4d3ad082de5cdf0fdf5e9cf6b7717422195e
chr22_guide_18	columba	timing	measured_1	0	0.404691	0.264958	0.123263	290112	1	not_exposed	7b9ea615f9aa7e046adebd0e63adf8ebdc63c09e2a683a13ae5b9e9457fd8152	000abe2ead510b1e81f85058fe4a2422bdd56dfa268e082b10ff250075738f0e
chr22_guide_19	columba	timing	measured_1	0	0.454305	0.285985	0.122214	290284	1	not_exposed	7c248ba9765e06499bdbdd56fa063150392f57bbcf49d7273e7a34148cb2a14e	cb99cf2cb5c76fa9de96c7d214883bdebf51068c4cfea4bec3c2c4a8fda8efb1
chr22_guide_20	columba	timing	measured_1	0	0.555193	0.312453	0.129924	290292	7	not_exposed	d7cbdc22dab734795edef645ff8b56288ad8f07ca5476cfee91c8abc902ec472	e99057a662fd17d483edbc4496276765b125c66cd71604a696e1c7852dab17e7
chr22_guide_01	columba	timing	measured_2	0	0.505043	0.304360	0.122823	290436	848	not_exposed	4748136198d08a3f8212510ff37f1283fe59fc471fa429b3db472d9763246239	9cbceec00b385f352ae5ec8e80e4138ed44de61594a0ef0bc38a4fe62b2e7dd7
chr22_guide_02	columba	timing	measured_2	0	0.454385	0.264616	0.129824	290284	70	not_exposed	8f32d63ac3fc7353d028bcbab308948f718f700957721b790efcbcfdf7b2968d	67c892220045c7e6de36630e42f43c7166e3a6cbb04fcd8d07803b38b0896333
chr22_guide_03	columba	timing	measured_2	0	0.404430	0.266308	0.122778	290192	3	not_exposed	606c59fbabc1859613e4a31b3b8ed8c4147f5ca89d1de01946221f89097d2bce	ec04d3f7e1b1328ad5397a8bdd34185b098771189af9962fbc567d013800e818
chr22_guide_04	columba	timing	measured_2	0	0.504457	0.284139	0.132128	290168	2	not_exposed	5c632dfc921b715b635c61d386497b7131eb4348bb520ea4a5cd13ab53ef1e7a	23e8f4ffff162fdc2e25089c32203c22ccb5ac9c66770c9b5d4a6408cc154ffb
chr22_guide_05	columba	timing	measured_2	0	0.454952	0.276458	0.124624	290228	149	not_exposed	13d490936eb128956dcd7744ae65b99655fcac4ad3ba999a6d96498e5f4323b1	ac192c7b6f04bd7ec153ca9deee4b10effcbb4185b9d200c6f35f95533887058
chr22_guide_06	columba	timing	measured_2	0	0.504618	0.323991	0.122362	290420	2001	not_exposed	ccbb10c6b39950ff1a609a7c093affb95e09b093f31339b79eb9e55af9bea14f	6ab1cb25283fe19a6bfd4fcd5c48da2d87969a73970cab771254caf7f66a6287
chr22_guide_07	columba	timing	measured_2	0	0.454894	0.275051	0.124542	290280	1	not_exposed	0effc63d85fa97f691908ce0321ab857ae6f08fabd2480f35c83ff81e76c9f0e	6be499e878bb8835b2d0095d754911ca511e88d92eb98ee972ab04a1f8c00a0b
chr22_guide_08	columba	timing	measured_2	0	0.404774	0.288102	0.103322	290156	1	not_exposed	029b4bae64ebbe3decac5715b992bb89ceb0731276cd7cd8566eaca4250537b4	d19c36693df71437a3e971b04638d4c55f47a0d94d8887a1c6ebbec6f71e8046
chr22_guide_09	columba	timing	measured_2	0	0.454743	0.281947	0.120254	290356	2	not_exposed	0750254d4598a1695dbaade1146e921cf6dab58c8fc5ab334e4e36f882246f3f	f786f22359fb3a2a1769d5d1b500856dc5b1f5bd752fa9b56a6462248899650e
chr22_guide_10	columba	timing	measured_2	0	0.404489	0.266985	0.122173	290252	1	not_exposed	bc3b9f3f86cc8bbd34d0a114947da783ee284f28a9a17754f8b3028fd08951a9	e3b0c44298fc1c149afbf4c8996fb92427ae41e4649b934ca495991b7852b855
chr22_guide_11	columba	timing	measured_2	0	0.404091	0.281580	0.106229	290348	1	not_exposed	7f92fd7dddc708c2b3ec905f92a74e766b81d6ff9eaf13b4dc9c11ff5e96767a	eb38c77d3364d29cf9b4a0c82bd850e49266e1046930de12097b9d1d6f671ebe
chr22_guide_12	columba	timing	measured_2	0	0.404301	0.274629	0.115069	290248	1	not_exposed	b7517a16df61180265ec10a20cb33a003c3ea568992073591f20e96d81391119	b52ea0dac91d497aaec6f642a08329c4472b1d235792c856330e28a7c0b02c57
chr22_guide_13	columba	timing	measured_2	0	0.404775	0.289829	0.100721	290312	1	not_exposed	c4ca7ddc636638d7005d3e187756ba84185296e1c2585b41d0a7a856e2606213	696e651629a088ed51fa18bf92752b7cebcc5231944eb0da133c1b9ea7800ae7
chr22_guide_14	columba	timing	measured_2	0	0.404242	0.280512	0.107908	290240	2	not_exposed	d39c5b6762aa09453e14f55e106ab300ceb4955ee3d73b381937cbf2220ed042	fc6bbc4c65e692473cbf32ff151557635e2d1dd99e4b69c5ee3da000a109cea9
chr22_guide_15	columba	timing	measured_2	0	0.404512	0.278363	0.112762	290280	1	not_exposed	850390cf00e784716c531f5e64380876ff07596af289e7ba34bc096bff075ecc	f44e84d998c57621965bbb72ae37ec201bf3185e3f28563924ad182f849d8046
chr22_guide_16	columba	timing	measured_2	0	0.404572	0.278809	0.108602	290208	1	not_exposed	b32f95b3659bdf5efde0a545c93605a84811e1f51637e98948f88b66e0c918a9	e3b0c44298fc1c149afbf4c8996fb92427ae41e4649b934ca495991b7852b855
chr22_guide_17	columba	timing	measured_2	0	0.404194	0.271182	0.120049	290312	1	not_exposed	1da030b92202db00fdf4fa746fa0de1c56a74c6415d7abf8e6e634730c0990ca	e8d6de60c3ba05b27001c144755f4d3ad082de5cdf0fdf5e9cf6b7717422195e
chr22_guide_18	columba	timing	measured_2	0	0.404664	0.285151	0.105607	290292	1	not_exposed	7b9ea615f9aa7e046adebd0e63adf8ebdc63c09e2a683a13ae5b9e9457fd8152	000abe2ead510b1e81f85058fe4a2422bdd56dfa268e082b10ff250075738f0e
chr22_guide_19	columba	timing	measured_2	0	0.404842	0.276235	0.112319	290276	1	not_exposed	7c248ba9765e06499bdbdd56fa063150392f57bbcf49d7273e7a34148cb2a14e	cb99cf2cb5c76fa9de96c7d214883bdebf51068c4cfea4bec3c2c4a8fda8efb1
chr22_guide_20	columba	timing	measured_2	0	0.504835	0.268769	0.156998	290328	7	not_exposed	d7cbdc22dab734795edef645ff8b56288ad8f07ca5476cfee91c8abc902ec472	e99057a662fd17d483edbc4496276765b125c66cd71604a696e1c7852dab17e7
chr22_guide_01	baseline	timing	measured_2	0	32.857565	32.791011	0.035994	123984	16	not_exposed	b1fb9aa39cacb022055195ef7dba7343c8fc879f2dc35b1bb9e3a5c71e1e23e0	638bd673bf5fc22f3fc8fe75f5600789d2b5d3f971a550e9446c8845c8fb98e7
chr22_guide_02	baseline	timing	measured_2	0	33.212203	33.118120	0.048008	124060	68	not_exposed	1c8845363d90825b8ae340946833959933ab6ef5fb8cc51a58e5c318ecbda056	b2b32f17633bad48f0d63dd8593879a3898a801f59345a837879f804a8b0a9ca
chr22_guide_03	baseline	timing	measured_2	0	33.567487	33.176259	0.043995	124036	1	not_exposed	d0e1f61006a51712a6e3a7a08a2d9ed9a2e486bf46c47b49e89668b53f2efe69	e3b0c44298fc1c149afbf4c8996fb92427ae41e4649b934ca495991b7852b855
chr22_guide_04	baseline	timing	measured_2	0	32.858377	32.781491	0.027997	124048	2	not_exposed	a14c7617088d038a70adbf1f43853e09c8728d9eb8b692f6bebaeecda9d2bbf8	e3b0c44298fc1c149afbf4c8996fb92427ae41e4649b934ca495991b7852b855
chr22_guide_05	baseline	timing	measured_2	0	33.464297	33.336031	0.055993	124216	149	not_exposed	8066a5e39caf78bf0cac01aa1dc91a6d1211b5892fc5875490679eb24872a81f	fba7e1444d1935a3ecae72a339d215d7e66c93737ae3105ef796647230a4c72b
chr22_guide_06	baseline	timing	measured_2	0	34.168833	34.127429	0.015999	124100	58	not_exposed	9838a748f83250618473227cbc2b798e921118551a385e778337b49637186fe3	e3b0c44298fc1c149afbf4c8996fb92427ae41e4649b934ca495991b7852b855
chr22_guide_07	baseline	timing	measured_2	0	32.954413	32.864257	0.048000	124164	1	not_exposed	0effc63d85fa97f691908ce0321ab857ae6f08fabd2480f35c83ff81e76c9f0e	e3b0c44298fc1c149afbf4c8996fb92427ae41e4649b934ca495991b7852b855
chr22_guide_08	baseline	timing	measured_2	0	33.513684	33.468057	0.020000	124108	1	not_exposed	029b4bae64ebbe3decac5715b992bb89ceb0731276cd7cd8566eaca4250537b4	e3b0c44298fc1c149afbf4c8996fb92427ae41e4649b934ca495991b7852b855
chr22_guide_09	baseline	timing	measured_2	0	32.909695	32.804983	0.055994	123976	2	not_exposed	0750254d4598a1695dbaade1146e921cf6dab58c8fc5ab334e4e36f882246f3f	ecd997460eff8b19bac120208f47edd7be53e3371027aaa35d95fa07a5e79089
chr22_guide_10	baseline	timing	measured_2	0	33.260959	33.182229	0.044002	124004	1	not_exposed	bc3b9f3f86cc8bbd34d0a114947da783ee284f28a9a17754f8b3028fd08951a9	e3b0c44298fc1c149afbf4c8996fb92427ae41e4649b934ca495991b7852b855
chr22_guide_11	baseline	timing	measured_2	0	32.815713	32.752858	0.055994	124120	1	not_exposed	7f92fd7dddc708c2b3ec905f92a74e766b81d6ff9eaf13b4dc9c11ff5e96767a	e3b0c44298fc1c149afbf4c8996fb92427ae41e4649b934ca495991b7852b855
chr22_guide_12	baseline	timing	measured_2	0	32.605170	32.539045	0.024002	123948	1	not_exposed	b7517a16df61180265ec10a20cb33a003c3ea568992073591f20e96d81391119	e3b0c44298fc1c149afbf4c8996fb92427ae41e4649b934ca495991b7852b855
chr22_guide_13	baseline	timing	measured_2	0	32.604595	32.536635	0.051994	124124	1	not_exposed	c4ca7ddc636638d7005d3e187756ba84185296e1c2585b41d0a7a856e2606213	e3b0c44298fc1c149afbf4c8996fb92427ae41e4649b934ca495991b7852b855
chr22_guide_14	baseline	timing	measured_2	0	33.310485	33.228387	0.048000	124080	2	not_exposed	d39c5b6762aa09453e14f55e106ab300ceb4955ee3d73b381937cbf2220ed042	e3b0c44298fc1c149afbf4c8996fb92427ae41e4649b934ca495991b7852b855
chr22_guide_15	baseline	timing	measured_2	0	34.115604	33.943618	0.151980	124040	1	not_exposed	850390cf00e784716c531f5e64380876ff07596af289e7ba34bc096bff075ecc	e3b0c44298fc1c149afbf4c8996fb92427ae41e4649b934ca495991b7852b855
chr22_guide_16	baseline	timing	measured_2	0	33.163216	33.072553	0.055994	124000	1	not_exposed	b32f95b3659bdf5efde0a545c93605a84811e1f51637e98948f88b66e0c918a9	e3b0c44298fc1c149afbf4c8996fb92427ae41e4649b934ca495991b7852b855
chr22_guide_17	baseline	timing	measured_2	0	32.454544	32.376262	0.052000	124012	1	not_exposed	1da030b92202db00fdf4fa746fa0de1c56a74c6415d7abf8e6e634730c0990ca	e3b0c44298fc1c149afbf4c8996fb92427ae41e4649b934ca495991b7852b855
chr22_guide_18	baseline	timing	measured_2	0	33.159888	33.109608	0.039992	124036	1	not_exposed	7b9ea615f9aa7e046adebd0e63adf8ebdc63c09e2a683a13ae5b9e9457fd8152	e3b0c44298fc1c149afbf4c8996fb92427ae41e4649b934ca495991b7852b855
chr22_guide_19	baseline	timing	measured_2	0	33.165786	33.082046	0.043997	124084	1	not_exposed	7c248ba9765e06499bdbdd56fa063150392f57bbcf49d7273e7a34148cb2a14e	e3b0c44298fc1c149afbf4c8996fb92427ae41e4649b934ca495991b7852b855
chr22_guide_20	baseline	timing	measured_2	0	33.961511	33.865825	0.043997	123984	1	not_exposed	624a957aae98b6d231ae1011b4e64e108e7b8e8e44287e46c4862920d0454e11	e3b0c44298fc1c149afbf4c8996fb92427ae41e4649b934ca495991b7852b855
chr22_guide_01	baseline	timing	measured_3	0	32.912391	32.815837	0.055992	124076	16	not_exposed	b1fb9aa39cacb022055195ef7dba7343c8fc879f2dc35b1bb9e3a5c71e1e23e0	638bd673bf5fc22f3fc8fe75f5600789d2b5d3f971a550e9446c8845c8fb98e7
chr22_guide_02	baseline	timing	measured_3	0	33.163015	33.086167	0.040002	124108	68	not_exposed	1c8845363d90825b8ae340946833959933ab6ef5fb8cc51a58e5c318ecbda056	b2b32f17633bad48f0d63dd8593879a3898a801f59345a837879f804a8b0a9ca
chr22_guide_03	baseline	timing	measured_3	0	33.359896	33.275239	0.035999	123944	1	not_exposed	d0e1f61006a51712a6e3a7a08a2d9ed9a2e486bf46c47b49e89668b53f2efe69	e3b0c44298fc1c149afbf4c8996fb92427ae41e4649b934ca495991b7852b855
chr22_guide_04	baseline	timing	measured_3	0	32.808779	32.730458	0.051997	124060	2	not_exposed	a14c7617088d038a70adbf1f43853e09c8728d9eb8b692f6bebaeecda9d2bbf8	e3b0c44298fc1c149afbf4c8996fb92427ae41e4649b934ca495991b7852b855
chr22_guide_05	baseline	timing	measured_3	0	33.559392	33.463648	0.043994	124276	149	not_exposed	8066a5e39caf78bf0cac01aa1dc91a6d1211b5892fc5875490679eb24872a81f	fba7e1444d1935a3ecae72a339d215d7e66c93737ae3105ef796647230a4c72b
chr22_guide_06	baseline	timing	measured_3	0	34.219152	34.152752	0.040000	123996	58	not_exposed	9838a748f83250618473227cbc2b798e921118551a385e778337b49637186fe3	e3b0c44298fc1c149afbf4c8996fb92427ae41e4649b934ca495991b7852b855
chr22_guide_07	baseline	timing	measured_3	0	33.065709	32.985020	0.036001	124068	1	not_exposed	0effc63d85fa97f691908ce0321ab857ae6f08fabd2480f35c83ff81e76c9f0e	e3b0c44298fc1c149afbf4c8996fb92427ae41e4649b934ca495991b7852b855
chr22_guide_08	baseline	timing	measured_3	0	33.508844	33.406457	0.051997	124096	1	not_exposed	029b4bae64ebbe3decac5715b992bb89ceb0731276cd7cd8566eaca4250537b4	e3b0c44298fc1c149afbf4c8996fb92427ae41e4649b934ca495991b7852b855
chr22_guide_09	baseline	timing	measured_3	0	32.911877	32.820842	0.079992	124132	2	not_exposed	0750254d4598a1695dbaade1146e921cf6dab58c8fc5ab334e4e36f882246f3f	ecd997460eff8b19bac120208f47edd7be53e3371027aaa35d95fa07a5e79089
chr22_guide_10	baseline	timing	measured_3	0	33.108328	33.023260	0.059991	124028	1	not_exposed	bc3b9f3f86cc8bbd34d0a114947da783ee284f28a9a17754f8b3028fd08951a9	e3b0c44298fc1c149afbf4c8996fb92427ae41e4649b934ca495991b7852b855
chr22_guide_11	baseline	timing	measured_3	0	32.756537	32.707663	0.035999	124064	1	not_exposed	7f92fd7dddc708c2b3ec905f92a74e766b81d6ff9eaf13b4dc9c11ff5e96767a	e3b0c44298fc1c149afbf4c8996fb92427ae41e4649b934ca495991b7852b855
chr22_guide_12	baseline	timing	measured_3	0	32.508042	32.430410	0.040002	124068	1	not_exposed	b7517a16df61180265ec10a20cb33a003c3ea568992073591f20e96d81391119	e3b0c44298fc1c149afbf4c8996fb92427ae41e4649b934ca495991b7852b855
chr22_guide_13	baseline	timing	measured_3	0	32.402815	32.329403	0.047996	124092	1	not_exposed	c4ca7ddc636638d7005d3e187756ba84185296e1c2585b41d0a7a856e2606213	e3b0c44298fc1c149afbf4c8996fb92427ae41e4649b934ca495991b7852b855
chr22_guide_14	baseline	timing	measured_3	0	33.008196	32.921548	0.051996	124104	2	not_exposed	d39c5b6762aa09453e14f55e106ab300ceb4955ee3d73b381937cbf2220ed042	e3b0c44298fc1c149afbf4c8996fb92427ae41e4649b934ca495991b7852b855
chr22_guide_15	baseline	timing	measured_3	0	33.160433	33.095949	0.039999	124000	1	not_exposed	850390cf00e784716c531f5e64380876ff07596af289e7ba34bc096bff075ecc	e3b0c44298fc1c149afbf4c8996fb92427ae41e4649b934ca495991b7852b855
chr22_guide_16	baseline	timing	measured_3	0	33.206221	33.152820	0.043995	124092	1	not_exposed	b32f95b3659bdf5efde0a545c93605a84811e1f51637e98948f88b66e0c918a9	e3b0c44298fc1c149afbf4c8996fb92427ae41e4649b934ca495991b7852b855
chr22_guide_17	baseline	timing	measured_3	0	32.705597	32.579835	0.071990	124084	1	not_exposed	1da030b92202db00fdf4fa746fa0de1c56a74c6415d7abf8e6e634730c0990ca	e3b0c44298fc1c149afbf4c8996fb92427ae41e4649b934ca495991b7852b855
chr22_guide_18	baseline	timing	measured_3	0	33.813819	33.757771	0.047996	124060	1	not_exposed	7b9ea615f9aa7e046adebd0e63adf8ebdc63c09e2a683a13ae5b9e9457fd8152	e3b0c44298fc1c149afbf4c8996fb92427ae41e4649b934ca495991b7852b855
chr22_guide_19	baseline	timing	measured_3	0	33.460088	33.389433	0.051996	124028	1	not_exposed	7c248ba9765e06499bdbdd56fa063150392f57bbcf49d7273e7a34148cb2a14e	e3b0c44298fc1c149afbf4c8996fb92427ae41e4649b934ca495991b7852b855
chr22_guide_20	baseline	timing	measured_3	0	34.060127	33.969109	0.051995	124032	1	not_exposed	624a957aae98b6d231ae1011b4e64e108e7b8e8e44287e46c4862920d0454e11	e3b0c44298fc1c149afbf4c8996fb92427ae41e4649b934ca495991b7852b855
chr22_guide_01	columba	timing	measured_3	0	0.505073	0.287983	0.135712	290296	848	not_exposed	4748136198d08a3f8212510ff37f1283fe59fc471fa429b3db472d9763246239	9cbceec00b385f352ae5ec8e80e4138ed44de61594a0ef0bc38a4fe62b2e7dd7
chr22_guide_02	columba	timing	measured_3	0	0.454555	0.281728	0.113641	290388	70	not_exposed	8f32d63ac3fc7353d028bcbab308948f718f700957721b790efcbcfdf7b2968d	67c892220045c7e6de36630e42f43c7166e3a6cbb04fcd8d07803b38b0896333
chr22_guide_03	columba	timing	measured_3	0	0.455252	0.289400	0.120363	290200	3	not_exposed	606c59fbabc1859613e4a31b3b8ed8c4147f5ca89d1de01946221f89097d2bce	ec04d3f7e1b1328ad5397a8bdd34185b098771189af9962fbc567d013800e818
chr22_guide_04	columba	timing	measured_3	0	0.504884	0.289008	0.131750	290064	2	not_exposed	5c632dfc921b715b635c61d386497b7131eb4348bb520ea4a5cd13ab53ef1e7a	23e8f4ffff162fdc2e25089c32203c22ccb5ac9c66770c9b5d4a6408cc154ffb
chr22_guide_05	columba	timing	measured_3	0	0.454759	0.279828	0.124056	290280	149	not_exposed	13d490936eb128956dcd7744ae65b99655fcac4ad3ba999a6d96498e5f4323b1	ac192c7b6f04bd7ec153ca9deee4b10effcbb4185b9d200c6f35f95533887058
chr22_guide_06	columba	timing	measured_3	0	0.504803	0.294323	0.133145	290132	2001	not_exposed	ccbb10c6b39950ff1a609a7c093affb95e09b093f31339b79eb9e55af9bea14f	6ab1cb25283fe19a6bfd4fcd5c48da2d87969a73970cab771254caf7f66a6287
chr22_guide_07	columba	timing	measured_3	0	0.454750	0.288845	0.112331	290208	1	not_exposed	0effc63d85fa97f691908ce0321ab857ae6f08fabd2480f35c83ff81e76c9f0e	6be499e878bb8835b2d0095d754911ca511e88d92eb98ee972ab04a1f8c00a0b
chr22_guide_08	columba	timing	measured_3	0	0.404569	0.278480	0.111838	290236	1	not_exposed	029b4bae64ebbe3decac5715b992bb89ceb0731276cd7cd8566eaca4250537b4	d19c36693df71437a3e971b04638d4c55f47a0d94d8887a1c6ebbec6f71e8046
chr22_guide_09	columba	timing	measured_3	0	0.454440	0.264267	0.145974	290232	2	not_exposed	0750254d4598a1695dbaade1146e921cf6dab58c8fc5ab334e4e36f882246f3f	f786f22359fb3a2a1769d5d1b500856dc5b1f5bd752fa9b56a6462248899650e
chr22_guide_10	columba	timing	measured_3	0	0.455088	0.270757	0.126148	290304	1	not_exposed	bc3b9f3f86cc8bbd34d0a114947da783ee284f28a9a17754f8b3028fd08951a9	e3b0c44298fc1c149afbf4c8996fb92427ae41e4649b934ca495991b7852b855
chr22_guide_11	columba	timing	measured_3	0	0.404191	0.265116	0.128444	290212	1	not_exposed	7f92fd7dddc708c2b3ec905f92a74e766b81d6ff9eaf13b4dc9c11ff5e96767a	eb38c77d3364d29cf9b4a0c82bd850e49266e1046930de12097b9d1d6f671ebe
chr22_guide_12	columba	timing	measured_3	0	0.404561	0.262735	0.127110	290240	1	not_exposed	b7517a16df61180265ec10a20cb33a003c3ea568992073591f20e96d81391119	b52ea0dac91d497aaec6f642a08329c4472b1d235792c856330e28a7c0b02c57
chr22_guide_13	columba	timing	measured_3	0	0.404529	0.283088	0.107592	290260	1	not_exposed	c4ca7ddc636638d7005d3e187756ba84185296e1c2585b41d0a7a856e2606213	696e651629a088ed51fa18bf92752b7cebcc5231944eb0da133c1b9ea7800ae7
chr22_guide_14	columba	timing	measured_3	0	0.404377	0.275152	0.120530	290212	2	not_exposed	d39c5b6762aa09453e14f55e106ab300ceb4955ee3d73b381937cbf2220ed042	fc6bbc4c65e692473cbf32ff151557635e2d1dd99e4b69c5ee3da000a109cea9
chr22_guide_15	columba	timing	measured_3	0	0.454398	0.272326	0.127409	290416	1	not_exposed	850390cf00e784716c531f5e64380876ff07596af289e7ba34bc096bff075ecc	f44e84d998c57621965bbb72ae37ec201bf3185e3f28563924ad182f849d8046
chr22_guide_16	columba	timing	measured_3	0	0.455116	0.277012	0.127553	290172	1	not_exposed	b32f95b3659bdf5efde0a545c93605a84811e1f51637e98948f88b66e0c918a9	e3b0c44298fc1c149afbf4c8996fb92427ae41e4649b934ca495991b7852b855
chr22_guide_17	columba	timing	measured_3	0	0.454720	0.299104	0.099776	290296	1	not_exposed	1da030b92202db00fdf4fa746fa0de1c56a74c6415d7abf8e6e634730c0990ca	e8d6de60c3ba05b27001c144755f4d3ad082de5cdf0fdf5e9cf6b7717422195e
chr22_guide_18	columba	timing	measured_3	0	0.454875	0.280539	0.116720	290224	1	not_exposed	7b9ea615f9aa7e046adebd0e63adf8ebdc63c09e2a683a13ae5b9e9457fd8152	000abe2ead510b1e81f85058fe4a2422bdd56dfa268e082b10ff250075738f0e
chr22_guide_19	columba	timing	measured_3	0	0.459396	0.277311	0.117003	290124	1	not_exposed	7c248ba9765e06499bdbdd56fa063150392f57bbcf49d7273e7a34148cb2a14e	cb99cf2cb5c76fa9de96c7d214883bdebf51068c4cfea4bec3c2c4a8fda8efb1
chr22_guide_20	columba	timing	measured_3	0	0.554988	0.284011	0.148808	290304	7	not_exposed	d7cbdc22dab734795edef645ff8b56288ad8f07ca5476cfee91c8abc902ec472	e99057a662fd17d483edbc4496276765b125c66cd71604a696e1c7852dab17e7
