mode	iteration	batch_id	guide_count	exit_failures	total_paf_records	total_wall_seconds	total_user_seconds	total_system_seconds	max_peak_rss_kib	combined_stdout_sha256	combined_stderr_sha256
baseline	measured_1	batch_001	10	0	168	193.040069	192.296185	0.255995	127088	5fa6edf3c5718c365bad5757de15470791298a9bdac801347b9e8fe4ac96cded	439201ff2f0239df711b2e95bbb91531723422fbb69087b31a1cfb3d13b3af8a
baseline	measured_1	batch_002	10	0	68	193.032175	192.033119	0.195987	127120	46810e56c1f97756e8050f30e9a01bbf297ce19ed95a2f7b8aa481ac2740ee40	439201ff2f0239df711b2e95bbb91531723422fbb69087b31a1cfb3d13b3af8a
baseline	measured_1	batch_003	10	0	2433	194.285428	193.594915	0.247967	126904	d243f1334a022dd73628a0fedfb2da8694e0c8f63edb0e066bab98d2b6954784	439201ff2f0239df711b2e95bbb91531723422fbb69087b31a1cfb3d13b3af8a
baseline	measured_1	batch_004	10	0	19	194.580393	192.737669	0.204000	127084	a0acb3b2e19d0cdb80516da058f43e71521ce4df6a8560e7f2c317bd5f20a386	439201ff2f0239df711b2e95bbb91531723422fbb69087b31a1cfb3d13b3af8a
baseline	measured_1	batch_005	10	0	25	192.550448	191.840800	0.223972	125780	2beb0acbce156ab970de3cb38ef1e07671195f0396225f017e9664fe12a4a734	439201ff2f0239df711b2e95bbb91531723422fbb69087b31a1cfb3d13b3af8a
baseline	measured_1	batch_006	10	0	68	192.511242	191.807334	0.219987	127104	23bd297739715f8c70f95ecf3646d6c17b815ffb097f52bf8a77ecb3c26856d4	439201ff2f0239df711b2e95bbb91531723422fbb69087b31a1cfb3d13b3af8a
baseline	measured_1	batch_007	10	0	11	192.535466	190.258456	0.275979	125936	6fb8e20d2919fef9924fa1578f0a83b34dc33180870dc4f68df887dc0e36f0c8	439201ff2f0239df711b2e95bbb91531723422fbb69087b31a1cfb3d13b3af8a
baseline	measured_1	batch_008	10	0	70	194.047003	191.893789	0.251948	127584	d93d1a9e2e6ad6ac3316c7e00687b5678d5d43fa52143c1ec05a2a0b620ba75d	439201ff2f0239df711b2e95bbb91531723422fbb69087b31a1cfb3d13b3af8a
baseline	measured_1	batch_009	10	0	16	194.145555	193.340478	0.203991	125912	f74be3af380566fd33e0678d864380d7027e1afdfe8e8c05926cdfe996345e85	439201ff2f0239df711b2e95bbb91531723422fbb69087b31a1cfb3d13b3af8a
baseline	measured_1	batch_010	10	0	14	191.857214	191.249227	0.275981	126856	2a24ee154eaddd42c85c52dc83ff43ec78dac0630e7629c6110d7f79b39b3e6b	439201ff2f0239df711b2e95bbb91531723422fbb69087b31a1cfb3d13b3af8a
columba	measured_1	batch_001	10	0	1061	10.570590	4.759114	2.570087	291496	001df7ffa8f19eb96ad145762ae3f5cd1d83bd9e459fb9ed05f5edc22957442d	d25e58a1b3387d3d312f9d8e44cbf860acfaa6f0b707ce5bb31528b5e260dc74
columba	measured_1	batch_002	10	0	422	11.527098	5.089819	2.985245	292040	6183ea3e9089ca84c598ce2ad42bca879bc3bbf84de0a5127fd2f5dd5103ff4a	a2c3fd2ccdf6658cc6d1939585bfbaaf7474c924ed76c6e1060d450d3bd59e58
columba	measured_1	batch_003	10	0	9546	16.291398	6.638325	3.611336	292276	f3642ee0a4a52487a25cc1be975d47f61e4bbeee99be81d1c867a5340075f59e	ba3cddaa71e6e7e77daee832d69970493149b63099c0ac4cc465ba8dfa593552
columba	measured_1	batch_004	10	0	20	6.955149	3.993008	1.920054	291120	cf865c8323f7c231ccc35fc465a085fc0ec1977926b28169c7682eebdd0b5ac2	28117aaf53e7d7d192e2e061818909c2585c143d62b2e7d0971278d5078bb824
columba	measured_1	batch_005	10	0	93	6.202232	3.591081	1.853223	290584	98ee2ce0bd8a0a24e622abdacb611d6e53531d87fac31c4127313298c992b543	400b9d350a93e822925cbeb20f261d3ca33c53ca69c6d1d6392d56d9c6c47d23
columba	measured_1	batch_006	10	0	609	7.204805	3.834844	1.945283	292268	2fd74055aa94ad4200d19ba4d6c10a6f726cd3846919961aefe1856c18bcc9e5	13579cbc1402a85be6d0ea3ae51949b5fd24f390a0da43e7796df53796a297ff
columba	measured_1	batch_007	10	0	11	5.823401	3.467194	1.865962	290892	6fb8e20d2919fef9924fa1578f0a83b34dc33180870dc4f68df887dc0e36f0c8	b927bee44414a988fd5b82f96c280ad7c0f875e55263ebcb29872a51afdf6fef
columba	measured_1	batch_008	10	0	750	7.106460	4.171927	1.856395	291344	3b4df7ecb47089439272495323216286527026d32ac8551ce9319cc08b79327f	5ae4c133ab3f67513559a280bc5fb72e4a3cf92f1ffbc345ebc96979b6d17470
columba	measured_1	batch_009	10	0	72	6.502924	4.036435	1.763755	290516	4b553975cd4efa8c26e64a997dd48b66ca2ced676be65eea7ac987ec229e0f10	a28f6d748d1fa30ccfb81a6f7d918f0c028a2cbc286fea6673510fba050cf62a
columba	measured_1	batch_010	10	0	24	6.110044	3.765858	1.633936	290436	5024eb6173e874555bd34653204ec64c35ecc6799535ad0ffa5b8d8378e79dfd	4dde21217cfd54145c6bd08ae91d79e6c37b4a0f2f7956592ed5ea354977852e
columba	measured_2	batch_001	10	0	1061	10.621128	4.791739	2.543129	291428	001df7ffa8f19eb96ad145762ae3f5cd1d83bd9e459fb9ed05f5edc22957442d	d25e58a1b3387d3d312f9d8e44cbf860acfaa6f0b707ce5bb31528b5e260dc74
columba	measured_2	batch_002	10	0	422	11.473467	5.276335	2.769309	292092	6183ea3e9089ca84c598ce2ad42bca879bc3bbf84de0a5127fd2f5dd5103ff4a	a2c3fd2ccdf6658cc6d1939585bfbaaf7474c924ed76c6e1060d450d3bd59e58
columba	measured_2	batch_003	10	0	9546	16.196643	6.690951	3.521760	294604	f3642ee0a4a52487a25cc1be975d47f61e4bbeee99be81d1c867a5340075f59e	ba3cddaa71e6e7e77daee832d69970493149b63099c0ac4cc465ba8dfa593552
columba	measured_2	batch_004	10	0	20	7.559510	3.876394	2.146570	291000	cf865c8323f7c231ccc35fc465a085fc0ec1977926b28169c7682eebdd0b5ac2	28117aaf53e7d7d192e2e061818909c2585c143d62b2e7d0971278d5078bb824
columba	measured_2	batch_005	10	0	93	6.527398	3.753357	1.751266	290600	98ee2ce0bd8a0a24e622abdacb611d6e53531d87fac31c4127313298c992b543	400b9d350a93e822925cbeb20f261d3ca33c53ca69c6d1d6392d56d9c6c47d23
columba	measured_2	batch_006	10	0	609	7.261132	3.749674	2.026685	290616	2fd74055aa94ad4200d19ba4d6c10a6f726cd3846919961aefe1856c18bcc9e5	13579cbc1402a85be6d0ea3ae51949b5fd24f390a0da43e7796df53796a297ff
columba	measured_2	batch_007	10	0	11	5.801057	3.509033	1.752461	290536	6fb8e20d2919fef9924fa1578f0a83b34dc33180870dc4f68df887dc0e36f0c8	b927bee44414a988fd5b82f96c280ad7c0f875e55263ebcb29872a51afdf6fef
columba	measured_2	batch_008	10	0	750	6.905249	4.038294	1.957439	292492	3b4df7ecb47089439272495323216286527026d32ac8551ce9319cc08b79327f	5ae4c133ab3f67513559a280bc5fb72e4a3cf92f1ffbc345ebc96979b6d17470
columba	measured_2	batch_009	10	0	72	6.503571	3.894903	1.779400	290676	4b553975cd4efa8c26e64a997dd48b66ca2ced676be65eea7ac987ec229e0f10	a28f6d748d1fa30ccfb81a6f7d918f0c028a2cbc286fea6673510fba050cf62a
columba	measured_2	batch_010	10	0	24	6.144580	3.633808	1.799988	290548	5024eb6173e874555bd34653204ec64c35ecc6799535ad0ffa5b8d8378e79dfd	4dde21217cfd54145c6bd08ae91d79e6c37b4a0f2f7956592ed5ea354977852e
columba	measured_3	batch_001	10	0	1061	10.571493	4.678218	2.593769	292428	001df7ffa8f19eb96ad145762ae3f5cd1d83bd9e459fb9ed05f5edc22957442d	d25e58a1b3387d3d312f9d8e44cbf860acfaa6f0b707ce5bb31528b5e260dc74
columba	measured_3	batch_002	10	0	422	11.471706	5.205555	2.811143	291692	6183ea3e9089ca84c598ce2ad42bca879bc3bbf84de0a5127fd2f5dd5103ff4a	a2c3fd2ccdf6658cc6d1939585bfbaaf7474c924ed76c6e1060d450d3bd59e58
columba	measured_3	batch_003	10	0	9546	15.997448	6.560132	3.661810	292096	f3642ee0a4a52487a25cc1be975d47f61e4bbeee99be81d1c867a5340075f59e	ba3cddaa71e6e7e77daee832d69970493149b63099c0ac4cc465ba8dfa593552
columba	measured_3	batch_004	10	0	20	7.039032	3.890248	2.105786	291096	cf865c8323f7c231ccc35fc465a085fc0ec1977926b28169c7682eebdd0b5ac2	28117aaf53e7d7d192e2e061818909c2585c143d62b2e7d0971278d5078bb824
columba	measured_3	batch_005	10	0	93	6.001078	3.727685	1.677175	290568	98ee2ce0bd8a0a24e622abdacb611d6e53531d87fac31c4127313298c992b543	400b9d350a93e822925cbeb20f261d3ca33c53ca69c6d1d6392d56d9c6c47d23
columba	measured_3	batch_006	10	0	609	7.157523	3.839785	2.052620	290716	2fd74055aa94ad4200d19ba4d6c10a6f726cd3846919961aefe1856c18bcc9e5	13579cbc1402a85be6d0ea3ae51949b5fd24f390a0da43e7796df53796a297ff
columba	measured_3	batch_007	10	0	11	5.955055	3.539969	1.774634	290476	6fb8e20d2919fef9924fa1578f0a83b34dc33180870dc4f68df887dc0e36f0c8	b927bee44414a988fd5b82f96c280ad7c0f875e55263ebcb29872a51afdf6fef
columba	measured_3	batch_008	10	0	750	6.820197	3.967197	1.913425	290992	3b4df7ecb47089439272495323216286527026d32ac8551ce9319cc08b79327f	5ae4c133ab3f67513559a280bc5fb72e4a3cf92f1ffbc345ebc96979b6d17470
columba	measured_3	batch_009	10	0	72	6.704179	4.088921	1.802863	290528	4b553975cd4efa8c26e64a997dd48b66ca2ced676be65eea7ac987ec229e0f10	a28f6d748d1fa30ccfb81a6f7d918f0c028a2cbc286fea6673510fba050cf62a
columba	measured_3	batch_010	10	0	24	5.856096	3.552218	1.680391	290564	5024eb6173e874555bd34653204ec64c35ecc6799535ad0ffa5b8d8378e79dfd	4dde21217cfd54145c6bd08ae91d79e6c37b4a0f2f7956592ed5ea354977852e
