guide_id	baseline_exit	columba_exit	baseline_raw_records	columba_raw_records	baseline_valid_loci	columba_valid_loci	shared_baseline_loci	baseline_missing_from_columba	columba_only_valid_loci	columba_invalid_records	columba_non_gg_pam_records	columba_classes
chr22_100_guide_001	0	0	2	2	2	2	2	0	0	0	0	{'exact': 2}
chr22_100_guide_002	0	0	16	21	13	14	13	0	1	0	7	{'exact': 15, 'guide_insertion': 6}
chr22_100_guide_003	0	0	16	849	15	826	15	0	811	0	23	{'guide_insertion': 833, 'reference_deletion': 10, 'exact': 6}
chr22_100_guide_004	0	0	1	1	1	1	1	0	0	0	0	{'exact': 1}
chr22_100_guide_005	0	0	1	1	0	1	0	0	1	0	0	{'exact': 1}
chr22_100_guide_006	0	0	4	4	2	2	2	0	0	0	2	{'exact': 4}
chr22_100_guide_007	0	0	39	77	2	2	2	0	0	0	75	{'exact': 3, 'guide_insertion': 73, 'reference_deletion': 1}
chr22_100_guide_008	0	0	68	70	66	69	66	0	3	0	1	{'exact': 68, 'guide_insertion': 2}
chr22_100_guide_009	0	0	2	4	1	3	1	0	2	0	1	{'exact': 1, 'guide_insertion': 3}
chr22_100_guide_010	0	0	19	25	19	19	19	0	0	0	6	{'exact': 19, 'guide_insertion': 6}
chr22_100_guide_011	0	0	1	21	1	1	1	0	0	0	20	{'guide_insertion': 20, 'exact': 1}
chr22_100_guide_012	0	0	4	8	4	4	4	0	0	0	4	{'guide_insertion': 4, 'exact': 4}
chr22_100_guide_013	0	0	1	3	1	1	1	0	0	0	2	{'exact': 1, 'guide_insertion': 2}
chr22_100_guide_014	0	0	7	193	3	3	3	0	0	0	190	{'guide_insertion': 190, 'exact': 3}
chr22_100_guide_015	0	0	8	121	2	19	2	0	17	0	102	{'guide_insertion': 111, 'exact': 2, 'reference_deletion': 8}
chr22_100_guide_016	0	0	1	1	1	1	1	0	0	0	0	{'exact': 1}
chr22_100_guide_017	0	0	42	65	35	41	35	0	6	0	24	{'guide_insertion': 27, 'exact': 36, 'reference_deletion': 2}
chr22_100_guide_018	0	0	2	2	1	2	1	0	1	0	0	{'exact': 2}
chr22_100_guide_019	0	0	1	1	1	1	1	0	0	0	0	{'exact': 1}
chr22_100_guide_020	0	0	1	7	1	1	1	0	0	0	6	{'exact': 1, 'reference_deletion': 6}
chr22_100_guide_021	0	0	1	1	1	1	1	0	0	0	0	{'exact': 1}
chr22_100_guide_022	0	0	1	1	0	1	0	0	1	0	0	{'exact': 1}
chr22_100_guide_023	0	0	149	149	135	135	135	0	0	0	14	{'reference_deletion': 143, 'exact': 1, 'guide_insertion': 5}
chr22_100_guide_024	0	0	1	2	1	1	1	0	0	0	1	{'exact': 1, 'guide_insertion': 1}
chr22_100_guide_025	0	0	133	3307	119	2939	119	0	2820	0	368	{'guide_insertion': 3276, 'reference_deletion': 22, 'exact': 9}
chr22_100_guide_026	0	0	6	64	3	4	3	0	1	0	60	{'guide_insertion': 60, 'exact': 4}
chr22_100_guide_027	0	0	2	2	2	2	2	0	0	0	0	{'exact': 2}
chr22_100_guide_028	0	0	58	2001	58	1989	58	0	1931	0	12	{'guide_insertion': 1998, 'exact': 3}
chr22_100_guide_029	0	0	54	1862	53	1795	53	0	1742	0	67	{'guide_insertion': 1853, 'exact': 9}
chr22_100_guide_030	0	0	2028	2154	4	6	4	0	2	0	2148	{'exact': 2024, 'guide_insertion': 119, 'reference_deletion': 11}
chr22_100_guide_031	0	0	1	2	1	1	1	0	0	0	1	{'exact': 1, 'reference_deletion': 1}
chr22_100_guide_032	0	0	1	1	1	1	1	0	0	0	0	{'exact': 1}
chr22_100_guide_033	0	0	1	1	1	1	1	0	0	0	0	{'exact': 1}
chr22_100_guide_034	0	0	1	1	1	1	1	0	0	0	0	{'exact': 1}
chr22_100_guide_035	0	0	10	10	1	1	1	0	0	0	9	{'exact': 10}
chr22_100_guide_036	0	0	1	1	1	1	1	0	0	0	0	{'exact': 1}
chr22_100_guide_037	0	0	1	1	1	1	1	0	0	0	0	{'exact': 1}
chr22_100_guide_038	0	0	1	1	1	1	1	0	0	0	0	{'exact': 1}
chr22_100_guide_039	0	0	1	1	1	1	1	0	0	0	0	{'exact': 1}
chr22_100_guide_040	0	0	1	1	1	1	1	0	0	0	0	{'exact': 1}
chr22_100_guide_041	0	0	1	1	1	1	1	0	0	0	0	{'exact': 1}
chr22_100_guide_042	0	0	1	1	1	1	1	0	0	0	0	{'exact': 1}
chr22_100_guide_043	0	0	2	2	2	2	2	0	0	0	0	{'exact': 2}
chr22_100_guide_044	0	0	2	2	1	1	1	0	0	0	1	{'exact': 2}
chr22_100_guide_045	0	0	1	1	1	1	1	0	0	0	0	{'exact': 1}
chr22_100_guide_046	0	0	1	1	1	1	1	0	0	0	0	{'exact': 1}
chr22_100_guide_047	0	0	1	1	1	1	1	0	0	0	0	{'exact': 1}
chr22_100_guide_048	0	0	1	1	1	1	1	0	0	0	0	{'exact': 1}
chr22_100_guide_049	0	0	3	3	1	1	1	0	0	0	2	{'exact': 1, 'guide_insertion': 2}
chr22_100_guide_050	0	0	12	80	3	9	3	0	6	0	71	{'reference_deletion': 4, 'guide_insertion': 75, 'exact': 1}
chr22_100_guide_051	0	0	1	1	1	1	1	0	0	0	0	{'exact': 1}
chr22_100_guide_052	0	0	1	1	1	1	1	0	0	0	0	{'exact': 1}
chr22_100_guide_053	0	0	1	1	1	1	1	0	0	0	0	{'exact': 1}
chr22_100_guide_054	0	0	13	14	9	10	9	0	1	0	4	{'reference_deletion': 11, 'exact': 1, 'guide_insertion': 2}
chr22_100_guide_055	0	0	1	1	1	1	1	0	0	0	0	{'exact': 1}
chr22_100_guide_056	0	0	1	1	1	1	1	0	0	0	0	{'exact': 1}
chr22_100_guide_057	0	0	47	587	14	245	14	0	231	0	342	{'guide_insertion': 574, 'exact': 10, 'reference_deletion': 3}
chr22_100_guide_058	0	0	1	1	1	1	1	0	0	0	0	{'exact': 1}
chr22_100_guide_059	0	0	1	1	1	1	1	0	0	0	0	{'exact': 1}
chr22_100_guide_060	0	0	1	1	1	1	1	0	0	0	0	{'exact': 1}
chr22_100_guide_061	0	0	1	1	1	1	1	0	0	0	0	{'exact': 1}
chr22_100_guide_062	0	0	1	1	1	1	1	0	0	0	0	{'exact': 1}
chr22_100_guide_063	0	0	1	1	1	1	1	0	0	0	0	{'exact': 1}
chr22_100_guide_064	0	0	1	1	1	1	1	0	0	0	0	{'exact': 1}
chr22_100_guide_065	0	0	1	1	1	1	1	0	0	0	0	{'exact': 1}
chr22_100_guide_066	0	0	1	1	1	1	1	0	0	0	0	{'exact': 1}
chr22_100_guide_067	0	0	1	1	1	1	1	0	0	0	0	{'exact': 1}
chr22_100_guide_068	0	0	2	2	1	1	1	0	0	0	1	{'guide_insertion': 1, 'exact': 1}
chr22_100_guide_069	0	0	1	1	0	1	0	0	1	0	0	{'exact': 1}
chr22_100_guide_070	0	0	1	1	1	1	1	0	0	0	0	{'exact': 1}
chr22_100_guide_071	0	0	1	1	1	1	1	0	0	0	0	{'exact': 1}
chr22_100_guide_072	0	0	1	1	1	1	1	0	0	0	0	{'exact': 1}
chr22_100_guide_073	0	0	1	1	1	1	1	0	0	0	0	{'exact': 1}
chr22_100_guide_074	0	0	1	15	1	14	1	0	13	0	1	{'guide_insertion': 14, 'exact': 1}
chr22_100_guide_075	0	0	58	690	47	612	47	0	565	0	78	{'guide_insertion': 686, 'reference_deletion': 1, 'exact': 3}
chr22_100_guide_076	0	0	4	38	2	10	2	0	8	0	28	{'guide_insertion': 36, 'exact': 2}
chr22_100_guide_077	0	0	1	1	1	1	1	0	0	0	0	{'exact': 1}
chr22_100_guide_078	0	0	1	1	1	1	1	0	0	0	0	{'exact': 1}
chr22_100_guide_079	0	0	1	1	1	1	1	0	0	0	0	{'exact': 1}
chr22_100_guide_080	0	0	1	1	1	1	1	0	0	0	0	{'exact': 1}
chr22_100_guide_081	0	0	1	1	1	1	1	0	0	0	0	{'exact': 1}
chr22_100_guide_082	0	0	1	1	1	1	1	0	0	0	0	{'exact': 1}
chr22_100_guide_083	0	0	1	1	1	1	1	0	0	0	0	{'exact': 1}
chr22_100_guide_084	0	0	5	59	3	42	3	0	39	0	17	{'guide_insertion': 57, 'exact': 2}
chr22_100_guide_085	0	0	1	1	1	1	1	0	0	0	0	{'exact': 1}
chr22_100_guide_086	0	0	1	1	1	1	1	0	0	0	0	{'exact': 1}
chr22_100_guide_087	0	0	3	5	3	4	3	0	1	0	1	{'guide_insertion': 3, 'exact': 1, 'reference_deletion': 1}
chr22_100_guide_088	0	0	1	1	1	1	1	0	0	0	0	{'exact': 1}
chr22_100_guide_089	0	0	1	1	1	1	1	0	0	0	0	{'exact': 1}
chr22_100_guide_090	0	0	1	1	1	1	1	0	0	0	0	{'exact': 1}
chr22_100_guide_091	0	0	2	2	1	1	1	0	0	0	1	{'guide_insertion': 1, 'exact': 1}
chr22_100_guide_092	0	0	1	1	1	1	1	0	0	0	0	{'exact': 1}
chr22_100_guide_093	0	0	1	1	1	1	1	0	0	0	0	{'exact': 1}
chr22_100_guide_094	0	0	1	1	1	1	1	0	0	0	0	{'exact': 1}
chr22_100_guide_095	0	0	2	2	1	1	1	0	0	0	1	{'reference_deletion': 1, 'exact': 1}
chr22_100_guide_096	0	0	1	1	1	1	1	0	0	0	0	{'exact': 1}
chr22_100_guide_097	0	0	1	1	1	1	1	0	0	0	0	{'exact': 1}
chr22_100_guide_098	0	0	1	9	1	1	1	0	0	0	8	{'guide_insertion': 8, 'exact': 1}
chr22_100_guide_099	0	0	2	4	0	2	0	0	2	0	2	{'guide_insertion': 2, 'exact': 2}
chr22_100_guide_100	0	0	2	2	1	1	1	0	0	0	1	{'guide_insertion': 1, 'exact': 1}
