relative_path	size_bytes	sha256
batches/timing/baseline/measured_1/batch_001/SUCCESS	0	e3b0c44298fc1c149afbf4c8996fb92427ae41e4649b934ca495991b7852b855
batches/timing/baseline/measured_1/batch_001/environment.tsv	1184	f60a13d489e97eac80a987def15194576823af07b79b910e7df361e191217050
batches/timing/baseline/measured_1/batch_001/guide_ids.csv	42	54b874f69d1bd54bda9ab8b596846a15616e0a3190c2df3dcdac5c578f47f13b
batches/timing/baseline/measured_1/batch_001/guide_order.sha256	313	e85e36ccc7fc76b5cc7a15cfb9f39d3ebdc94e2905c93be28cb32a73cea9a294
batches/timing/baseline/measured_1/batch_001/guide_order.txt	42	ff44cf6cb84ee3dab8590a540ce14bcb1369dffccf9fca7ba537c3bd4555c96f
batches/timing/baseline/measured_1/batch_001/guide_results.tsv	580	3275d92cdc45ca636ba26a54ba136fd3ca7e2b58c95c8ced86d16429aa34329a
batches/timing/baseline/measured_1/batch_001/guides/chm13_wg20_guide_001/command.txt	288	807662d6cb9c66554951017c821f6fac077bb3124530ebfa73fe3e79d8c15607
batches/timing/baseline/measured_1/batch_001/guides/chm13_wg20_guide_001/metrics.tsv	298	15d9453af0e7ca72130666c2ca934abd71f33d1dd07a5605d6dbbf559e534f84
batches/timing/baseline/measured_1/batch_001/guides/chm13_wg20_guide_001/output.paf	336	517bbdc206d0e34e971553f6eb9819e9605383b934223e21395431f397b0d252
batches/timing/baseline/measured_1/batch_001/guides/chm13_wg20_guide_001/stderr.txt	0	e3b0c44298fc1c149afbf4c8996fb92427ae41e4649b934ca495991b7852b855
batches/timing/baseline/measured_1/batch_001/guides/chm13_wg20_guide_002/command.txt	288	473e7a45c05ff0c17dc5917e0950099666a6c0525b9cc09370076a2ab12672c3
batches/timing/baseline/measured_1/batch_001/guides/chm13_wg20_guide_002/metrics.tsv	298	0887d0ff77048b2aa7577c345fe72c2b2bf327c5226bc264a61bfc2165ecad58
batches/timing/baseline/measured_1/batch_001/guides/chm13_wg20_guide_002/output.paf	336	34fe29d0ee5b24cbb1ddddb910b0e97c1e0e46ffed8be770abbcaf9d497cae65
batches/timing/baseline/measured_1/batch_001/guides/chm13_wg20_guide_002/stderr.txt	0	e3b0c44298fc1c149afbf4c8996fb92427ae41e4649b934ca495991b7852b855
batches/timing/baseline/measured_1/batch_002/SUCCESS	0	e3b0c44298fc1c149afbf4c8996fb92427ae41e4649b934ca495991b7852b855
batches/timing/baseline/measured_1/batch_002/environment.tsv	1184	0733720fcd509b7ae5416944e24ee514ff39c12f0656f5f15a108c71062a2ffa
batches/timing/baseline/measured_1/batch_002/guide_ids.csv	42	e0a6964ebc117d58015116318e3584933afafeb56e299ea39e417083aa1d6aa8
batches/timing/baseline/measured_1/batch_002/guide_order.sha256	313	d09071710cd52d0055adba55eef1f59ad933e63f590d70779c6d245ddda2ceed
batches/timing/baseline/measured_1/batch_002/guide_order.txt	42	3689678d63b9061e307189304542b2fdb3a8a488dcddff5fbbfc6ef311dbd744
batches/timing/baseline/measured_1/batch_002/guide_results.tsv	580	1c62f72660d92a87623e747acfbf8035fb8cf94b13d02b654abfd988ebb82f92
batches/timing/baseline/measured_1/batch_002/guides/chm13_wg20_guide_003/command.txt	288	fa84a25ceca523d4f700a8244cf96412705f5738d70eadccda33b134307c4ac6
batches/timing/baseline/measured_1/batch_002/guides/chm13_wg20_guide_003/metrics.tsv	298	3650e4a6a8a5dda9cc6c5efa3a9fa6981be8f5f28700f4084c454f6760e83cda
batches/timing/baseline/measured_1/batch_002/guides/chm13_wg20_guide_003/output.paf	665	c559acdea14859ec50a0f1b9b607641c5a04445f858f937d1681b66386487848
batches/timing/baseline/measured_1/batch_002/guides/chm13_wg20_guide_003/stderr.txt	0	e3b0c44298fc1c149afbf4c8996fb92427ae41e4649b934ca495991b7852b855
batches/timing/baseline/measured_1/batch_002/guides/chm13_wg20_guide_004/command.txt	288	cafde602779feca4e8c6ddcec00b248b132bfe15b31de36f5478e8f835bfd496
batches/timing/baseline/measured_1/batch_002/guides/chm13_wg20_guide_004/metrics.tsv	298	1b394eebe4453fb3ed561925126c87541b344b0f14aa240d3ba6a0fa446881a1
batches/timing/baseline/measured_1/batch_002/guides/chm13_wg20_guide_004/output.paf	331	1072946d602f4fffeb530b5a15c91c211c23be38505f1fb1693459360a5862ce
batches/timing/baseline/measured_1/batch_002/guides/chm13_wg20_guide_004/stderr.txt	0	e3b0c44298fc1c149afbf4c8996fb92427ae41e4649b934ca495991b7852b855
batches/timing/baseline/measured_1/batch_003/SUCCESS	0	e3b0c44298fc1c149afbf4c8996fb92427ae41e4649b934ca495991b7852b855
batches/timing/baseline/measured_1/batch_003/environment.tsv	1184	404e18e9dd2c4d62d2d5740ba53fd67f94233b79286c64c502ea01181df7b9d6
batches/timing/baseline/measured_1/batch_003/guide_ids.csv	42	b67f117a323f7a018504611bea64e0930f090c355095ea3aa8863d10452064e4
batches/timing/baseline/measured_1/batch_003/guide_order.sha256	313	6f821c3f0616bd1a33c8151ca0bf2c05b825fc2992fbd6df66075a8a337e8a48
batches/timing/baseline/measured_1/batch_003/guide_order.txt	42	d9868b562ed8c9a840a95bff9e4259443d646807daba6312446b6bbdfb7e1db0
batches/timing/baseline/measured_1/batch_003/guide_results.tsv	581	b32aeb015eb7ad68ec556f63f93e960c57b4e104cfcb9fdaf9d765ef28a06533
batches/timing/baseline/measured_1/batch_003/guides/chm13_wg20_guide_005/command.txt	288	be5da4987f75be846617f280ab92a2892207e757277336470e4278cdf9df0af1
batches/timing/baseline/measured_1/batch_003/guides/chm13_wg20_guide_005/metrics.tsv	298	eb667e835f4cd49ecb46c59e6b1b4e06a04fd328bb23f32b06fd46a3e55ac708
batches/timing/baseline/measured_1/batch_003/guides/chm13_wg20_guide_005/output.paf	220	4496ffac27cbf6e5ac003e79ee79cb82a83b9d2ea63bed545f6cf9ecd4d55700
batches/timing/baseline/measured_1/batch_003/guides/chm13_wg20_guide_005/stderr.txt	0	e3b0c44298fc1c149afbf4c8996fb92427ae41e4649b934ca495991b7852b855
batches/timing/baseline/measured_1/batch_003/guides/chm13_wg20_guide_006/command.txt	288	77a72ee90baf86a714d99af93cd303d57a2028524fc037e6408e1e10ce53b4e0
batches/timing/baseline/measured_1/batch_003/guides/chm13_wg20_guide_006/metrics.tsv	299	5c08cb19a8d4c4bffedb2e2a588152cb18189c51de5e80d475abddba507621dd
batches/timing/baseline/measured_1/batch_003/guides/chm13_wg20_guide_006/output.paf	1233	2d6f19412a2c267c9b2d92f8a3a8f231d9f88d69c3f87446c4112255334d782f
batches/timing/baseline/measured_1/batch_003/guides/chm13_wg20_guide_006/stderr.txt	0	e3b0c44298fc1c149afbf4c8996fb92427ae41e4649b934ca495991b7852b855
batches/timing/baseline/measured_1/batch_004/SUCCESS	0	e3b0c44298fc1c149afbf4c8996fb92427ae41e4649b934ca495991b7852b855
batches/timing/baseline/measured_1/batch_004/environment.tsv	1184	28dc459abe04b9f5661f5a3ea42fde0307c1e1d7470b5ee3546f888008b5d033
batches/timing/baseline/measured_1/batch_004/guide_ids.csv	42	fcd3b83ba08fe1c56f5e36dde965ca889db47d77edb8bc53025748ed04e48e39
batches/timing/baseline/measured_1/batch_004/guide_order.sha256	313	33eee68d5edb193936acdf8e67793e43e43300ba929a6188c2fafc821819a428
batches/timing/baseline/measured_1/batch_004/guide_order.txt	42	53aecd93d917cc5fdbfdbaa11598aa2bc6339e75def8b5e355b2d1c9b8dca1b5
batches/timing/baseline/measured_1/batch_004/guide_results.tsv	581	6ecb659616c5a20ae41509f72ec63eae0cabc3a34e3cbb46f9f9f497b11d48c8
batches/timing/baseline/measured_1/batch_004/guides/chm13_wg20_guide_007/command.txt	288	0e6833fd20496af867d40c136718daa3b1f57fda106f8991ad6b3ce12afb0921
batches/timing/baseline/measured_1/batch_004/guides/chm13_wg20_guide_007/metrics.tsv	299	5cca9ccd613e5865cbce1d95e67a94982f3146f76e60c8856ceb51864e7fb7b3
batches/timing/baseline/measured_1/batch_004/guides/chm13_wg20_guide_007/output.paf	2592	a0b45896509da129f614aebc2e43d041b10d52e194473f1d8334654f7ad35b40
batches/timing/baseline/measured_1/batch_004/guides/chm13_wg20_guide_007/stderr.txt	0	e3b0c44298fc1c149afbf4c8996fb92427ae41e4649b934ca495991b7852b855
batches/timing/baseline/measured_1/batch_004/guides/chm13_wg20_guide_008/command.txt	288	35906b2e2d60a5158b1ac5a3fa2bad3df677b739952622b14ba60e71a9b0102f
batches/timing/baseline/measured_1/batch_004/guides/chm13_wg20_guide_008/metrics.tsv	298	8ebbcd63fc4330520a256480a6613bf3e2d3e70f66567d7ef5d1479b4b5431fa
batches/timing/baseline/measured_1/batch_004/guides/chm13_wg20_guide_008/output.paf	555	6149aea554e3f3ce8f8740109182f3300f9ec830d9f3924f9498177b16e98781
batches/timing/baseline/measured_1/batch_004/guides/chm13_wg20_guide_008/stderr.txt	0	e3b0c44298fc1c149afbf4c8996fb92427ae41e4649b934ca495991b7852b855
batches/timing/baseline/measured_1/batch_005/SUCCESS	0	e3b0c44298fc1c149afbf4c8996fb92427ae41e4649b934ca495991b7852b855
batches/timing/baseline/measured_1/batch_005/environment.tsv	1184	3ec56bad4e96287074eb02152b8487cc8110a4f42f3f86910d76c192103470a4
batches/timing/baseline/measured_1/batch_005/guide_ids.csv	42	8e14203770ecd7d6c1df2d7a2aed9b1f4d35ad155aed494b91125857941aebb7
batches/timing/baseline/measured_1/batch_005/guide_order.sha256	313	fe26113c7ccee405a3462ac7d66b11722e37bf625df6a5e52c2de00cb6e26868
batches/timing/baseline/measured_1/batch_005/guide_order.txt	42	995f27ab02bdaeaa0824cb89a7af753817d29741192914416d02b154586ee8b5
batches/timing/baseline/measured_1/batch_005/guide_results.tsv	580	8a471b8e93b28dee463630dfd0f936db3b285479f5aaf9668df40c637cc1c4fc
batches/timing/baseline/measured_1/batch_005/guides/chm13_wg20_guide_009/command.txt	288	2622e816d3fb817735d02a0ba8181f63a4d89444336bc9b2ecc7cf179facd100
batches/timing/baseline/measured_1/batch_005/guides/chm13_wg20_guide_009/metrics.tsv	298	47a15fbc06595e9dba77092821e5220d42cbae06ff6fb57dbdaf4cca8d45d7bc
batches/timing/baseline/measured_1/batch_005/guides/chm13_wg20_guide_009/output.paf	445	6b5a57794d895b6ac8453387a4363875e10c909f4e4d311906a12e6548a91d47
batches/timing/baseline/measured_1/batch_005/guides/chm13_wg20_guide_009/stderr.txt	0	e3b0c44298fc1c149afbf4c8996fb92427ae41e4649b934ca495991b7852b855
batches/timing/baseline/measured_1/batch_005/guides/chm13_wg20_guide_010/command.txt	288	e15170c75b2a12bba0c6a2c7d8b25937f726a445b42d40d61709bb325ede4002
batches/timing/baseline/measured_1/batch_005/guides/chm13_wg20_guide_010/metrics.tsv	298	0e2950181f84df7e9db522b1dfd0700bda81857e634ac27ac31e125c0b136c1e
batches/timing/baseline/measured_1/batch_005/guides/chm13_wg20_guide_010/output.paf	898	3ae6064be41ee381f0f8f79013fe1619fad8a50128e1b1b2a47ce0565d221199
batches/timing/baseline/measured_1/batch_005/guides/chm13_wg20_guide_010/stderr.txt	0	e3b0c44298fc1c149afbf4c8996fb92427ae41e4649b934ca495991b7852b855
batches/timing/baseline/measured_1/batch_006/SUCCESS	0	e3b0c44298fc1c149afbf4c8996fb92427ae41e4649b934ca495991b7852b855
batches/timing/baseline/measured_1/batch_006/environment.tsv	1184	153d5bb7f3ae90fa43a536047c0ca3841ab6c99748b69f4f194815c8455fbb52
batches/timing/baseline/measured_1/batch_006/guide_ids.csv	42	7103bc781302e777cd08a14c300e8085e63fd28cc0761225edf7ecaf06c0bade
batches/timing/baseline/measured_1/batch_006/guide_order.sha256	313	91fa71708b8a7a0463dac7092a2189013a5e7fcc22f39136d6ab1ab6fc719879
batches/timing/baseline/measured_1/batch_006/guide_order.txt	42	3f2f5bf6726dc2e8f10d15d877f3db615518bcb21531a65d0edcf5aa09905e4a
batches/timing/baseline/measured_1/batch_006/guide_results.tsv	580	b6dbce48644ba7a5916454634d1c10fe3792990e358ae1d687f3befa5f2da913
batches/timing/baseline/measured_1/batch_006/guides/chm13_wg20_guide_011/command.txt	288	836cd3f88f9e2ba836bfa18758019476160841a317b28fa7a6725eb65ca4aaab
batches/timing/baseline/measured_1/batch_006/guides/chm13_wg20_guide_011/metrics.tsv	298	540fbe28068a7748a2b701161193356a3116a6843c5d97fcd5901c6ebdbba544
batches/timing/baseline/measured_1/batch_006/guides/chm13_wg20_guide_011/output.paf	445	725f658084a6460317cd855d817f0f843307eed18b41b91ba141fa81a1958cb7
batches/timing/baseline/measured_1/batch_006/guides/chm13_wg20_guide_011/stderr.txt	0	e3b0c44298fc1c149afbf4c8996fb92427ae41e4649b934ca495991b7852b855
batches/timing/baseline/measured_1/batch_006/guides/chm13_wg20_guide_012/command.txt	288	a9e6998308ad823ecb2985df30c6986ba547b32a665023bbdc48952381947f4e
batches/timing/baseline/measured_1/batch_006/guides/chm13_wg20_guide_012/metrics.tsv	298	87d8f454e2cac070f876252e19fbf4a01e27dc6feade3e1538933d683bd9c112
batches/timing/baseline/measured_1/batch_006/guides/chm13_wg20_guide_012/output.paf	223	bfe299d09bc5dd6e208da4959e247a7b81c323bb51ba0bdb1cad58015743998f
batches/timing/baseline/measured_1/batch_006/guides/chm13_wg20_guide_012/stderr.txt	0	e3b0c44298fc1c149afbf4c8996fb92427ae41e4649b934ca495991b7852b855
batches/timing/baseline/measured_1/batch_007/SUCCESS	0	e3b0c44298fc1c149afbf4c8996fb92427ae41e4649b934ca495991b7852b855
batches/timing/baseline/measured_1/batch_007/environment.tsv	1184	ab8741c67b9191ab07b848e503dd0cc3f7f8c0f453e7e4fc6fa36da360273dba
batches/timing/baseline/measured_1/batch_007/guide_ids.csv	42	cb56f17368341fd8b3a1ec8e3b3c481ca9891ca720dd569ed50d31a2f3fd84bd
batches/timing/baseline/measured_1/batch_007/guide_order.sha256	313	1c0e3ad9c14aa9b43d0a5ecee6d316c2e77a00899670818c5e0d02c9822d5dd5
batches/timing/baseline/measured_1/batch_007/guide_order.txt	42	f34a98ebdeaeaa81fbd6d411b6b3f1084e391569a27d2b8f3247d9b423d2b598
batches/timing/baseline/measured_1/batch_007/guide_results.tsv	581	6810ca8a818e0317a20fa85e72b194dc4e0275ef1c717acd5b1b81724a3f8c16
batches/timing/baseline/measured_1/batch_007/guides/chm13_wg20_guide_013/command.txt	288	3374a9f77038f49c84f32605ce778b123d7b311e3662e9edd8f4eb34b56cb624
batches/timing/baseline/measured_1/batch_007/guides/chm13_wg20_guide_013/metrics.tsv	299	e96d249fc30f0da81abb3b7adc19decada49d7993c72beb20da434f7c666af36
batches/timing/baseline/measured_1/batch_007/guides/chm13_wg20_guide_013/output.paf	4705	85b22e4268dbe28cdfeb9dfa599f1a1f720c2cb312ae55342589083bc6c45e77
batches/timing/baseline/measured_1/batch_007/guides/chm13_wg20_guide_013/stderr.txt	0	e3b0c44298fc1c149afbf4c8996fb92427ae41e4649b934ca495991b7852b855
batches/timing/baseline/measured_1/batch_007/guides/chm13_wg20_guide_014/command.txt	288	854c84bb37248ba054c87ebbf8c20be0d7818880fdca7a860751df59558cf5cd
batches/timing/baseline/measured_1/batch_007/guides/chm13_wg20_guide_014/metrics.tsv	298	0e8dc0c6a4922db028a4f4b4c27f7e6d68126329c8def973c7b884bb3be79b7d
batches/timing/baseline/measured_1/batch_007/guides/chm13_wg20_guide_014/output.paf	886	f6b88413837758ce3082498cabc093137f4a3a3fffd114f0a3499549cfb91716
batches/timing/baseline/measured_1/batch_007/guides/chm13_wg20_guide_014/stderr.txt	0	e3b0c44298fc1c149afbf4c8996fb92427ae41e4649b934ca495991b7852b855
batches/timing/baseline/measured_1/batch_008/SUCCESS	0	e3b0c44298fc1c149afbf4c8996fb92427ae41e4649b934ca495991b7852b855
batches/timing/baseline/measured_1/batch_008/environment.tsv	1184	f847917862ccfffaae4256878388dd476263dd7803a4438d70c6f8e508364032
batches/timing/baseline/measured_1/batch_008/guide_ids.csv	42	e31de6172f278c1b9e4ff61d1240c42b7e1a23b1f9ac5050d72b37233508d194
batches/timing/baseline/measured_1/batch_008/guide_order.sha256	313	2d789f577c3514ded73cb4c58cb6df1837fcfaeb9580a7f4156f3e40e520dd63
batches/timing/baseline/measured_1/batch_008/guide_order.txt	42	7d69e8ca53387da95649be82e33d4ef299f4b2cc6e3fab51afa184e3cc5bb5b5
batches/timing/baseline/measured_1/batch_008/guide_results.tsv	583	7ec67fcb74692033208d0851fb3469eb797dda7e384527e54d288b8c9659b52e
batches/timing/baseline/measured_1/batch_008/guides/chm13_wg20_guide_015/command.txt	288	aca6005cb57f81c37d3d37f66a28698ece6d0c6d3d772ebb60ca36b73c24fdeb
batches/timing/baseline/measured_1/batch_008/guides/chm13_wg20_guide_015/metrics.tsv	299	713c6a403a45a93e1858d250649d2cf8266d93a2dec524a84fce01b70f5f3cb3
batches/timing/baseline/measured_1/batch_008/guides/chm13_wg20_guide_015/output.paf	7955	d8812e49af86431c25da90d3b80723942dca3a37738c48479bcbe18ece07a28c
batches/timing/baseline/measured_1/batch_008/guides/chm13_wg20_guide_015/stderr.txt	0	e3b0c44298fc1c149afbf4c8996fb92427ae41e4649b934ca495991b7852b855
batches/timing/baseline/measured_1/batch_008/guides/chm13_wg20_guide_016/command.txt	288	bc4b5b9d76657391e8c4e33d356832a1c5b94f1fb97279c95f4e3ed59408fdcf
batches/timing/baseline/measured_1/batch_008/guides/chm13_wg20_guide_016/metrics.tsv	300	781d6e2807c9849b4e26545af782d7db8ded9c984e885436af9f3ae098589c0e
batches/timing/baseline/measured_1/batch_008/guides/chm13_wg20_guide_016/output.paf	16421	75671a00ccda4bca1d7f20099a0f864e8ebca65f67333d61c2709fb048dba81e
batches/timing/baseline/measured_1/batch_008/guides/chm13_wg20_guide_016/stderr.txt	0	e3b0c44298fc1c149afbf4c8996fb92427ae41e4649b934ca495991b7852b855
batches/timing/baseline/measured_1/batch_009/SUCCESS	0	e3b0c44298fc1c149afbf4c8996fb92427ae41e4649b934ca495991b7852b855
batches/timing/baseline/measured_1/batch_009/environment.tsv	1184	029d40ae95719b820935942f9c42c0b8e64cb2bdd6eff51767abb45d01efeb60
batches/timing/baseline/measured_1/batch_009/guide_ids.csv	42	49903fb7797cdd923316a1596198af3d395afcadbff8bfb44a9520db90704ff1
batches/timing/baseline/measured_1/batch_009/guide_order.sha256	313	e4d2bba7248376071db8a6812264640eedc865a47ca65988e2aeda084f7a44b5
batches/timing/baseline/measured_1/batch_009/guide_order.txt	42	3c49da9a819bd6bdd4128eba8395e9c31af3a3353a3fd026c77c6faa1a1ed752
batches/timing/baseline/measured_1/batch_009/guide_results.tsv	582	c01f5c368639c6268132619a0317eada9fd01d268f833557c2bfe1a85e34bcd6
batches/timing/baseline/measured_1/batch_009/guides/chm13_wg20_guide_017/command.txt	288	484c94c1240649f7841f23123bc58d4434c7bf3e34b10094e60eebb040079d1c
batches/timing/baseline/measured_1/batch_009/guides/chm13_wg20_guide_017/metrics.tsv	299	fb635c0ab6af685b4908c18cfe7d2b6171085de3441f4d7a0463f4ef83af17bb
batches/timing/baseline/measured_1/batch_009/guides/chm13_wg20_guide_017/output.paf	2699	f610e83b7ceae0469b439b135d41d683fcde7c1c8b4f32dfd4d200d3438a2ba8
batches/timing/baseline/measured_1/batch_009/guides/chm13_wg20_guide_017/stderr.txt	0	e3b0c44298fc1c149afbf4c8996fb92427ae41e4649b934ca495991b7852b855
batches/timing/baseline/measured_1/batch_009/guides/chm13_wg20_guide_018/command.txt	288	2f5f0c38e4a82ba08a47fbc72ec4d791de7d748f3c8a13a6922c34ebbb63db63
batches/timing/baseline/measured_1/batch_009/guides/chm13_wg20_guide_018/metrics.tsv	299	3317a93c26a6abeb618bc33b4d7dc9e9ce1822bf72d60b89e3d2a48dd589d18b
batches/timing/baseline/measured_1/batch_009/guides/chm13_wg20_guide_018/output.paf	1686	c9d8656baac67beba9ad1fe0e258b4920563b6fa3624585aa60798f85ae9960a
batches/timing/baseline/measured_1/batch_009/guides/chm13_wg20_guide_018/stderr.txt	0	e3b0c44298fc1c149afbf4c8996fb92427ae41e4649b934ca495991b7852b855
batches/timing/baseline/measured_1/batch_010/SUCCESS	0	e3b0c44298fc1c149afbf4c8996fb92427ae41e4649b934ca495991b7852b855
batches/timing/baseline/measured_1/batch_010/environment.tsv	1185	8fc22b81e78fc9bc5ac6ca4eaf6022819194c31c1e8ff87413604a3c859bc03a
batches/timing/baseline/measured_1/batch_010/guide_ids.csv	42	20de080a33cbf34ae63fe12ae36504d7f87a5f0659f218d0addfe7d4dbdb70ac
batches/timing/baseline/measured_1/batch_010/guide_order.sha256	313	d8720a5140c1ea86d2b418a2121986fa03e7b62bc2881d0032d6874dde23824e
batches/timing/baseline/measured_1/batch_010/guide_order.txt	42	45a1b1020996ce624a251303a0eec722015053ca024eb154cd7636d57846d8ce
batches/timing/baseline/measured_1/batch_010/guide_results.tsv	583	392f14d548c33e91a112b05e4dc6e5009d5a36dbd7c0749d413c5ace70c24a39
batches/timing/baseline/measured_1/batch_010/guides/chm13_wg20_guide_019/command.txt	288	f56f4a622fcf29de37e2156c4a0fe407c15b724e8e4f5c440530aa49654988cf
batches/timing/baseline/measured_1/batch_010/guides/chm13_wg20_guide_019/metrics.tsv	299	f506c39fc7bac98b9f78c8c4bc484609c1165028ce7fcd27e98dd5fa3dbdf5e5
batches/timing/baseline/measured_1/batch_010/guides/chm13_wg20_guide_019/output.paf	4548	5827170832c2467dddd108460821485c3145197ae2db27eec42aff99e5debb02
batches/timing/baseline/measured_1/batch_010/guides/chm13_wg20_guide_019/stderr.txt	0	e3b0c44298fc1c149afbf4c8996fb92427ae41e4649b934ca495991b7852b855
batches/timing/baseline/measured_1/batch_010/guides/chm13_wg20_guide_020/command.txt	288	f20fdc32b018ac4f497f0bb7f8bf2e8aaebc26753f7a58db273319fe3f74e4bb
batches/timing/baseline/measured_1/batch_010/guides/chm13_wg20_guide_020/metrics.tsv	300	b0453bd7df08a5169c6d65aa5df288553051ab71219d8116ea0d0d2af9789e3b
batches/timing/baseline/measured_1/batch_010/guides/chm13_wg20_guide_020/output.paf	17661	d11d8d9e6a4b99cbbc93dcfe35f4ea08bb423ab8808dd97e5b112d68d748f4b3
batches/timing/baseline/measured_1/batch_010/guides/chm13_wg20_guide_020/stderr.txt	0	e3b0c44298fc1c149afbf4c8996fb92427ae41e4649b934ca495991b7852b855
batches/timing/columba/measured_1/batch_001/SUCCESS	0	e3b0c44298fc1c149afbf4c8996fb92427ae41e4649b934ca495991b7852b855
batches/timing/columba/measured_1/batch_001/environment.tsv	1180	9afa6b4ebb83496fdf0a7b2267c9d3163433d833647eee10a7f1e98054c4b15c
batches/timing/columba/measured_1/batch_001/guide_ids.csv	42	54b874f69d1bd54bda9ab8b596846a15616e0a3190c2df3dcdac5c578f47f13b
batches/timing/columba/measured_1/batch_001/guide_order.sha256	312	4542bdf312ac8880ff51a835a7ca0b26085b5f53c3788511ed4b56f6a2db35c9
batches/timing/columba/measured_1/batch_001/guide_order.txt	42	ff44cf6cb84ee3dab8590a540ce14bcb1369dffccf9fca7ba537c3bd4555c96f
batches/timing/columba/measured_1/batch_001/guide_results.tsv	574	ca7dd8fd4c1ff03f5b10f9e8c9c606a6e431260cc8d61825cc3f89a7c1b5b2f8
batches/timing/columba/measured_1/batch_001/guides/chm13_wg20_guide_001/command.txt	561	b5aa278db3103e4c45c7809138ed2bfa765f86f8bf438031339a2e819e5d5bd3
batches/timing/columba/measured_1/batch_001/guides/chm13_wg20_guide_001/metrics.tsv	303	d8879e325f24123dd3d1e249e159b20035388b9a1b4241ef776630faeefedf7b
batches/timing/columba/measured_1/batch_001/guides/chm13_wg20_guide_001/output.paf	672	324a14f05f2e1e3adeda5e9bddc11565e0de38ba0e957dc0690f1db379d35f79
batches/timing/columba/measured_1/batch_001/guides/chm13_wg20_guide_001/stderr.txt	1684345	9ca53b68dcf0efaa9c2acf742450dfd732a894ee09588203d3b5701fd46a2dc9
batches/timing/columba/measured_1/batch_001/guides/chm13_wg20_guide_002/command.txt	561	4764dad66146a0e9af7bd9abc4d0889134a12713cc2b4a7ac0e765d231d23247
batches/timing/columba/measured_1/batch_001/guides/chm13_wg20_guide_002/metrics.tsv	298	878df2ac808621ec661ff9696121f9b820fe423281aaa10ea0ee4474f812a09f
batches/timing/columba/measured_1/batch_001/guides/chm13_wg20_guide_002/output.paf	336	fe1b6e7027dd545507803a2a66dbfa78b1868d925d323119c71a35c81ccd1cd1
batches/timing/columba/measured_1/batch_001/guides/chm13_wg20_guide_002/stderr.txt	3482	07c1bf2f5acc1aaa4e067635b6d04179e2cda1642ed950807dbbf74186328734
batches/timing/columba/measured_1/batch_002/SUCCESS	0	e3b0c44298fc1c149afbf4c8996fb92427ae41e4649b934ca495991b7852b855
batches/timing/columba/measured_1/batch_002/environment.tsv	1180	ddd56ab25ac0fa8be422ebf9b0f232b0c8f2b4a5bbbc75f3fc2da9dfefb2b62e
batches/timing/columba/measured_1/batch_002/guide_ids.csv	42	e0a6964ebc117d58015116318e3584933afafeb56e299ea39e417083aa1d6aa8
batches/timing/columba/measured_1/batch_002/guide_order.sha256	312	20433179b5cf1f67012999e75d4143bb531c83a515f255f5d80477a18c9db5f0
batches/timing/columba/measured_1/batch_002/guide_order.txt	42	3689678d63b9061e307189304542b2fdb3a8a488dcddff5fbbfc6ef311dbd744
batches/timing/columba/measured_1/batch_002/guide_results.tsv	572	f4fca4a848eac3c697b2d8151a0e7df22696b9d25177558b7e0abae321e22a28
batches/timing/columba/measured_1/batch_002/guides/chm13_wg20_guide_003/command.txt	561	3e20f2b513b54d90c7565000d9a075473905b1f0206c8b5bd8d47cc06d382786
batches/timing/columba/measured_1/batch_002/guides/chm13_wg20_guide_003/metrics.tsv	298	deac5fbb9b2a0b66676258d04b901e6f4f1da18e7430106eab8599fc9d4f711d
batches/timing/columba/measured_1/batch_002/guides/chm13_wg20_guide_003/output.paf	666	c2884358557d4c04e11852903d7bee3e1a550599533209adb9a53176b4edc9e9
batches/timing/columba/measured_1/batch_002/guides/chm13_wg20_guide_003/stderr.txt	9571	26a3b3f7aa52f6c890243f809d07bb8e7e498592bc35a90b184eb42bfddb7bf6
batches/timing/columba/measured_1/batch_002/guides/chm13_wg20_guide_004/command.txt	561	1e877105d7f22ea07fd4164ce3d5e2ea0b620d9d7348052d1694f4cd8211b9f5
batches/timing/columba/measured_1/batch_002/guides/chm13_wg20_guide_004/metrics.tsv	298	d70842093f82d7aaa30792fd59264e37e390b870c644425bfa40e75b2b47fc7f
batches/timing/columba/measured_1/batch_002/guides/chm13_wg20_guide_004/output.paf	443	9a59c2b0b83549fd955f420e29b54c30a05457e02e1e0a7429ef5fa273e0eb92
batches/timing/columba/measured_1/batch_002/guides/chm13_wg20_guide_004/stderr.txt	5216	9d319d20dce91ce1ddbd40de446301b790dee4838af97c17e59fab0971e758d4
batches/timing/columba/measured_1/batch_003/SUCCESS	0	e3b0c44298fc1c149afbf4c8996fb92427ae41e4649b934ca495991b7852b855
batches/timing/columba/measured_1/batch_003/environment.tsv	1180	dcd440b479302edd0fac5745a0eefcafeb3fcb8b64e1c69321ce99bbf2834222
batches/timing/columba/measured_1/batch_003/guide_ids.csv	42	b67f117a323f7a018504611bea64e0930f090c355095ea3aa8863d10452064e4
batches/timing/columba/measured_1/batch_003/guide_order.sha256	312	05bacd80bc151a7bfb43d38d1c13cf58b278eb8b3d837d254367760f0afcf022
batches/timing/columba/measured_1/batch_003/guide_order.txt	42	d9868b562ed8c9a840a95bff9e4259443d646807daba6312446b6bbdfb7e1db0
batches/timing/columba/measured_1/batch_003/guide_results.tsv	573	2aec878be05755f273d578a179ab485dd711cee1502825b6f36f1a6801616935
batches/timing/columba/measured_1/batch_003/guides/chm13_wg20_guide_005/command.txt	561	97ccace45367655652680aef92847198ffa49ccbd555d019df4195a1d015aeba
batches/timing/columba/measured_1/batch_003/guides/chm13_wg20_guide_005/metrics.tsv	300	75d653590c23886227e05b96d869255c58be398fdbd4fb682c7adc0b2d6f4b57
batches/timing/columba/measured_1/batch_003/guides/chm13_wg20_guide_005/output.paf	672	93bf63140f3f7c7992fc4f9471ab20f2f97807fd4cf578bcc1467ab6b084ab01
batches/timing/columba/measured_1/batch_003/guides/chm13_wg20_guide_005/stderr.txt	917186	bd62f2a380c325784dba7a1f739a8a44e70413bc76a8e87d108fb7b6e4563359
batches/timing/columba/measured_1/batch_003/guides/chm13_wg20_guide_006/command.txt	561	6c62ad26d3092b1579934463d04ae30c0507d7b0a45c05142c8e9e9f5e57b990
batches/timing/columba/measured_1/batch_003/guides/chm13_wg20_guide_006/metrics.tsv	300	fa430f9ea697e5a74578b0f807b17cf6c1d4155e816468742f9b2c9ed129d868
batches/timing/columba/measured_1/batch_003/guides/chm13_wg20_guide_006/output.paf	1677	f1827bf172086573950319585767d314e88700c978c2aa6eb7b8953e4129ab6e
batches/timing/columba/measured_1/batch_003/guides/chm13_wg20_guide_006/stderr.txt	12854	14b72cc18b6860aa7896bceb821343af4d5b2a794f6ee47429b740d849af9a06
batches/timing/columba/measured_1/batch_004/SUCCESS	0	e3b0c44298fc1c149afbf4c8996fb92427ae41e4649b934ca495991b7852b855
batches/timing/columba/measured_1/batch_004/environment.tsv	1180	a31b7cf294b23ec48a61d8ded3a9d8d1b1c17f8e693bf9e99b05c1d2c8bcc690
batches/timing/columba/measured_1/batch_004/guide_ids.csv	42	fcd3b83ba08fe1c56f5e36dde965ca889db47d77edb8bc53025748ed04e48e39
batches/timing/columba/measured_1/batch_004/guide_order.sha256	312	2e12721dcd3e30a395edfc7e5fd636b3ed56e9ef01b4acbab953fb805f6f1713
batches/timing/columba/measured_1/batch_004/guide_order.txt	42	53aecd93d917cc5fdbfdbaa11598aa2bc6339e75def8b5e355b2d1c9b8dca1b5
batches/timing/columba/measured_1/batch_004/guide_results.tsv	573	a6c6e404d6c5042717717d6d76621295b1ce9ec22fa515797c758e0f0d274e5d
batches/timing/columba/measured_1/batch_004/guides/chm13_wg20_guide_007/command.txt	561	eddd4e1f062000866ef84dd025c42ddec55295b90b7f69de6703443968aecc97
batches/timing/columba/measured_1/batch_004/guides/chm13_wg20_guide_007/metrics.tsv	300	2ec7efbb0c1c2662a24f22ada5d25f4b34c6c99ab0f21fd8fe2ab71382608f8a
batches/timing/columba/measured_1/batch_004/guides/chm13_wg20_guide_007/output.paf	3041	05e4bfccc9f279f8fcd243e267da5f0bee5102741eade6c045401c32edfded8d
batches/timing/columba/measured_1/batch_004/guides/chm13_wg20_guide_007/stderr.txt	35192	9b6382b71ffcca32d174bfff24b60e6624b0f53a80c8828b796b3713fe1410ff
batches/timing/columba/measured_1/batch_004/guides/chm13_wg20_guide_008/command.txt	561	af9edb05d3b67874a7a9ecfbc4fb2fdcdd61c373a80e503ddf3c8ea205086957
batches/timing/columba/measured_1/batch_004/guides/chm13_wg20_guide_008/metrics.tsv	299	f15454e1212c3664dd57c5fd9b9f935eda55b1afd33ab824b7e6cc4201bdf69e
batches/timing/columba/measured_1/batch_004/guides/chm13_wg20_guide_008/output.paf	555	e6cfc9b4dc4575a8d69b69aefd52de4581d847adbd11790f281d6b530f40e46d
batches/timing/columba/measured_1/batch_004/guides/chm13_wg20_guide_008/stderr.txt	16335	3e2351f1892f5daeeea45efef2b2a89c679d65f7b05dd301edac2d7056018034
batches/timing/columba/measured_1/batch_005/SUCCESS	0	e3b0c44298fc1c149afbf4c8996fb92427ae41e4649b934ca495991b7852b855
batches/timing/columba/measured_1/batch_005/environment.tsv	1180	9e5af36f0a6bc90bb5f7f3fb2ac84fdc4db5f81b48eddb7dbd48e8ac64c96e76
batches/timing/columba/measured_1/batch_005/guide_ids.csv	42	8e14203770ecd7d6c1df2d7a2aed9b1f4d35ad155aed494b91125857941aebb7
batches/timing/columba/measured_1/batch_005/guide_order.sha256	312	40c6b788cff2294d8ee431218f5e802127da463178d6814e7e01b4bdcc907dbd
batches/timing/columba/measured_1/batch_005/guide_order.txt	42	995f27ab02bdaeaa0824cb89a7af753817d29741192914416d02b154586ee8b5
batches/timing/columba/measured_1/batch_005/guide_results.tsv	574	5e5730d65219c84c0289d85bf990a3767945c7f0b10ae9afbb0a4341e50439e5
batches/timing/columba/measured_1/batch_005/guides/chm13_wg20_guide_009/command.txt	561	9df517f7ce3c9df6c23a1075f98972c75dafb75b1c3cb4f7d52eb824df3e9cb4
batches/timing/columba/measured_1/batch_005/guides/chm13_wg20_guide_009/metrics.tsv	301	e9e04e47883812fcb2d6a44de788eba33685abf73ff12f0d1deeeaa33ed60d44
batches/timing/columba/measured_1/batch_005/guides/chm13_wg20_guide_009/output.paf	1881	752bc3376df1982456b23984cb87882726457870c91ed28f56889bc2db1e1d0c
batches/timing/columba/measured_1/batch_005/guides/chm13_wg20_guide_009/stderr.txt	127732	15cf0d1317768572d797a4fe8dfd60586f768a2d0ac3006ddd44440027b29596
batches/timing/columba/measured_1/batch_005/guides/chm13_wg20_guide_010/command.txt	561	183a56f7432f4851b5e8c94a3a228705da4a9fc8b9e6c6fb9a72925e809a8ccc
batches/timing/columba/measured_1/batch_005/guides/chm13_wg20_guide_010/metrics.tsv	300	61a03a91d0bfc1b528ab609f9e95f3e9ffef84dae7e0d3c3f386715ecf75dbc8
batches/timing/columba/measured_1/batch_005/guides/chm13_wg20_guide_010/output.paf	1233	c854b7411f0c5202140df634dbca75fe6b0c7075d5d7e7ee0a811f3b8897c384
batches/timing/columba/measured_1/batch_005/guides/chm13_wg20_guide_010/stderr.txt	10236	4151ad5a660e2f33fd0a04a634d162c58e1f924055132950c5ae73cc5f0adb8e
batches/timing/columba/measured_1/batch_006/SUCCESS	0	e3b0c44298fc1c149afbf4c8996fb92427ae41e4649b934ca495991b7852b855
batches/timing/columba/measured_1/batch_006/environment.tsv	1180	5351539c89a815490679c25e8b90fa887bbf0a9f0ba7c79abdc60147a591fe4d
batches/timing/columba/measured_1/batch_006/guide_ids.csv	42	7103bc781302e777cd08a14c300e8085e63fd28cc0761225edf7ecaf06c0bade
batches/timing/columba/measured_1/batch_006/guide_order.sha256	312	b4c1a513534f64d64e6b17444c4875ce78b2a50cd4280087a9f666763c82150b
batches/timing/columba/measured_1/batch_006/guide_order.txt	42	3f2f5bf6726dc2e8f10d15d877f3db615518bcb21531a65d0edcf5aa09905e4a
batches/timing/columba/measured_1/batch_006/guide_results.tsv	572	173200ab3d77867860874d56cf45f86c17d4baa47145f537a4770ee449afe2cb
batches/timing/columba/measured_1/batch_006/guides/chm13_wg20_guide_011/command.txt	561	d1f19808006be63c5aae7573b2c4f945ad254bd518f5e077a8bb43b843806ab9
batches/timing/columba/measured_1/batch_006/guides/chm13_wg20_guide_011/metrics.tsv	299	f2c6d721d94b04a9c9bcee89fea879c6a2fa9736c0949edd3b048287afc62dce
batches/timing/columba/measured_1/batch_006/guides/chm13_wg20_guide_011/output.paf	559	1e71aeb6e3c35d3b79e9a39ccf18b6fdcf4a2a01138ef6fd1caf6ffd35fac1fa
batches/timing/columba/measured_1/batch_006/guides/chm13_wg20_guide_011/stderr.txt	31798	cfe872d5f5e9f90a8d013bfb4acf081e372a890aa14f59fbf0b3af1d8102c366
batches/timing/columba/measured_1/batch_006/guides/chm13_wg20_guide_012/command.txt	561	101ccc5ad724261fb687d5dbe7247f48b8a0e541c367e47987760b6c5cfa91aa
batches/timing/columba/measured_1/batch_006/guides/chm13_wg20_guide_012/metrics.tsv	298	ecf400feb791fb71ffb0dccb30133c0877880f96c80ff4d3ba3880eb741155b2
batches/timing/columba/measured_1/batch_006/guides/chm13_wg20_guide_012/output.paf	336	bb236c9947a7b0a76ffc360a97337540208abbb050e311aa829882eb72ce37bf
batches/timing/columba/measured_1/batch_006/guides/chm13_wg20_guide_012/stderr.txt	4832	228f100c664df5d70ccca0d28983349f3a7548d4260496c41eef5f1e304630d1
batches/timing/columba/measured_1/batch_007/SUCCESS	0	e3b0c44298fc1c149afbf4c8996fb92427ae41e4649b934ca495991b7852b855
batches/timing/columba/measured_1/batch_007/environment.tsv	1180	98be1e8ed6b32cf922e8de0cce089ee9c35291107fe72dc3a1c61e1d43552b8c
batches/timing/columba/measured_1/batch_007/guide_ids.csv	42	cb56f17368341fd8b3a1ec8e3b3c481ca9891ca720dd569ed50d31a2f3fd84bd
batches/timing/columba/measured_1/batch_007/guide_order.sha256	312	039ec092f9047d4e195bfdaaa1567efab61699310df1a0fcbc21981ab1e25a8a
batches/timing/columba/measured_1/batch_007/guide_order.txt	42	f34a98ebdeaeaa81fbd6d411b6b3f1084e391569a27d2b8f3247d9b423d2b598
batches/timing/columba/measured_1/batch_007/guide_results.tsv	576	465b20c30459c43e753ba334d5fb4b3767eb288f7f57e80cad40a3fcc6e316f1
batches/timing/columba/measured_1/batch_007/guides/chm13_wg20_guide_013/command.txt	561	c22474502339c44665f91977a0e4b34c08e53324012e4d88eddd76c97702803a
batches/timing/columba/measured_1/batch_007/guides/chm13_wg20_guide_013/metrics.tsv	304	ee4bc7e858e87f7b907be1c7c7182822aa7abe9eb6144da7895340cc23132b5e
batches/timing/columba/measured_1/batch_007/guides/chm13_wg20_guide_013/output.paf	61017	a82aac48019ef1e4a5a2401adce5302d9e38d65f01120aa22215a3b6112b66ec
batches/timing/columba/measured_1/batch_007/guides/chm13_wg20_guide_013/stderr.txt	2949946	08b7b44b77ee4e830135d53e7571ef76f67a31ee439c73e8c0ccc071d8574aa1
batches/timing/columba/measured_1/batch_007/guides/chm13_wg20_guide_014/command.txt	561	01b9c0f71fd12fc8ad1efe3e293716586cf056f7eb73603fc93a425a9f717756
batches/timing/columba/measured_1/batch_007/guides/chm13_wg20_guide_014/metrics.tsv	300	012f1fe98bef16b90be4d1060a8f145ad03c88e432ce32543ed7250fc72384ef
batches/timing/columba/measured_1/batch_007/guides/chm13_wg20_guide_014/output.paf	1336	e9f7f204da8ee5bafaa2c55efab05ea2e0bfb1c3b5719181cbddd250c39c0659
batches/timing/columba/measured_1/batch_007/guides/chm13_wg20_guide_014/stderr.txt	19693	324836481727b5aa4cd661aa92c4c5e50e957c2b9069f9fd6678ac61cdda340d
batches/timing/columba/measured_1/batch_008/SUCCESS	0	e3b0c44298fc1c149afbf4c8996fb92427ae41e4649b934ca495991b7852b855
batches/timing/columba/measured_1/batch_008/environment.tsv	1180	330ef65c337e6e501231f79545a7538043c791d6b6b6d1f0578f81a8a0e9a69a
batches/timing/columba/measured_1/batch_008/guide_ids.csv	42	e31de6172f278c1b9e4ff61d1240c42b7e1a23b1f9ac5050d72b37233508d194
batches/timing/columba/measured_1/batch_008/guide_order.sha256	312	db2cae71ee6d6982a45450aa0623da56c167fb48946626d5f116e8aa4d1a2afa
batches/timing/columba/measured_1/batch_008/guide_order.txt	42	7d69e8ca53387da95649be82e33d4ef299f4b2cc6e3fab51afa184e3cc5bb5b5
batches/timing/columba/measured_1/batch_008/guide_results.tsv	576	b2d27433ee1a3bb3b0b0ae218493ba14757d3d4fefc38915ff5a9c9340a05135
batches/timing/columba/measured_1/batch_008/guides/chm13_wg20_guide_015/command.txt	561	0be5be6cdecce474abc2fa689f721fc3a768153729b73b46a02bd8aa738718a3
batches/timing/columba/measured_1/batch_008/guides/chm13_wg20_guide_015/metrics.tsv	302	9a3fbb810e85b407f661e560c48eabdd9c2262a030ff436b20d57184b979f640
batches/timing/columba/measured_1/batch_008/guides/chm13_wg20_guide_015/output.paf	9625	dd9101d79bcaf27bd74c6fee698bc14663cd76df56b99de113f2a0f126f21b5d
batches/timing/columba/measured_1/batch_008/guides/chm13_wg20_guide_015/stderr.txt	1268137	6d5c31c552ca7a298acaa2d30df62fe8686fe3168243318955da607536ab0190
batches/timing/columba/measured_1/batch_008/guides/chm13_wg20_guide_016/command.txt	561	0510d160b9619834bdcd5971cd482e72a985c0d86c167c0c44721dbe3618cc64
batches/timing/columba/measured_1/batch_008/guides/chm13_wg20_guide_016/metrics.tsv	303	1542a4ce1d16a324a876cf59f5ab0bf5ff030ab9daf433ba2da1b39b1f4d7877
batches/timing/columba/measured_1/batch_008/guides/chm13_wg20_guide_016/output.paf	297218	a11bbbe860c732b7fa19b337b70271c4e6c5f939636dea6cfba0d7ca511496b2
batches/timing/columba/measured_1/batch_008/guides/chm13_wg20_guide_016/stderr.txt	115688	006337cab6d2c894a27e5bb561249bfe9104963180a9da7423a7f23ec9734812
batches/timing/columba/measured_1/batch_009/SUCCESS	0	e3b0c44298fc1c149afbf4c8996fb92427ae41e4649b934ca495991b7852b855
batches/timing/columba/measured_1/batch_009/environment.tsv	1180	d6cd92be537cb4599bf4fcd45ab86658189af1c35ad72fa3cc5b47dc6f498d2a
batches/timing/columba/measured_1/batch_009/guide_ids.csv	42	49903fb7797cdd923316a1596198af3d395afcadbff8bfb44a9520db90704ff1
batches/timing/columba/measured_1/batch_009/guide_order.sha256	312	704b82683d0b0003b528a96a32f75d6f9b8c2b97ec89687c9d81493bde63617f
batches/timing/columba/measured_1/batch_009/guide_order.txt	42	3c49da9a819bd6bdd4128eba8395e9c31af3a3353a3fd026c77c6faa1a1ed752
batches/timing/columba/measured_1/batch_009/guide_results.tsv	574	f149561aa1d7fdf2c180d012c6df1d97deb7fffde4dccbd7a6bf33347deacc67
batches/timing/columba/measured_1/batch_009/guides/chm13_wg20_guide_017/command.txt	561	c50006f9dcecb3d376dec2e74131c67c443116b80f554ff9ab80affcf57bb0c8
batches/timing/columba/measured_1/batch_009/guides/chm13_wg20_guide_017/metrics.tsv	301	3e53840032e91e11ed9ad86bb7c74a54b92f6e6a494ab9e951b2536864587714
batches/timing/columba/measured_1/batch_009/guides/chm13_wg20_guide_017/output.paf	4277	4a28e6ee3c36c785164fdf3555b6dab2a2ea71c229208cae37d109582c65fe20
batches/timing/columba/measured_1/batch_009/guides/chm13_wg20_guide_017/stderr.txt	101510	131282c5ac4cd46d75c21649f6593ac21b283303496f90bfc3e896623dca24bd
batches/timing/columba/measured_1/batch_009/guides/chm13_wg20_guide_018/command.txt	561	2da12bb1695d144997b875a8092b520f3bd4b2b645671dfd796e0b717c812efc
batches/timing/columba/measured_1/batch_009/guides/chm13_wg20_guide_018/metrics.tsv	300	166b9de50d568e7f7ab521e23e2c83ebb6dd250de1365b6666348491094d8b8d
batches/timing/columba/measured_1/batch_009/guides/chm13_wg20_guide_018/output.paf	2800	7fb4cd4715f46d8437e5af211392f73f2cfcdb057ebfd405448da3c30645ea6a
batches/timing/columba/measured_1/batch_009/guides/chm13_wg20_guide_018/stderr.txt	96537	3762a1f1ecad924fed9b34473afaace5101a60d1ded923bfffb9bf92b5f60bff
batches/timing/columba/measured_1/batch_010/SUCCESS	0	e3b0c44298fc1c149afbf4c8996fb92427ae41e4649b934ca495991b7852b855
batches/timing/columba/measured_1/batch_010/environment.tsv	1181	d3dcef0a8b556e0c5c2e36b6e7d18e9a7efbc22dda0f4f50763c666151da569c
batches/timing/columba/measured_1/batch_010/guide_ids.csv	42	20de080a33cbf34ae63fe12ae36504d7f87a5f0659f218d0addfe7d4dbdb70ac
batches/timing/columba/measured_1/batch_010/guide_order.sha256	312	cf4724fe6b58dfa8c0ba43599088e0dd0bec1847fb5f1899bc259935e1804c40
batches/timing/columba/measured_1/batch_010/guide_order.txt	42	45a1b1020996ce624a251303a0eec722015053ca024eb154cd7636d57846d8ce
batches/timing/columba/measured_1/batch_010/guide_results.tsv	574	34190961f55e699aac64e8d670a60b652181d87e7cd01c8b1e60e0f80a3e6c0d
batches/timing/columba/measured_1/batch_010/guides/chm13_wg20_guide_019/command.txt	561	17bc387a4aa7c55fe8387056630b7bb04b49bbe2823152fcf3ca35de29322822
batches/timing/columba/measured_1/batch_010/guides/chm13_wg20_guide_019/metrics.tsv	301	239a9631a73f45567b3b3d8888c2b18103d47b33099f0d120c7c7f6e649b2879
batches/timing/columba/measured_1/batch_010/guides/chm13_wg20_guide_019/output.paf	7935	b3c2089e7bbf8320573370a7100afd46d0ab028a259a48fed6d0279a5637d36e
batches/timing/columba/measured_1/batch_010/guides/chm13_wg20_guide_019/stderr.txt	257944	bb1f5ea8ea9ebed8a66392a8c1558007642cc85f171eac8a5f9a9dd5080139a8
batches/timing/columba/measured_1/batch_010/guides/chm13_wg20_guide_020/command.txt	561	e06585404f76b316bc57f4de2473897fd029df4dc4a0c732d4b33b75d682ed4d
batches/timing/columba/measured_1/batch_010/guides/chm13_wg20_guide_020/metrics.tsv	301	eeccd8aef5752337d513e4ecc622ad5e5dd02ea9dcd2e418e6931a0b5c597092
batches/timing/columba/measured_1/batch_010/guides/chm13_wg20_guide_020/output.paf	79354	769149845f1987b9ce77d693139dd4c81c9058b59a2adc62d98ca2ff2ff68e65
batches/timing/columba/measured_1/batch_010/guides/chm13_wg20_guide_020/stderr.txt	199160	4d36dac729e0e0e459972033ac986b013521cb7b16dec0bb9aa28f31b19832bd
batches/timing/columba/measured_2/batch_001/SUCCESS	0	e3b0c44298fc1c149afbf4c8996fb92427ae41e4649b934ca495991b7852b855
batches/timing/columba/measured_2/batch_001/environment.tsv	1193	70cbd1ba6cc2f081e286ca8f5afb6dcf2a601bcd7ab6e64d8399c6d1cd9f9a9e
batches/timing/columba/measured_2/batch_001/guide_ids.csv	42	54b874f69d1bd54bda9ab8b596846a15616e0a3190c2df3dcdac5c578f47f13b
batches/timing/columba/measured_2/batch_001/guide_order.sha256	312	87069d10396ad783621029ce77c9d8566802f52a1cff6ebf6fca5095357f3f19
batches/timing/columba/measured_2/batch_001/guide_order.txt	42	ff44cf6cb84ee3dab8590a540ce14bcb1369dffccf9fca7ba537c3bd4555c96f
batches/timing/columba/measured_2/batch_001/guide_results.tsv	571	7c28b605970a38dc1b4ce2816d42ae41af28a10358ec4a6018bf08cfbe29b9ae
batches/timing/columba/measured_2/batch_001/guides/chm13_wg20_guide_001/command.txt	561	b5aa278db3103e4c45c7809138ed2bfa765f86f8bf438031339a2e819e5d5bd3
batches/timing/columba/measured_2/batch_001/guides/chm13_wg20_guide_001/metrics.tsv	301	ac5c49f0c4d11865c7559f8417d1b443426d8565a969a583e6650ec0ff397bcb
batches/timing/columba/measured_2/batch_001/guides/chm13_wg20_guide_001/output.paf	672	324a14f05f2e1e3adeda5e9bddc11565e0de38ba0e957dc0690f1db379d35f79
batches/timing/columba/measured_2/batch_001/guides/chm13_wg20_guide_001/stderr.txt	1684345	9ca53b68dcf0efaa9c2acf742450dfd732a894ee09588203d3b5701fd46a2dc9
batches/timing/columba/measured_2/batch_001/guides/chm13_wg20_guide_002/command.txt	561	4764dad66146a0e9af7bd9abc4d0889134a12713cc2b4a7ac0e765d231d23247
batches/timing/columba/measured_2/batch_001/guides/chm13_wg20_guide_002/metrics.tsv	297	85e97c8f2d0d7aeb187d1e8b8fe4972ca9273de1384f80495b5b0b7fd1ce32f2
batches/timing/columba/measured_2/batch_001/guides/chm13_wg20_guide_002/output.paf	336	fe1b6e7027dd545507803a2a66dbfa78b1868d925d323119c71a35c81ccd1cd1
batches/timing/columba/measured_2/batch_001/guides/chm13_wg20_guide_002/stderr.txt	3482	07c1bf2f5acc1aaa4e067635b6d04179e2cda1642ed950807dbbf74186328734
batches/timing/columba/measured_2/batch_002/SUCCESS	0	e3b0c44298fc1c149afbf4c8996fb92427ae41e4649b934ca495991b7852b855
batches/timing/columba/measured_2/batch_002/environment.tsv	1193	52fd16a21c45cf68e8c56252fd6aa981fc1ae958839d420176e6a7fb03c67eda
batches/timing/columba/measured_2/batch_002/guide_ids.csv	42	e0a6964ebc117d58015116318e3584933afafeb56e299ea39e417083aa1d6aa8
batches/timing/columba/measured_2/batch_002/guide_order.sha256	312	2451cc71da319a36f666fbd178830f79b11f7f2e38a82f490d129853ce58ebe8
batches/timing/columba/measured_2/batch_002/guide_order.txt	42	3689678d63b9061e307189304542b2fdb3a8a488dcddff5fbbfc6ef311dbd744
batches/timing/columba/measured_2/batch_002/guide_results.tsv	572	6e11d2974188a30cb1489d40f3dcbf3bbd2d9c0cc419f8f7963e183b7c6d46fe
batches/timing/columba/measured_2/batch_002/guides/chm13_wg20_guide_003/command.txt	561	3e20f2b513b54d90c7565000d9a075473905b1f0206c8b5bd8d47cc06d382786
batches/timing/columba/measured_2/batch_002/guides/chm13_wg20_guide_003/metrics.tsv	298	5876a19d7a5249b6c29de25f8796ca791452285680034243bf83913bd6afadb3
batches/timing/columba/measured_2/batch_002/guides/chm13_wg20_guide_003/output.paf	666	c2884358557d4c04e11852903d7bee3e1a550599533209adb9a53176b4edc9e9
batches/timing/columba/measured_2/batch_002/guides/chm13_wg20_guide_003/stderr.txt	9571	26a3b3f7aa52f6c890243f809d07bb8e7e498592bc35a90b184eb42bfddb7bf6
batches/timing/columba/measured_2/batch_002/guides/chm13_wg20_guide_004/command.txt	561	1e877105d7f22ea07fd4164ce3d5e2ea0b620d9d7348052d1694f4cd8211b9f5
batches/timing/columba/measured_2/batch_002/guides/chm13_wg20_guide_004/metrics.tsv	298	684f3a82abc32e0812c37f2276775efe79e3dbc957ea1effce05a7a1aa416833
batches/timing/columba/measured_2/batch_002/guides/chm13_wg20_guide_004/output.paf	443	9a59c2b0b83549fd955f420e29b54c30a05457e02e1e0a7429ef5fa273e0eb92
batches/timing/columba/measured_2/batch_002/guides/chm13_wg20_guide_004/stderr.txt	5216	9d319d20dce91ce1ddbd40de446301b790dee4838af97c17e59fab0971e758d4
batches/timing/columba/measured_2/batch_003/SUCCESS	0	e3b0c44298fc1c149afbf4c8996fb92427ae41e4649b934ca495991b7852b855
batches/timing/columba/measured_2/batch_003/environment.tsv	1193	a24f2c5dd986a310caa4a3fa156bdb1cf0135c0125e93a89f0f19cd5becd438f
batches/timing/columba/measured_2/batch_003/guide_ids.csv	42	b67f117a323f7a018504611bea64e0930f090c355095ea3aa8863d10452064e4
batches/timing/columba/measured_2/batch_003/guide_order.sha256	312	d9ae1ffd50595ea1052dbe0be2fac240cf678b06b1d42331383b5356d3581e76
batches/timing/columba/measured_2/batch_003/guide_order.txt	42	d9868b562ed8c9a840a95bff9e4259443d646807daba6312446b6bbdfb7e1db0
batches/timing/columba/measured_2/batch_003/guide_results.tsv	573	b0d8bf139a0e6bb1fe6b0aad9476666520dbcc9e07e5d51d5b0143c9b4778c55
batches/timing/columba/measured_2/batch_003/guides/chm13_wg20_guide_005/command.txt	561	97ccace45367655652680aef92847198ffa49ccbd555d019df4195a1d015aeba
batches/timing/columba/measured_2/batch_003/guides/chm13_wg20_guide_005/metrics.tsv	300	89386b6ad971cd8fcb3fa0ede377891e2306e2615af089e6b01bcb72f134c52e
batches/timing/columba/measured_2/batch_003/guides/chm13_wg20_guide_005/output.paf	672	93bf63140f3f7c7992fc4f9471ab20f2f97807fd4cf578bcc1467ab6b084ab01
batches/timing/columba/measured_2/batch_003/guides/chm13_wg20_guide_005/stderr.txt	917186	bd62f2a380c325784dba7a1f739a8a44e70413bc76a8e87d108fb7b6e4563359
batches/timing/columba/measured_2/batch_003/guides/chm13_wg20_guide_006/command.txt	561	6c62ad26d3092b1579934463d04ae30c0507d7b0a45c05142c8e9e9f5e57b990
batches/timing/columba/measured_2/batch_003/guides/chm13_wg20_guide_006/metrics.tsv	300	b7106b47de64fc4b860e7265069a9f625b20501928fcd86333c8f7ca2d3d6c63
batches/timing/columba/measured_2/batch_003/guides/chm13_wg20_guide_006/output.paf	1677	f1827bf172086573950319585767d314e88700c978c2aa6eb7b8953e4129ab6e
batches/timing/columba/measured_2/batch_003/guides/chm13_wg20_guide_006/stderr.txt	12854	14b72cc18b6860aa7896bceb821343af4d5b2a794f6ee47429b740d849af9a06
batches/timing/columba/measured_2/batch_004/SUCCESS	0	e3b0c44298fc1c149afbf4c8996fb92427ae41e4649b934ca495991b7852b855
batches/timing/columba/measured_2/batch_004/environment.tsv	1193	6961e0f38486831e676b348d049acd5e026a951184be38cffa7eb39118a550a2
batches/timing/columba/measured_2/batch_004/guide_ids.csv	42	fcd3b83ba08fe1c56f5e36dde965ca889db47d77edb8bc53025748ed04e48e39
batches/timing/columba/measured_2/batch_004/guide_order.sha256	312	ce5e3a5c3a0db0bc52e9d9021e1bd04e3af0884c500dcf581a68fc277647de57
batches/timing/columba/measured_2/batch_004/guide_order.txt	42	53aecd93d917cc5fdbfdbaa11598aa2bc6339e75def8b5e355b2d1c9b8dca1b5
batches/timing/columba/measured_2/batch_004/guide_results.tsv	573	6e20db289510b7f3849b63090a15dc7625b0507d5c0be7c1036534bbd1b22018
batches/timing/columba/measured_2/batch_004/guides/chm13_wg20_guide_007/command.txt	561	eddd4e1f062000866ef84dd025c42ddec55295b90b7f69de6703443968aecc97
batches/timing/columba/measured_2/batch_004/guides/chm13_wg20_guide_007/metrics.tsv	300	52f1fc17188bce6da57b1307c08baa7bac82331dc5b4bc5c48136fbf6d5e3c08
batches/timing/columba/measured_2/batch_004/guides/chm13_wg20_guide_007/output.paf	3041	05e4bfccc9f279f8fcd243e267da5f0bee5102741eade6c045401c32edfded8d
batches/timing/columba/measured_2/batch_004/guides/chm13_wg20_guide_007/stderr.txt	35192	9b6382b71ffcca32d174bfff24b60e6624b0f53a80c8828b796b3713fe1410ff
batches/timing/columba/measured_2/batch_004/guides/chm13_wg20_guide_008/command.txt	561	af9edb05d3b67874a7a9ecfbc4fb2fdcdd61c373a80e503ddf3c8ea205086957
batches/timing/columba/measured_2/batch_004/guides/chm13_wg20_guide_008/metrics.tsv	299	6d3bf8c0b6fa787e76ed739845ff48c901c46ec6bff83330377fd9eb22424407
batches/timing/columba/measured_2/batch_004/guides/chm13_wg20_guide_008/output.paf	555	e6cfc9b4dc4575a8d69b69aefd52de4581d847adbd11790f281d6b530f40e46d
batches/timing/columba/measured_2/batch_004/guides/chm13_wg20_guide_008/stderr.txt	16335	3e2351f1892f5daeeea45efef2b2a89c679d65f7b05dd301edac2d7056018034
batches/timing/columba/measured_2/batch_005/SUCCESS	0	e3b0c44298fc1c149afbf4c8996fb92427ae41e4649b934ca495991b7852b855
batches/timing/columba/measured_2/batch_005/environment.tsv	1193	2a44ce366b61c23e5ec039d3139b3cb1a58c7a4fffa091b38e93d14fb7173a3a
batches/timing/columba/measured_2/batch_005/guide_ids.csv	42	8e14203770ecd7d6c1df2d7a2aed9b1f4d35ad155aed494b91125857941aebb7
batches/timing/columba/measured_2/batch_005/guide_order.sha256	312	8e26f03431f603b37ec21e541d0e424436ee2d5eb2835558f34f6776cbce0e9f
batches/timing/columba/measured_2/batch_005/guide_order.txt	42	995f27ab02bdaeaa0824cb89a7af753817d29741192914416d02b154586ee8b5
batches/timing/columba/measured_2/batch_005/guide_results.tsv	574	52faadedd002d0d3fd4d54d46c15a847bf815c50abfad0d750dc2cbc43c68700
batches/timing/columba/measured_2/batch_005/guides/chm13_wg20_guide_009/command.txt	561	9df517f7ce3c9df6c23a1075f98972c75dafb75b1c3cb4f7d52eb824df3e9cb4
batches/timing/columba/measured_2/batch_005/guides/chm13_wg20_guide_009/metrics.tsv	301	c490a03891437092f3a3403d54b93c443213ba754a07f312d04d6b08a0f6286c
batches/timing/columba/measured_2/batch_005/guides/chm13_wg20_guide_009/output.paf	1881	752bc3376df1982456b23984cb87882726457870c91ed28f56889bc2db1e1d0c
batches/timing/columba/measured_2/batch_005/guides/chm13_wg20_guide_009/stderr.txt	127732	15cf0d1317768572d797a4fe8dfd60586f768a2d0ac3006ddd44440027b29596
batches/timing/columba/measured_2/batch_005/guides/chm13_wg20_guide_010/command.txt	561	183a56f7432f4851b5e8c94a3a228705da4a9fc8b9e6c6fb9a72925e809a8ccc
batches/timing/columba/measured_2/batch_005/guides/chm13_wg20_guide_010/metrics.tsv	300	07d1be3782d2db20e0d53e5380fe7304b6cc54f609927dfe9802e0488e2d74e1
batches/timing/columba/measured_2/batch_005/guides/chm13_wg20_guide_010/output.paf	1233	c854b7411f0c5202140df634dbca75fe6b0c7075d5d7e7ee0a811f3b8897c384
batches/timing/columba/measured_2/batch_005/guides/chm13_wg20_guide_010/stderr.txt	10236	4151ad5a660e2f33fd0a04a634d162c58e1f924055132950c5ae73cc5f0adb8e
batches/timing/columba/measured_2/batch_006/SUCCESS	0	e3b0c44298fc1c149afbf4c8996fb92427ae41e4649b934ca495991b7852b855
batches/timing/columba/measured_2/batch_006/environment.tsv	1193	242149f0391cce032dced8c623b2a8956822ebc52b0d4a714fb0661b109ef162
batches/timing/columba/measured_2/batch_006/guide_ids.csv	42	7103bc781302e777cd08a14c300e8085e63fd28cc0761225edf7ecaf06c0bade
batches/timing/columba/measured_2/batch_006/guide_order.sha256	312	32a8fc2e45597aeaf427f3415dedef7604c42b918e6aecce456fb1ea15560460
batches/timing/columba/measured_2/batch_006/guide_order.txt	42	3f2f5bf6726dc2e8f10d15d877f3db615518bcb21531a65d0edcf5aa09905e4a
batches/timing/columba/measured_2/batch_006/guide_results.tsv	572	c4e706a9bbeaeeb5a94f85b47bf221498a480bcc5426dc9004eb7597fe1d67fe
batches/timing/columba/measured_2/batch_006/guides/chm13_wg20_guide_011/command.txt	561	d1f19808006be63c5aae7573b2c4f945ad254bd518f5e077a8bb43b843806ab9
batches/timing/columba/measured_2/batch_006/guides/chm13_wg20_guide_011/metrics.tsv	299	d32bc00103271142bd0f3918648e666eaba062a9b7917a2b60f12e697ca6f123
batches/timing/columba/measured_2/batch_006/guides/chm13_wg20_guide_011/output.paf	559	1e71aeb6e3c35d3b79e9a39ccf18b6fdcf4a2a01138ef6fd1caf6ffd35fac1fa
batches/timing/columba/measured_2/batch_006/guides/chm13_wg20_guide_011/stderr.txt	31798	cfe872d5f5e9f90a8d013bfb4acf081e372a890aa14f59fbf0b3af1d8102c366
batches/timing/columba/measured_2/batch_006/guides/chm13_wg20_guide_012/command.txt	561	101ccc5ad724261fb687d5dbe7247f48b8a0e541c367e47987760b6c5cfa91aa
batches/timing/columba/measured_2/batch_006/guides/chm13_wg20_guide_012/metrics.tsv	298	04344377bcdeb5378e3b81d683ad28226709946b9c06836864193bee5b2a1a6c
batches/timing/columba/measured_2/batch_006/guides/chm13_wg20_guide_012/output.paf	336	bb236c9947a7b0a76ffc360a97337540208abbb050e311aa829882eb72ce37bf
batches/timing/columba/measured_2/batch_006/guides/chm13_wg20_guide_012/stderr.txt	4832	228f100c664df5d70ccca0d28983349f3a7548d4260496c41eef5f1e304630d1
batches/timing/columba/measured_2/batch_007/SUCCESS	0	e3b0c44298fc1c149afbf4c8996fb92427ae41e4649b934ca495991b7852b855
batches/timing/columba/measured_2/batch_007/environment.tsv	1193	316da4237e757fed42610226dc868233565a6d99c8d41512bf9fe26d1dc33180
batches/timing/columba/measured_2/batch_007/guide_ids.csv	42	cb56f17368341fd8b3a1ec8e3b3c481ca9891ca720dd569ed50d31a2f3fd84bd
batches/timing/columba/measured_2/batch_007/guide_order.sha256	312	67e80626b80bb3134cba16d0273eb6f89a07610c8e42ea1ca0a6f2807b7131ba
batches/timing/columba/measured_2/batch_007/guide_order.txt	42	f34a98ebdeaeaa81fbd6d411b6b3f1084e391569a27d2b8f3247d9b423d2b598
batches/timing/columba/measured_2/batch_007/guide_results.tsv	575	20a030f78d9d496b714aa380b5b134bd695c76fd94772ac592e4923eea36be90
batches/timing/columba/measured_2/batch_007/guides/chm13_wg20_guide_013/command.txt	561	c22474502339c44665f91977a0e4b34c08e53324012e4d88eddd76c97702803a
batches/timing/columba/measured_2/batch_007/guides/chm13_wg20_guide_013/metrics.tsv	303	2cfb7dd92705ee626f0ad5ebd61e15daf7f9cd03d76da01314883a70021d379c
batches/timing/columba/measured_2/batch_007/guides/chm13_wg20_guide_013/output.paf	61017	a82aac48019ef1e4a5a2401adce5302d9e38d65f01120aa22215a3b6112b66ec
batches/timing/columba/measured_2/batch_007/guides/chm13_wg20_guide_013/stderr.txt	2949946	08b7b44b77ee4e830135d53e7571ef76f67a31ee439c73e8c0ccc071d8574aa1
batches/timing/columba/measured_2/batch_007/guides/chm13_wg20_guide_014/command.txt	561	01b9c0f71fd12fc8ad1efe3e293716586cf056f7eb73603fc93a425a9f717756
batches/timing/columba/measured_2/batch_007/guides/chm13_wg20_guide_014/metrics.tsv	300	d74da6639fb091277503ace1e6d61b85403c19bac4bae4fe22731880d3bee4f5
batches/timing/columba/measured_2/batch_007/guides/chm13_wg20_guide_014/output.paf	1336	e9f7f204da8ee5bafaa2c55efab05ea2e0bfb1c3b5719181cbddd250c39c0659
batches/timing/columba/measured_2/batch_007/guides/chm13_wg20_guide_014/stderr.txt	19693	324836481727b5aa4cd661aa92c4c5e50e957c2b9069f9fd6678ac61cdda340d
batches/timing/columba/measured_2/batch_008/SUCCESS	0	e3b0c44298fc1c149afbf4c8996fb92427ae41e4649b934ca495991b7852b855
batches/timing/columba/measured_2/batch_008/environment.tsv	1193	b9a031e1653c5653f745d740172a27c24e3b786b8686e89f0ad7103fb30c5e68
batches/timing/columba/measured_2/batch_008/guide_ids.csv	42	e31de6172f278c1b9e4ff61d1240c42b7e1a23b1f9ac5050d72b37233508d194
batches/timing/columba/measured_2/batch_008/guide_order.sha256	312	f04cb0387df6048f0be79e9fc7a64a2b015ab705ce7dc81f458bc944b5be23ad
batches/timing/columba/measured_2/batch_008/guide_order.txt	42	7d69e8ca53387da95649be82e33d4ef299f4b2cc6e3fab51afa184e3cc5bb5b5
batches/timing/columba/measured_2/batch_008/guide_results.tsv	576	99a7246c9cc57fc7757a28512c5f0f0b9608d7d5e1459a32a2ecf54312d57e32
batches/timing/columba/measured_2/batch_008/guides/chm13_wg20_guide_015/command.txt	561	0be5be6cdecce474abc2fa689f721fc3a768153729b73b46a02bd8aa738718a3
batches/timing/columba/measured_2/batch_008/guides/chm13_wg20_guide_015/metrics.tsv	302	ddf78f323e81d7cc3ab072e83acc1f96ec951e9b19aebe4bbcb3c65299d8b589
batches/timing/columba/measured_2/batch_008/guides/chm13_wg20_guide_015/output.paf	9625	dd9101d79bcaf27bd74c6fee698bc14663cd76df56b99de113f2a0f126f21b5d
batches/timing/columba/measured_2/batch_008/guides/chm13_wg20_guide_015/stderr.txt	1268137	6d5c31c552ca7a298acaa2d30df62fe8686fe3168243318955da607536ab0190
batches/timing/columba/measured_2/batch_008/guides/chm13_wg20_guide_016/command.txt	561	0510d160b9619834bdcd5971cd482e72a985c0d86c167c0c44721dbe3618cc64
batches/timing/columba/measured_2/batch_008/guides/chm13_wg20_guide_016/metrics.tsv	303	d0ddcdb01aedfc18be09a25bc522364dd02184f5cc9e406b3765b16867e287b3
batches/timing/columba/measured_2/batch_008/guides/chm13_wg20_guide_016/output.paf	297218	a11bbbe860c732b7fa19b337b70271c4e6c5f939636dea6cfba0d7ca511496b2
batches/timing/columba/measured_2/batch_008/guides/chm13_wg20_guide_016/stderr.txt	115688	006337cab6d2c894a27e5bb561249bfe9104963180a9da7423a7f23ec9734812
batches/timing/columba/measured_2/batch_009/SUCCESS	0	e3b0c44298fc1c149afbf4c8996fb92427ae41e4649b934ca495991b7852b855
batches/timing/columba/measured_2/batch_009/environment.tsv	1193	0f5f524e6f45edcab517a300f76b558d182378831473b94c993c08cf5c80c5e1
batches/timing/columba/measured_2/batch_009/guide_ids.csv	42	49903fb7797cdd923316a1596198af3d395afcadbff8bfb44a9520db90704ff1
batches/timing/columba/measured_2/batch_009/guide_order.sha256	312	e34814308b6f14b4f0a7870f77f1538b855f85c9802311e3de936d07d02b2ca2
batches/timing/columba/measured_2/batch_009/guide_order.txt	42	3c49da9a819bd6bdd4128eba8395e9c31af3a3353a3fd026c77c6faa1a1ed752
batches/timing/columba/measured_2/batch_009/guide_results.tsv	574	d219d748f95ad4e87651ccf92f4d46170b3a3235f680bdb7ae01c85635c01637
batches/timing/columba/measured_2/batch_009/guides/chm13_wg20_guide_017/command.txt	561	c50006f9dcecb3d376dec2e74131c67c443116b80f554ff9ab80affcf57bb0c8
batches/timing/columba/measured_2/batch_009/guides/chm13_wg20_guide_017/metrics.tsv	301	51cfb2f0839ef25c0f8783f195ee5168818e7eb33593edbec54916b4544a6b26
batches/timing/columba/measured_2/batch_009/guides/chm13_wg20_guide_017/output.paf	4277	4a28e6ee3c36c785164fdf3555b6dab2a2ea71c229208cae37d109582c65fe20
batches/timing/columba/measured_2/batch_009/guides/chm13_wg20_guide_017/stderr.txt	101510	131282c5ac4cd46d75c21649f6593ac21b283303496f90bfc3e896623dca24bd
batches/timing/columba/measured_2/batch_009/guides/chm13_wg20_guide_018/command.txt	561	2da12bb1695d144997b875a8092b520f3bd4b2b645671dfd796e0b717c812efc
batches/timing/columba/measured_2/batch_009/guides/chm13_wg20_guide_018/metrics.tsv	300	1b3caf51096830878c65e3bf69d5035f23241d0ee9c64748046c1c7906fe3c90
batches/timing/columba/measured_2/batch_009/guides/chm13_wg20_guide_018/output.paf	2800	7fb4cd4715f46d8437e5af211392f73f2cfcdb057ebfd405448da3c30645ea6a
batches/timing/columba/measured_2/batch_009/guides/chm13_wg20_guide_018/stderr.txt	96537	3762a1f1ecad924fed9b34473afaace5101a60d1ded923bfffb9bf92b5f60bff
batches/timing/columba/measured_2/batch_010/SUCCESS	0	e3b0c44298fc1c149afbf4c8996fb92427ae41e4649b934ca495991b7852b855
batches/timing/columba/measured_2/batch_010/environment.tsv	1194	254386a74e9284b7afc15ecb776508c98b51166e23c84c8cd122041fb6e0bd03
batches/timing/columba/measured_2/batch_010/guide_ids.csv	42	20de080a33cbf34ae63fe12ae36504d7f87a5f0659f218d0addfe7d4dbdb70ac
batches/timing/columba/measured_2/batch_010/guide_order.sha256	312	5b464ee1f0d689869111dbf588a6e4c46b2eaaa816c1e9cd4cc145059411d88a
batches/timing/columba/measured_2/batch_010/guide_order.txt	42	45a1b1020996ce624a251303a0eec722015053ca024eb154cd7636d57846d8ce
batches/timing/columba/measured_2/batch_010/guide_results.tsv	575	3ba6ce2447643655e9c928767e3b871890d78f6b47fa4e89127b7d189f8e92d0
batches/timing/columba/measured_2/batch_010/guides/chm13_wg20_guide_019/command.txt	561	17bc387a4aa7c55fe8387056630b7bb04b49bbe2823152fcf3ca35de29322822
batches/timing/columba/measured_2/batch_010/guides/chm13_wg20_guide_019/metrics.tsv	301	17880a8ff6ba4e43f29134ebca5ac534edec7a954599ae7ca2ca9e5aee07cb41
batches/timing/columba/measured_2/batch_010/guides/chm13_wg20_guide_019/output.paf	7935	b3c2089e7bbf8320573370a7100afd46d0ab028a259a48fed6d0279a5637d36e
batches/timing/columba/measured_2/batch_010/guides/chm13_wg20_guide_019/stderr.txt	257944	bb1f5ea8ea9ebed8a66392a8c1558007642cc85f171eac8a5f9a9dd5080139a8
batches/timing/columba/measured_2/batch_010/guides/chm13_wg20_guide_020/command.txt	561	e06585404f76b316bc57f4de2473897fd029df4dc4a0c732d4b33b75d682ed4d
batches/timing/columba/measured_2/batch_010/guides/chm13_wg20_guide_020/metrics.tsv	302	008c7414af5e0e7919bde775179ca8ba59870af34afc49895e6e2a0ee7f12a94
batches/timing/columba/measured_2/batch_010/guides/chm13_wg20_guide_020/output.paf	79354	769149845f1987b9ce77d693139dd4c81c9058b59a2adc62d98ca2ff2ff68e65
batches/timing/columba/measured_2/batch_010/guides/chm13_wg20_guide_020/stderr.txt	199160	4d36dac729e0e0e459972033ac986b013521cb7b16dec0bb9aa28f31b19832bd
batches/timing/columba/measured_3/batch_001/SUCCESS	0	e3b0c44298fc1c149afbf4c8996fb92427ae41e4649b934ca495991b7852b855
batches/timing/columba/measured_3/batch_001/environment.tsv	1193	3a2dfbca5a0cd5db4265bd1930dff5d2475e5f68091dce3bb712ef977ea923c6
batches/timing/columba/measured_3/batch_001/guide_ids.csv	42	54b874f69d1bd54bda9ab8b596846a15616e0a3190c2df3dcdac5c578f47f13b
batches/timing/columba/measured_3/batch_001/guide_order.sha256	312	5302753d68694e5fef4e6de8c926b361a1e6989bb9bf523ea472671b85e0ac27
batches/timing/columba/measured_3/batch_001/guide_order.txt	42	ff44cf6cb84ee3dab8590a540ce14bcb1369dffccf9fca7ba537c3bd4555c96f
batches/timing/columba/measured_3/batch_001/guide_results.tsv	572	c84076115b19670dea7f56c3584a4775a02a4ba58fc60b2681c455e722be1bf2
batches/timing/columba/measured_3/batch_001/guides/chm13_wg20_guide_001/command.txt	561	b5aa278db3103e4c45c7809138ed2bfa765f86f8bf438031339a2e819e5d5bd3
batches/timing/columba/measured_3/batch_001/guides/chm13_wg20_guide_001/metrics.tsv	301	c768af1c6f4655f2570c30d70328d4322c5556c0136c9d59caac74cb01150fe8
batches/timing/columba/measured_3/batch_001/guides/chm13_wg20_guide_001/output.paf	672	324a14f05f2e1e3adeda5e9bddc11565e0de38ba0e957dc0690f1db379d35f79
batches/timing/columba/measured_3/batch_001/guides/chm13_wg20_guide_001/stderr.txt	1684345	9ca53b68dcf0efaa9c2acf742450dfd732a894ee09588203d3b5701fd46a2dc9
batches/timing/columba/measured_3/batch_001/guides/chm13_wg20_guide_002/command.txt	561	4764dad66146a0e9af7bd9abc4d0889134a12713cc2b4a7ac0e765d231d23247
batches/timing/columba/measured_3/batch_001/guides/chm13_wg20_guide_002/metrics.tsv	298	b9fb1876b33b59ccac1f52cc05d9301c3637264d7b085d6c229476230a4e7278
batches/timing/columba/measured_3/batch_001/guides/chm13_wg20_guide_002/output.paf	336	fe1b6e7027dd545507803a2a66dbfa78b1868d925d323119c71a35c81ccd1cd1
batches/timing/columba/measured_3/batch_001/guides/chm13_wg20_guide_002/stderr.txt	3482	07c1bf2f5acc1aaa4e067635b6d04179e2cda1642ed950807dbbf74186328734
batches/timing/columba/measured_3/batch_002/SUCCESS	0	e3b0c44298fc1c149afbf4c8996fb92427ae41e4649b934ca495991b7852b855
batches/timing/columba/measured_3/batch_002/environment.tsv	1193	ef03373d52714b9d74dd3ea05d65ca08c3cbe9dafc8d1b5ccfe86ef585d72f80
batches/timing/columba/measured_3/batch_002/guide_ids.csv	42	e0a6964ebc117d58015116318e3584933afafeb56e299ea39e417083aa1d6aa8
batches/timing/columba/measured_3/batch_002/guide_order.sha256	312	d4a2692a1d15fc91b940345c28f11bcf8bcb00dcbbef7dfc590cf79e335a2c50
batches/timing/columba/measured_3/batch_002/guide_order.txt	42	3689678d63b9061e307189304542b2fdb3a8a488dcddff5fbbfc6ef311dbd744
batches/timing/columba/measured_3/batch_002/guide_results.tsv	572	670dbb45564e27f97e987da60791fd7f20ca4293c3683d297f65a96f1140232b
batches/timing/columba/measured_3/batch_002/guides/chm13_wg20_guide_003/command.txt	561	3e20f2b513b54d90c7565000d9a075473905b1f0206c8b5bd8d47cc06d382786
batches/timing/columba/measured_3/batch_002/guides/chm13_wg20_guide_003/metrics.tsv	298	ec697b803ff5ab63b30adefadd65c0308459d22428ed500235b35ead2e9a2728
batches/timing/columba/measured_3/batch_002/guides/chm13_wg20_guide_003/output.paf	666	c2884358557d4c04e11852903d7bee3e1a550599533209adb9a53176b4edc9e9
batches/timing/columba/measured_3/batch_002/guides/chm13_wg20_guide_003/stderr.txt	9571	26a3b3f7aa52f6c890243f809d07bb8e7e498592bc35a90b184eb42bfddb7bf6
batches/timing/columba/measured_3/batch_002/guides/chm13_wg20_guide_004/command.txt	561	1e877105d7f22ea07fd4164ce3d5e2ea0b620d9d7348052d1694f4cd8211b9f5
batches/timing/columba/measured_3/batch_002/guides/chm13_wg20_guide_004/metrics.tsv	298	7f15b7c8988be695a00295ea71ed5e7da5674614027279841a1000ded42c0abf
batches/timing/columba/measured_3/batch_002/guides/chm13_wg20_guide_004/output.paf	443	9a59c2b0b83549fd955f420e29b54c30a05457e02e1e0a7429ef5fa273e0eb92
batches/timing/columba/measured_3/batch_002/guides/chm13_wg20_guide_004/stderr.txt	5216	9d319d20dce91ce1ddbd40de446301b790dee4838af97c17e59fab0971e758d4
batches/timing/columba/measured_3/batch_003/SUCCESS	0	e3b0c44298fc1c149afbf4c8996fb92427ae41e4649b934ca495991b7852b855
batches/timing/columba/measured_3/batch_003/environment.tsv	1193	f06408eea7e06f9c93cd42e052e855b1de9ac6e1fff0f2e6ad7bd01893c72860
batches/timing/columba/measured_3/batch_003/guide_ids.csv	42	b67f117a323f7a018504611bea64e0930f090c355095ea3aa8863d10452064e4
batches/timing/columba/measured_3/batch_003/guide_order.sha256	312	2ac653dc62e4cf351be453bf8b0390daf11616620825bd5a6838012de85f559f
batches/timing/columba/measured_3/batch_003/guide_order.txt	42	d9868b562ed8c9a840a95bff9e4259443d646807daba6312446b6bbdfb7e1db0
batches/timing/columba/measured_3/batch_003/guide_results.tsv	573	26c21cacf53325935ae53da0e388975c8de806a00cdc95d07190ab2e07a23b13
batches/timing/columba/measured_3/batch_003/guides/chm13_wg20_guide_005/command.txt	561	97ccace45367655652680aef92847198ffa49ccbd555d019df4195a1d015aeba
batches/timing/columba/measured_3/batch_003/guides/chm13_wg20_guide_005/metrics.tsv	300	3f94fa182292a7f5a6a7d295a84cabffdde95b486f5a10c52e79fd3cb0777a4d
batches/timing/columba/measured_3/batch_003/guides/chm13_wg20_guide_005/output.paf	672	93bf63140f3f7c7992fc4f9471ab20f2f97807fd4cf578bcc1467ab6b084ab01
batches/timing/columba/measured_3/batch_003/guides/chm13_wg20_guide_005/stderr.txt	917186	bd62f2a380c325784dba7a1f739a8a44e70413bc76a8e87d108fb7b6e4563359
batches/timing/columba/measured_3/batch_003/guides/chm13_wg20_guide_006/command.txt	561	6c62ad26d3092b1579934463d04ae30c0507d7b0a45c05142c8e9e9f5e57b990
batches/timing/columba/measured_3/batch_003/guides/chm13_wg20_guide_006/metrics.tsv	300	dd6419b9834c2a44b6ad7549169757c2c63a5aa6ccbdcb93fc97c990a93726b3
batches/timing/columba/measured_3/batch_003/guides/chm13_wg20_guide_006/output.paf	1677	f1827bf172086573950319585767d314e88700c978c2aa6eb7b8953e4129ab6e
batches/timing/columba/measured_3/batch_003/guides/chm13_wg20_guide_006/stderr.txt	12854	14b72cc18b6860aa7896bceb821343af4d5b2a794f6ee47429b740d849af9a06
batches/timing/columba/measured_3/batch_004/SUCCESS	0	e3b0c44298fc1c149afbf4c8996fb92427ae41e4649b934ca495991b7852b855
batches/timing/columba/measured_3/batch_004/environment.tsv	1193	5fa5adfa17c36900581f1f54df5d4607eaba1ac045190af330e62cbebe9ed2e0
batches/timing/columba/measured_3/batch_004/guide_ids.csv	42	fcd3b83ba08fe1c56f5e36dde965ca889db47d77edb8bc53025748ed04e48e39
batches/timing/columba/measured_3/batch_004/guide_order.sha256	312	18f11c6f8d0a11f3550196b8b2753cf7db8be094958c5cc3d607230cf9424855
batches/timing/columba/measured_3/batch_004/guide_order.txt	42	53aecd93d917cc5fdbfdbaa11598aa2bc6339e75def8b5e355b2d1c9b8dca1b5
batches/timing/columba/measured_3/batch_004/guide_results.tsv	573	3d8ca022bee9db5b08c76335b777bf08cfa226893676e49b5a983ec213a53d4f
batches/timing/columba/measured_3/batch_004/guides/chm13_wg20_guide_007/command.txt	561	eddd4e1f062000866ef84dd025c42ddec55295b90b7f69de6703443968aecc97
batches/timing/columba/measured_3/batch_004/guides/chm13_wg20_guide_007/metrics.tsv	300	38af161da9090a147b51d199f46a68445b6d6c0960b0d6b995780a54fc3daf42
batches/timing/columba/measured_3/batch_004/guides/chm13_wg20_guide_007/output.paf	3041	05e4bfccc9f279f8fcd243e267da5f0bee5102741eade6c045401c32edfded8d
batches/timing/columba/measured_3/batch_004/guides/chm13_wg20_guide_007/stderr.txt	35192	9b6382b71ffcca32d174bfff24b60e6624b0f53a80c8828b796b3713fe1410ff
batches/timing/columba/measured_3/batch_004/guides/chm13_wg20_guide_008/command.txt	561	af9edb05d3b67874a7a9ecfbc4fb2fdcdd61c373a80e503ddf3c8ea205086957
batches/timing/columba/measured_3/batch_004/guides/chm13_wg20_guide_008/metrics.tsv	299	08eb738ff7b69bab2b45248a09ff0daac3e7294368d94a306b1b745216748a49
batches/timing/columba/measured_3/batch_004/guides/chm13_wg20_guide_008/output.paf	555	e6cfc9b4dc4575a8d69b69aefd52de4581d847adbd11790f281d6b530f40e46d
batches/timing/columba/measured_3/batch_004/guides/chm13_wg20_guide_008/stderr.txt	16335	3e2351f1892f5daeeea45efef2b2a89c679d65f7b05dd301edac2d7056018034
batches/timing/columba/measured_3/batch_005/SUCCESS	0	e3b0c44298fc1c149afbf4c8996fb92427ae41e4649b934ca495991b7852b855
batches/timing/columba/measured_3/batch_005/environment.tsv	1193	7a80ec11568582cbae9f65acdc9bbe398fca03ccf381b9de94005c2c3a495831
batches/timing/columba/measured_3/batch_005/guide_ids.csv	42	8e14203770ecd7d6c1df2d7a2aed9b1f4d35ad155aed494b91125857941aebb7
batches/timing/columba/measured_3/batch_005/guide_order.sha256	312	ff5804087242e2a990f609f14acc9a7a004155f0df4e9326b6d5b29307bcee2a
batches/timing/columba/measured_3/batch_005/guide_order.txt	42	995f27ab02bdaeaa0824cb89a7af753817d29741192914416d02b154586ee8b5
batches/timing/columba/measured_3/batch_005/guide_results.tsv	574	4d7e88a248aade59d1cc5ee7b5ba2f04578da8a20e71b7324f5cd92465aaa970
batches/timing/columba/measured_3/batch_005/guides/chm13_wg20_guide_009/command.txt	561	9df517f7ce3c9df6c23a1075f98972c75dafb75b1c3cb4f7d52eb824df3e9cb4
batches/timing/columba/measured_3/batch_005/guides/chm13_wg20_guide_009/metrics.tsv	301	f6593cc4fa28cbab0f5118a1fe4d7a4c80b12954b881acaf8958cc5c9a34a597
batches/timing/columba/measured_3/batch_005/guides/chm13_wg20_guide_009/output.paf	1881	752bc3376df1982456b23984cb87882726457870c91ed28f56889bc2db1e1d0c
batches/timing/columba/measured_3/batch_005/guides/chm13_wg20_guide_009/stderr.txt	127732	15cf0d1317768572d797a4fe8dfd60586f768a2d0ac3006ddd44440027b29596
batches/timing/columba/measured_3/batch_005/guides/chm13_wg20_guide_010/command.txt	561	183a56f7432f4851b5e8c94a3a228705da4a9fc8b9e6c6fb9a72925e809a8ccc
batches/timing/columba/measured_3/batch_005/guides/chm13_wg20_guide_010/metrics.tsv	300	9915d048d3ce11daf94ca7c289e0d8fc08949c7495cd268e01ea57e424a23c88
batches/timing/columba/measured_3/batch_005/guides/chm13_wg20_guide_010/output.paf	1233	c854b7411f0c5202140df634dbca75fe6b0c7075d5d7e7ee0a811f3b8897c384
batches/timing/columba/measured_3/batch_005/guides/chm13_wg20_guide_010/stderr.txt	10236	4151ad5a660e2f33fd0a04a634d162c58e1f924055132950c5ae73cc5f0adb8e
batches/timing/columba/measured_3/batch_006/SUCCESS	0	e3b0c44298fc1c149afbf4c8996fb92427ae41e4649b934ca495991b7852b855
batches/timing/columba/measured_3/batch_006/environment.tsv	1193	d9c81d0253e75a28263032e5a6c300383c8a452022267734b87bb13494809f11
batches/timing/columba/measured_3/batch_006/guide_ids.csv	42	7103bc781302e777cd08a14c300e8085e63fd28cc0761225edf7ecaf06c0bade
batches/timing/columba/measured_3/batch_006/guide_order.sha256	312	958c0aeacf48f9767de19c5bd2886fd0eb5f7d24c73c162e75ccbe28d686e00e
batches/timing/columba/measured_3/batch_006/guide_order.txt	42	3f2f5bf6726dc2e8f10d15d877f3db615518bcb21531a65d0edcf5aa09905e4a
batches/timing/columba/measured_3/batch_006/guide_results.tsv	572	3e7d5d949df2a95963c2e3c79c47005bcd3b28e9c9ba723286d71c0c5566f344
batches/timing/columba/measured_3/batch_006/guides/chm13_wg20_guide_011/command.txt	561	d1f19808006be63c5aae7573b2c4f945ad254bd518f5e077a8bb43b843806ab9
batches/timing/columba/measured_3/batch_006/guides/chm13_wg20_guide_011/metrics.tsv	299	eaf4a0b3f30994924e51c10280e462e4857b6c65c6aa95770ed647bda7b49a7e
batches/timing/columba/measured_3/batch_006/guides/chm13_wg20_guide_011/output.paf	559	1e71aeb6e3c35d3b79e9a39ccf18b6fdcf4a2a01138ef6fd1caf6ffd35fac1fa
batches/timing/columba/measured_3/batch_006/guides/chm13_wg20_guide_011/stderr.txt	31798	cfe872d5f5e9f90a8d013bfb4acf081e372a890aa14f59fbf0b3af1d8102c366
batches/timing/columba/measured_3/batch_006/guides/chm13_wg20_guide_012/command.txt	561	101ccc5ad724261fb687d5dbe7247f48b8a0e541c367e47987760b6c5cfa91aa
batches/timing/columba/measured_3/batch_006/guides/chm13_wg20_guide_012/metrics.tsv	298	54bd63f545855534965aa7088f77135bb3b48eb7e14ae3937372776912c51bad
batches/timing/columba/measured_3/batch_006/guides/chm13_wg20_guide_012/output.paf	336	bb236c9947a7b0a76ffc360a97337540208abbb050e311aa829882eb72ce37bf
batches/timing/columba/measured_3/batch_006/guides/chm13_wg20_guide_012/stderr.txt	4832	228f100c664df5d70ccca0d28983349f3a7548d4260496c41eef5f1e304630d1
batches/timing/columba/measured_3/batch_007/SUCCESS	0	e3b0c44298fc1c149afbf4c8996fb92427ae41e4649b934ca495991b7852b855
batches/timing/columba/measured_3/batch_007/environment.tsv	1193	842c182bfcb691df3c37bb153da347a0502064a9334114beab3ea6d02add4dbd
batches/timing/columba/measured_3/batch_007/guide_ids.csv	42	cb56f17368341fd8b3a1ec8e3b3c481ca9891ca720dd569ed50d31a2f3fd84bd
batches/timing/columba/measured_3/batch_007/guide_order.sha256	312	9934c4cbc5c0bbeaff22200502b9ac6f18b85f6961e8c32a61ae5bf81e0b2f9c
batches/timing/columba/measured_3/batch_007/guide_order.txt	42	f34a98ebdeaeaa81fbd6d411b6b3f1084e391569a27d2b8f3247d9b423d2b598
batches/timing/columba/measured_3/batch_007/guide_results.tsv	576	74d3ab344f429c3db39a9fcb9be530c10461af8484a0f9a7c7a9519cb998999f
batches/timing/columba/measured_3/batch_007/guides/chm13_wg20_guide_013/command.txt	561	c22474502339c44665f91977a0e4b34c08e53324012e4d88eddd76c97702803a
batches/timing/columba/measured_3/batch_007/guides/chm13_wg20_guide_013/metrics.tsv	304	f1461fff519110b60065e8f40efcf4384f90a7e28e5d0e8b91aaf035a77bcca6
batches/timing/columba/measured_3/batch_007/guides/chm13_wg20_guide_013/output.paf	61017	a82aac48019ef1e4a5a2401adce5302d9e38d65f01120aa22215a3b6112b66ec
batches/timing/columba/measured_3/batch_007/guides/chm13_wg20_guide_013/stderr.txt	2949946	08b7b44b77ee4e830135d53e7571ef76f67a31ee439c73e8c0ccc071d8574aa1
batches/timing/columba/measured_3/batch_007/guides/chm13_wg20_guide_014/command.txt	561	01b9c0f71fd12fc8ad1efe3e293716586cf056f7eb73603fc93a425a9f717756
batches/timing/columba/measured_3/batch_007/guides/chm13_wg20_guide_014/metrics.tsv	300	866398e93c42bf83501172d6e7769324c88c2bb86439e1f96c5831431c07512f
batches/timing/columba/measured_3/batch_007/guides/chm13_wg20_guide_014/output.paf	1336	e9f7f204da8ee5bafaa2c55efab05ea2e0bfb1c3b5719181cbddd250c39c0659
batches/timing/columba/measured_3/batch_007/guides/chm13_wg20_guide_014/stderr.txt	19693	324836481727b5aa4cd661aa92c4c5e50e957c2b9069f9fd6678ac61cdda340d
batches/timing/columba/measured_3/batch_008/SUCCESS	0	e3b0c44298fc1c149afbf4c8996fb92427ae41e4649b934ca495991b7852b855
batches/timing/columba/measured_3/batch_008/environment.tsv	1193	bb55e1c0218c9609889164a7112401c6cfaa4a3798f1323bf30dc1c274195d2c
batches/timing/columba/measured_3/batch_008/guide_ids.csv	42	e31de6172f278c1b9e4ff61d1240c42b7e1a23b1f9ac5050d72b37233508d194
batches/timing/columba/measured_3/batch_008/guide_order.sha256	312	92cfa14e477cdc696b09f2f87b1b046ea9927a69e2317472d2297d6c1c07fc0c
batches/timing/columba/measured_3/batch_008/guide_order.txt	42	7d69e8ca53387da95649be82e33d4ef299f4b2cc6e3fab51afa184e3cc5bb5b5
batches/timing/columba/measured_3/batch_008/guide_results.tsv	576	3e5b316add3740147d032018be46649115865ad30c5f47fe88979deb5fa91636
batches/timing/columba/measured_3/batch_008/guides/chm13_wg20_guide_015/command.txt	561	0be5be6cdecce474abc2fa689f721fc3a768153729b73b46a02bd8aa738718a3
batches/timing/columba/measured_3/batch_008/guides/chm13_wg20_guide_015/metrics.tsv	302	06441b77b79a51893bc66206b8edc224cf8c67dbc7865fe67ce1886775cfdf6c
batches/timing/columba/measured_3/batch_008/guides/chm13_wg20_guide_015/output.paf	9625	dd9101d79bcaf27bd74c6fee698bc14663cd76df56b99de113f2a0f126f21b5d
batches/timing/columba/measured_3/batch_008/guides/chm13_wg20_guide_015/stderr.txt	1268137	6d5c31c552ca7a298acaa2d30df62fe8686fe3168243318955da607536ab0190
batches/timing/columba/measured_3/batch_008/guides/chm13_wg20_guide_016/command.txt	561	0510d160b9619834bdcd5971cd482e72a985c0d86c167c0c44721dbe3618cc64
batches/timing/columba/measured_3/batch_008/guides/chm13_wg20_guide_016/metrics.tsv	303	e98030d643dd50f566a6abae200efe6ca41d27db5f3c4e13ba41915941dafe18
batches/timing/columba/measured_3/batch_008/guides/chm13_wg20_guide_016/output.paf	297218	a11bbbe860c732b7fa19b337b70271c4e6c5f939636dea6cfba0d7ca511496b2
batches/timing/columba/measured_3/batch_008/guides/chm13_wg20_guide_016/stderr.txt	115688	006337cab6d2c894a27e5bb561249bfe9104963180a9da7423a7f23ec9734812
batches/timing/columba/measured_3/batch_009/SUCCESS	0	e3b0c44298fc1c149afbf4c8996fb92427ae41e4649b934ca495991b7852b855
batches/timing/columba/measured_3/batch_009/environment.tsv	1193	15512fe6b98fcef97128c8c062e261cb1b9a08cd59e3bfe95d63b045e7c53a5b
batches/timing/columba/measured_3/batch_009/guide_ids.csv	42	49903fb7797cdd923316a1596198af3d395afcadbff8bfb44a9520db90704ff1
batches/timing/columba/measured_3/batch_009/guide_order.sha256	312	d1bdc2f2ff6e4543373505dd0664de622ad9d8c87484498a0dcba3367e395d11
batches/timing/columba/measured_3/batch_009/guide_order.txt	42	3c49da9a819bd6bdd4128eba8395e9c31af3a3353a3fd026c77c6faa1a1ed752
batches/timing/columba/measured_3/batch_009/guide_results.tsv	572	dde7b768b04f3d5b6a34ab958bc37f74526104cb238854b0b5ec7237bdc8592f
batches/timing/columba/measured_3/batch_009/guides/chm13_wg20_guide_017/command.txt	561	c50006f9dcecb3d376dec2e74131c67c443116b80f554ff9ab80affcf57bb0c8
batches/timing/columba/measured_3/batch_009/guides/chm13_wg20_guide_017/metrics.tsv	300	e3dd293d4354ef54a6bc535956773f36a057ea5ced14e0aa4dd053b469b29e86
batches/timing/columba/measured_3/batch_009/guides/chm13_wg20_guide_017/output.paf	4277	4a28e6ee3c36c785164fdf3555b6dab2a2ea71c229208cae37d109582c65fe20
batches/timing/columba/measured_3/batch_009/guides/chm13_wg20_guide_017/stderr.txt	101510	131282c5ac4cd46d75c21649f6593ac21b283303496f90bfc3e896623dca24bd
batches/timing/columba/measured_3/batch_009/guides/chm13_wg20_guide_018/command.txt	561	2da12bb1695d144997b875a8092b520f3bd4b2b645671dfd796e0b717c812efc
batches/timing/columba/measured_3/batch_009/guides/chm13_wg20_guide_018/metrics.tsv	299	3d3ff96d0a18dbbb3ee31e323f982d51d2eaac2cdc02fb7418d4910541c70bb8
batches/timing/columba/measured_3/batch_009/guides/chm13_wg20_guide_018/output.paf	2800	7fb4cd4715f46d8437e5af211392f73f2cfcdb057ebfd405448da3c30645ea6a
batches/timing/columba/measured_3/batch_009/guides/chm13_wg20_guide_018/stderr.txt	96537	3762a1f1ecad924fed9b34473afaace5101a60d1ded923bfffb9bf92b5f60bff
batches/timing/columba/measured_3/batch_010/SUCCESS	0	e3b0c44298fc1c149afbf4c8996fb92427ae41e4649b934ca495991b7852b855
batches/timing/columba/measured_3/batch_010/environment.tsv	1194	b516bac3c444d8cb879990f17fc376c4005da580c500f5b99c068273f4e055d2
batches/timing/columba/measured_3/batch_010/guide_ids.csv	42	20de080a33cbf34ae63fe12ae36504d7f87a5f0659f218d0addfe7d4dbdb70ac
batches/timing/columba/measured_3/batch_010/guide_order.sha256	312	b986961b4f18b573ba5bf2cb8a3c977220aa117ca0fb11deb88a3ff1bda43367
batches/timing/columba/measured_3/batch_010/guide_order.txt	42	45a1b1020996ce624a251303a0eec722015053ca024eb154cd7636d57846d8ce
batches/timing/columba/measured_3/batch_010/guide_results.tsv	573	466464e9783d5b2e2cf6d3b0f8705cf51a81d9bd60239149ce49e786309817b7
batches/timing/columba/measured_3/batch_010/guides/chm13_wg20_guide_019/command.txt	561	17bc387a4aa7c55fe8387056630b7bb04b49bbe2823152fcf3ca35de29322822
batches/timing/columba/measured_3/batch_010/guides/chm13_wg20_guide_019/metrics.tsv	300	4c52d5ace77f97fdb4832dc48576e9b21ba13646b9f22048e5a7e15522df47c5
batches/timing/columba/measured_3/batch_010/guides/chm13_wg20_guide_019/output.paf	7935	b3c2089e7bbf8320573370a7100afd46d0ab028a259a48fed6d0279a5637d36e
batches/timing/columba/measured_3/batch_010/guides/chm13_wg20_guide_019/stderr.txt	257944	bb1f5ea8ea9ebed8a66392a8c1558007642cc85f171eac8a5f9a9dd5080139a8
batches/timing/columba/measured_3/batch_010/guides/chm13_wg20_guide_020/command.txt	561	e06585404f76b316bc57f4de2473897fd029df4dc4a0c732d4b33b75d682ed4d
batches/timing/columba/measured_3/batch_010/guides/chm13_wg20_guide_020/metrics.tsv	301	b79f2fa9aac1d1edbc6a527c955bb8b3204ff559c4a0d11f55e05930db7bbb54
batches/timing/columba/measured_3/batch_010/guides/chm13_wg20_guide_020/output.paf	79354	769149845f1987b9ce77d693139dd4c81c9058b59a2adc62d98ca2ff2ff68e65
batches/timing/columba/measured_3/batch_010/guides/chm13_wg20_guide_020/stderr.txt	199160	4d36dac729e0e0e459972033ac986b013521cb7b16dec0bb9aa28f31b19832bd
